expert_start_step,rollout_step,success,reward,eef_nut_distance,nut_x,nut_y,nut_z,eef_x,eef_y,eef_z,action_dx,action_dy,action_dz,action_rx,action_ry,action_rz,action_gripper,latency_ms
0,1,0,0.0046871290205596,0.21142015915887866,-0.11118988202271442,0.17443745849087805,0.8791905858030117,-0.10613507510876642,0.003443317448151461,1.0034239804877276,0.08824216574430466,0.02512590028345585,-0.09366244077682495,0.011631105095148087,0.07257344573736191,0.01906215026974678,-0.9822865128517151,148.14074600002414
0,2,0,0.002725419791813111,0.23485517339071724,-0.11118989778653014,0.1744374414698096,0.844180573194494,-0.10255943757226263,0.004537293083437535,1.0060953878445518,0.02486635558307171,0.04773177579045296,-0.1625719964504242,0.007364723831415176,0.07778170704841614,0.04057689756155014,-0.9996873736381531,1.5334999999936372
0,3,0,0.0021177644305460873,0.24769370347982858,-0.11118940095769629,0.17443797792353147,0.822069913856788,-0.1024561219047748,0.006253511895872279,1.0037010950111487,0.06114664673805237,0.11806437373161316,-0.24685674905776978,-0.0023912983015179634,0.0821918398141861,0.1300140917301178,-1.0,1.3567630000466124
0,4,0,0.002439241173015805,0.24071583783266967,-0.11118868809038303,0.174438747646014,0.8259305874908329,-0.10210195563387969,0.00860666798828648,1.0001754360033246,0.04281899705529213,0.17945554852485657,-0.29963889718055725,-0.007753509096801281,0.08760780841112137,0.16695716977119446,-1.0,1.3408909999839125
0,5,0,0.0027585581589775867,0.2344780517700882,-0.11118824684447613,0.17443922408375856,0.8280013043790944,-0.10164549026275962,0.011321120175316965,0.9961719817756998,0.037128739058971405,0.1957135945558548,-0.31824448704719543,-0.007078486494719982,0.08074501901865005,0.1937447488307953,-1.0,1.0981529999867234
0,6,0,0.003091246142968507,0.2286105592814758,-0.11118800627716886,0.17443948383765884,0.8290130078949847,-0.10115415425388939,0.014378537677079934,0.9919320158183831,0.02625308744609356,0.2186930924654007,-0.3385852873325348,-0.0060751899145543575,0.07459692656993866,0.22679191827774048,-1.0,1.855938000005608
0,7,0,0.0034600105225734536,0.222738039920678,-0.11118788734141709,0.17443961225920435,0.8295015629903898,-0.10071514058067418,0.017786266217461967,0.9874961362418689,0.015582296997308731,0.2401195466518402,-0.353325754404068,-0.004337579943239689,0.06855729967355728,0.2600393295288086,-1.0,6.499812000015481
0,8,0,0.0038798482977868477,0.21672416911686385,-0.1111878306735364,0.17443967344666655,0.8297412352546087,-0.10036102434601586,0.021499191871118022,0.9829122339442453,0.005483339540660381,0.2586314082145691,-0.3636898994445801,-0.001905523706227541,0.06199292093515396,0.2921312153339386,-1.0,1.9233840000083546
0,9,0,0.004359512417375311,0.2105661934423761,-0.1111878029469082,0.17443970338464893,0.8298602869297064,-0.10008296467346763,0.02542357513008787,0.9782145855116925,-0.0006360932602547109,0.273954302072525,-0.3721916675567627,0.0006659039063379169,0.05474723130464554,0.31690073013305664,-1.0,1.3447990000372556
0,10,0,0.004904326544717519,0.20430968348570414,-0.11118778924528017,0.17443971817905865,0.8299196628974862,-0.09985125896188358,0.029468294385706268,0.9734369654449159,-0.003728331532329321,0.2876233458518982,-0.3764956593513489,0.003267178777605295,0.04687776416540146,0.3334168791770935,-1.0,1.1834400000338974
0,11,0,0.005513705273607028,0.1980572285973174,-0.11118778245256615,0.17443972551352976,0.8299493173882218,-0.09966126799065171,0.03350633613654762,0.968627307793063,-0.007903187535703182,0.29511797428131104,-0.37688639760017395,0.005066761281341314,0.03905103728175163,0.3357539772987366,-1.0,10.757931999989978
0,12,0,0.006189349811951139,0.19185740998442816,-0.11118777908110566,0.17443972915388323,0.8299641359000858,-0.09950123452844674,0.03749818734291506,0.9638286366789948,-0.009667922742664814,0.2988285720348358,-0.374521940946579,0.006932135671377182,0.03290067985653877,0.33606523275375366,-1.0,5.932038000025841
0,13,0,0.006930532750018759,0.18575930397032198,-0.11118777740694742,0.17443973096156495,0.8299715425020737,-0.09936715503437527,0.04139972018213764,0.9590728493508945,-0.010396009311079979,0.2976083755493164,-0.3682980239391327,0.007943181321024895,0.027377979829907417,0.33002969622612,-1.0,1.1919659999648502
0,14,0,0.007735144976969411,0.17980973454537447,-0.11118777657544242,0.17443973185938716,0.8299752448681255,-0.0992621737986044,0.045169582226815684,0.9543880619315602,-0.011519343592226505,0.29251718521118164,-0.3608553409576416,0.008497095666825771,0.02254689671099186,0.32134029269218445,-1.0,4.489238000019213
0,15,0,0.00860095513956155,0.17403008547879725,-0.1111877761624186,0.17443973230535198,0.8299770956771704,-0.09917909902264757,0.0488049374326428,0.9498026382063094,-0.012848676182329655,0.28621435165405273,-0.3516392111778259,0.008810246363282204,0.017167717218399048,0.31221094727516174,-1.0,1.8871290000106455
0,16,0,0.009528098430926113,0.16842000117663822,-0.11118777595725267,0.17443973252688114,0.8299780209175107,-0.09912709846353873,0.052321365213561,0.9453337369417306,-0.015773292630910873,0.2793176472187042,-0.34184837341308594,0.009399996139109135,0.012595674954354763,0.3006927967071533,-1.0,3.788466999992579
0,17,0,0.010518148392040728,0.1629672891600577,-0.11118777585533608,0.17443973263692614,0.8299784834612224,-0.09912879737431464,0.055751059529067004,0.9410006310267774,-0.019311433658003807,0.27264052629470825,-0.3289472758769989,0.010556808672845364,0.008988747373223305,0.28794002532958984,-1.0,1.2287959999639497
0,18,0,0.011571111246740673,0.15767294186854583,-0.11118777580470826,0.17443973269159177,0.829978714696249,-0.0992139017405758,0.059106601817942736,0.9368227686265443,-0.02499009296298027,0.26436981558799744,-0.3150843381881714,0.01203911192715168,0.006563265807926655,0.2724277079105377,-1.0,1.206309999986388
0,19,0,0.012680987280499857,0.1525629539126706,-0.11118777577955845,0.17443973271874735,0.8299788302956973,-0.0993913839562749,0.0623638948280509,0.9328151400681194,-0.030331747606396675,0.253178209066391,-0.30072665214538574,0.013326792977750301,0.004376017488539219,0.25541582703590393,-1.0,2.3591199999941637
0,20,0,0.013841458669982787,0.14765429896719037,-0.11118777576706505,0.17443973273223717,0.8299788880864767,-0.09965467539308019,0.06550341364886521,0.9289822111813193,-0.03408430516719818,0.24057158827781677,-0.2864185571670532,0.014644104056060314,0.002839090069755912,0.23843860626220703,-0.9999999403953552,3.411191000054714
0,21,0,0.015044558380913987,0.14297101153079317,-0.11118777576085884,0.1744397327389383,0.8299789169774155,-0.10000787365338329,0.06848588009667737,0.9253177917204474,-0.04100779816508293,0.2276909202337265,-0.2738186717033386,0.014799432829022408,0.0015479015419259667,0.22149603068828583,-0.9999999403953552,1.036709000004521
0,22,0,0.016282761776090327,0.13852733361518935,-0.11118777575777582,0.17443973274226718,0.8299789314206653,-0.1004537674408193,0.07129008646936683,0.9218198465824874,-0.04735410958528519,0.21484524011611938,-0.26084205508232117,0.014601580798625946,0.0005618444993160665,0.2056587189435959,-0.9999998211860657,1.2276909999968666
0,23,0,0.017550882739903986,0.13431623013053465,-0.1111877757562443,0.17443973274392077,0.8299789386411814,-0.10098393656574146,0.07392776530151927,0.9184892529729627,-0.05342375859618187,0.20195524394512177,-0.24836434423923492,0.014809748157858849,-0.0007049049017950892,0.19021855294704437,-0.9999997019767761,4.845040000020617
0,24,0,0.01884525368057287,0.13032669946767178,-0.11118777575548354,0.17443973274474223,0.8299789422508861,-0.10158874347787311,0.07640646962577871,0.9153158422163659,-0.06171746179461479,0.19044636189937592,-0.2389286607503891,0.015015661716461182,-0.0029140033293515444,0.17333738505840302,-0.9999994039535522,1.2178540000036264
0,25,0,0.02016489135506393,0.126544368365863,-0.11118777575510563,0.17443973274515032,0.8299789440554616,-0.10225872367247181,0.07872619341761741,0.9122751625798728,-0.06951697915792465,0.17821989953517914,-0.23225151002407074,0.015261217020452023,-0.005640013143420219,0.1573498398065567,-0.9999988675117493,1.5659010000490525
0,26,0,0.021516935017295402,0.12293639699295897,-0.11118777575491791,0.174439732745353,0.8299789449576109,-0.1029928974754138,0.0809045813319561,0.9093349600142369,-0.07642992585897446,0.1674855351448059,-0.2274595946073532,0.015654971823096275,-0.008170395158231258,0.1444220244884491,-0.9999979734420776,0.9368190000031973
0,27,0,0.022899187505765486,0.11950068289617198,-0.11118777575482464,0.17443973274545369,0.8299789454086162,-0.10378412120977976,0.08293026657503658,0.9064748061674466,-0.0824320986866951,0.15798677504062653,-0.22315292060375214,0.0151005694642663,-0.010703076608479023,0.13230599462985992,-0.9999963045120239,0.8186749999481435
0,28,0,0.024308168804151986,0.11623268120457432,-0.1111877757547783,0.1744397327455037,0.8299789456340845,-0.10461084791297845,0.08480234163950759,0.9036804945722082,-0.08399532735347748,0.15052033960819244,-0.21912626922130585,0.014243317767977715,-0.012735784985125065,0.12108910083770752,-0.9999935030937195,0.6466030000069622
0,29,0,0.02574431483446048,0.1131126946590988,-0.11118777575475527,0.17443973274552854,0.8299789457468013,-0.1054498975181347,0.08653733474198437,0.9009347550340665,-0.0827590748667717,0.14321227371692657,-0.21571508049964905,0.013255051337182522,-0.014253745786845684,0.11151407659053802,-0.9999886751174927,0.7686790000320798
0,30,0,0.02720619919545554,0.11012761812498918,-0.11118777575474385,0.17443973274554084,0.829978945803151,-0.10628419909223655,0.08814807727733681,0.8982270036975346,-0.08102186024188995,0.136129230260849,-0.21264976263046265,0.012262551113963127,-0.01576581411063671,0.10259830951690674,-0.9999805092811584,1.1864190000210328
0,31,0,0.028691934245323427,0.10726831786054285,-0.11118777575473819,0.17443973274554697,0.8299789458313216,-0.1071040324086301,0.08964560678457506,0.8955515869206387,-0.0792030543088913,0.1297062188386917,-0.21015776693820953,0.01122416090220213,-0.01719263195991516,0.0941695049405098,-0.9999665021896362,0.6870209999760846
0,32,0,0.030199483461293142,0.10452728807121017,-0.11118777575473536,0.17443973274555002,0.8299789458454045,-0.10790444652462403,0.09104058106434527,0.8929055316382462,-0.07723454385995865,0.12360186129808426,-0.20764178037643433,0.01021524891257286,-0.01846947893500328,0.08609852939844131,-0.9999423623085022,0.7399419999956081
0,33,0,0.031723850099286924,0.10190163385732204,-0.11118777575473396,0.1744397327455516,0.829978945852445,-0.10868176428249235,0.09234421930124102,0.8902946947212748,-0.07323156297206879,0.117255799472332,-0.20332655310630798,0.009147142060101032,-0.01903216540813446,0.07849235832691193,-0.9999014139175415,1.069217999997818
0,34,0,0.03326512178273363,0.09937057364517846,-0.11118777575473325,0.1744397327455523,0.8299789458559649,-0.10943040296100981,0.09358962409469232,0.8877256555334855,-0.07065431773662567,0.11215564608573914,-0.20066876709461212,0.008236544206738472,-0.020165950059890747,0.07234733551740646,-0.9998367428779602,0.9532669999998689
0,35,0,0.0348146242380438,0.0969396518829649,-0.1111877757547329,0.1744397327455527,0.8299789458577245,-0.11013668188856027,0.09476676685774087,0.8851913522127683,-0.0689682886004448,0.10820668935775757,-0.19939914345741272,0.007306305691599846,-0.021892443299293518,0.06669140607118607,-0.9997346997261047,0.9343199999989338
0,36,0,0.03637126277299936,0.09460228156037725,-0.11118777575473274,0.1744397327455527,0.829978945858604,-0.11079976082756496,0.09587972445921505,0.8826834638707797,-0.0678655207157135,0.1048179492354393,-0.19846883416175842,0.006382163148373365,-0.023615363985300064,0.06177656352519989,-0.9995740056037903,0.8544180000171764
0,37,0,0.03794261930182555,0.09234221191326124,-0.11118777575473274,0.1744397327455527,0.8299789458590436,-0.11143070399703636,0.09694148222144235,0.8801889672950575,-0.06668924540281296,0.10214027017354965,-0.19844071567058563,0.005649767816066742,-0.02471938729286194,0.05656872317194939,-0.9993157386779785,0.7858820000024025
0,38,0,0.039528463318858786,0.09015569119911471,-0.11118777575473274,0.1744397327455527,0.8299789458592636,-0.11203197587129708,0.0979529036525591,0.8776979248618838,-0.06522427499294281,0.09988947212696075,-0.19842100143432617,0.005003080237656832,-0.025692284107208252,0.05163819342851639,-0.9988974928855896,0.7230800000002091
0,39,0,0.04112029418210229,0.08805100939670325,-0.11118777575473274,0.1744397327455527,0.8299789458593736,-0.11259989237215162,0.09890702855105386,0.8752094309275604,-0.0638468787074089,0.09764576703310013,-0.19830209016799927,0.00426589185371995,-0.026678919792175293,0.04685596749186516,-0.9982156157493591,0.8120119999830422
0,40,0,0.04271286193954587,0.08602928529800966,-0.11118777575473274,0.1744397327455527,0.8299789458594284,-0.11313320758438788,0.0998052531839506,0.8727217544294242,-0.06219301000237465,0.0954681932926178,-0.19863949716091156,0.003433635924011469,-0.027482416480779648,0.04202892631292343,-0.9971002340316772,0.6549130000053083
0,41,0,0.04431034898596964,0.08407568394355673,-0.11118777575473274,0.1744397327455527,0.8299789458594559,-0.11363360268619886,0.10066343313249967,0.8702256373583007,-0.060175083577632904,0.09397802501916885,-0.19988061487674713,0.0028412274550646544,-0.02804807387292385,0.0377332903444767,-0.9952753782272339,0.7145519999767203
0,42,0,0.04591285109044523,0.08218202338092466,-0.11118777575473274,0.1744397327455527,0.8299789458594696,-0.11410117232769176,0.1014902556372502,0.8677118343921114,-0.057823870331048965,0.09322143346071243,-0.20132482051849365,0.0019979162607342005,-0.02825329452753067,0.033669210970401764,-0.9922569990158081,0.6762979999734853
0,43,0,0.04751340967925373,0.08035008331065462,-0.11118777575473274,0.1744397327455527,0.8299789458594764,-0.11453231708786549,0.10228607025579717,0.8651755212697994,-0.05506093055009842,0.09357420355081558,-0.20285141468048096,0.0007994936895556748,-0.02811223641037941,0.02950873039662838,-0.9871572256088257,0.6802890000017214
0,44,0,0.04909630490688871,0.0785789634661032,-0.11118777575473274,0.1744397327455527,0.8299789458594797,-0.11490493754525864,0.10305417514005286,0.8626123393848565,-0.05111212655901909,0.09541032463312149,-0.20570586621761322,-0.000672159600071609,-0.028538778424263,0.025711072608828545,-0.9783647060394287,1.244880000001558
0,45,0,0.05064133644399467,0.07686496021607468,-0.11118777575473274,0.1744397327455527,0.8299789458594815,-0.11519131874627364,0.10380129883392451,0.8600190092256957,-0.045523807406425476,0.09771828353404999,-0.20838813483715057,-0.0022710056509822607,-0.029188664630055428,0.022108502686023712,-0.9630388021469116,0.8307280000394712
0,46,0,0.05211347494901625,0.07521714502386315,-0.11118777575473274,0.1744397327455527,0.8299789458594815,-0.11536266727718228,0.10452638598542423,0.8574072730252909,-0.038215748965740204,0.10063504427671432,-0.20932264626026154,-0.004455374088138342,-0.03031809628009796,0.01990661770105362,-0.9373127222061157,0.9015960000056111
0,47,0,0.0534756916618403,0.07363750807143132,-0.11118777575473274,0.1744397327455527,0.8299789458594815,-0.11538883961948981,0.10523718468464154,0.8547950897833797,-0.02807598188519478,0.10386466979980469,-0.20897692441940308,-0.0066985213197767735,-0.03185920789837837,0.018740329891443253,-0.8914157152175903,0.9116569999605417
0,48,0,0.054698605785205995,0.0721182459812674,-0.11118777575473274,0.1744397327455527,0.8299789458594815,-0.11524522534193148,0.10594534463996963,0.852184740245265,-0.017530452460050583,0.10800743103027344,-0.2100849449634552,-0.009019873104989529,-0.03391021117568016,0.017339544370770454,-0.8095240592956543,0.8224430000041139
0,49,0,0.055765508797499634,0.07064618592637853,-0.11118777575473274,0.1744397327455527,0.8299789458594815,-0.11492421975073917,0.10666557830629513,0.8495643118824288,-0.007289403583854437,0.11246134340763092,-0.212406724691391,-0.011260216124355793,-0.0360233448445797,0.01640329882502556,-0.6701999306678772,1.0724680000180342
0,50,0,0.0565415535585602,0.06931507771763266,-0.11120051980977697,0.1744208004665434,0.8298910753653859,-0.11445181626098606,0.10730168138380747,0.846892043689141,-0.0008374897879548371,0.11507482081651688,-0.22467604279518127,-0.013917316682636738,-0.03935210406780243,0.016366468742489815,-0.4475882053375244,0.9994050000159405
0,51,0,0.0570169532066088,0.068388854301519,-0.1112316995653192,0.17441835009143863,0.8296554637260948,-0.1140054880066382,0.10764527162163237,0.8441708859391168,0.011052546091377735,0.11942887306213379,-0.23152297735214233,-0.016184765845537186,-0.043273620307445526,0.014465105719864368,-0.16811808943748474,1.0465380000255209
0,52,0,0.05743260734428377,0.06778743436420877,-0.11124904211260588,0.17442457472510686,0.829299632050061,-0.11378785259868762,0.10778434673737132,0.8414557298096342,0.033285632729530334,0.12529170513153076,-0.22770507633686066,-0.018646221607923508,-0.047138746827840805,0.011204838752746582,0.12754899263381958,1.0383279999928163
0,53,0,0.05762884528716841,0.06746279957057147,-0.11131850552615088,0.1743569358955317,0.8289068515085704,-0.1137877788096264,0.10771793408693305,0.8391232820645032,0.06951482594013214,0.1306869387626648,-0.2120472937822342,-0.021795447915792465,-0.050451405346393585,0.006943348795175552,0.4939831793308258,0.9318510000184688
0,54,0,0.05766846206503902,0.0672700780958321,-0.11139040274299915,0.17427988983693446,0.8286533759687024,-0.11375729567925248,0.10762348085891087,0.837404625422473,0.1314374804496765,0.1372140645980835,-0.1704893261194229,-0.026251140981912613,-0.05458833649754524,-0.00404459098353982,0.767218828201294,0.7882109999854947
0,55,0,0.05765083953781465,0.06712775674699507,-0.11142154748030934,0.17423327721822643,0.8284882736971794,-0.11365779382591276,0.10759676669446482,0.8362799611512631,0.20538458228111267,0.14200691878795624,-0.11303938180208206,-0.031057143583893776,-0.057697441428899765,-0.015167869627475739,0.9116946458816528,0.8686850000003687
0,56,0,0.057588608989617956,0.06702959009476116,-0.11139613183880079,0.17424327915754925,0.8283129640663258,-0.11347989304319496,0.10766035226248752,0.8357518976996922,0.2777222692966461,0.14584453403949738,-0.04856041073799133,-0.03477132320404053,-0.05837647244334221,-0.01972068101167679,0.9696621894836426,0.8328830000436938
0,57,0,0.057479800614321036,0.06697317905349202,-0.1113143370664647,0.1743110507154302,0.8282053109507739,-0.11321822038214575,0.10779821490751823,0.835809560660056,0.34346261620521545,0.14330334961414337,0.021003028377890587,-0.03653834015130997,-0.05667627602815628,-0.021826190873980522,0.9899353384971619,0.8227380000107587
0,58,0,0.057343516667091615,0.06694167655928199,-0.11119292683174879,0.17440107859839232,0.8283654100836544,-0.11291296242147456,0.10795830431086437,0.8363395735579139,0.4009479284286499,0.13669228553771973,0.086713507771492,-0.03753234073519707,-0.05357145145535469,-0.02167350985109806,0.9967142343521118,0.9371989999635844
0,59,0,0.057233130592946505,0.06691273406123224,-0.11076917752400872,0.17458340976728146,0.8288888213007881,-0.11234768387798039,0.10823526769141252,0.8374179678184633,0.46171337366104126,0.12782913446426392,0.16210727393627167,-0.0369492806494236,-0.04830797389149666,-0.02011316455900669,0.9989827871322632,1.350037000008797
0,60,0,0.05724384222440702,0.06683121268331699,-0.10956396092597918,0.1749338476670466,0.8300060496254471,-0.11114874789081268,0.10876267404182499,0.8392405079235619,0.5229570269584656,0.11356725543737411,0.2435281127691269,-0.03619140014052391,-0.04168934002518654,-0.017499295994639397,0.9997065663337708,0.8916609999687353
0,61,0,0.05780613872776799,0.06638311076487086,-0.1069405153913425,0.17533822168567834,0.8318257350283683,-0.10910737876372625,0.10976996994864774,0.8419660733903718,0.5898799300193787,0.09551844000816345,0.3363748788833618,-0.03531934693455696,-0.03303983062505722,-0.014613932929933071,0.9999251961708069,1.1034510000058617
0,62,0,0.05975336228058369,0.06500437365971524,-0.10188713852561779,0.17520862022982553,0.8347136858579851,-0.10603395095615174,0.1112860496387084,0.8457716020532499,0.6660555005073547,0.06766412407159805,0.4479486346244812,-0.03224239870905876,-0.019952017813920975,-0.01071570347994566,0.9999851584434509,1.0069950000115568
0,63,0,0.3533364091057519,0.06303655287057308,-0.09408503473206302,0.17456151183234736,0.83949984224439,-0.1012572427875019,0.1129628075767866,0.8508032073827023,0.7493761777877808,0.02543196640908718,0.5742086172103882,-0.026168351992964745,-0.0010857093147933483,-0.006456197705119848,0.999997615814209,0.815386999988732
0,64,0,0.3539799073586766,0.061652823803637576,-0.08602061313288004,0.17454287140787741,0.8455172838660263,-0.09559671217583662,0.11471597794104649,0.8569239410534029,0.8179493546485901,-0.02205345407128334,0.6792207956314087,-0.01992449350655079,0.01786469854414463,-0.0020669668447226286,0.9999993443489075,1.1400549999507348
0,65,0,0.35485428946026365,0.06063307034405281,-0.07814966780502293,0.17495915540840892,0.8524721937745969,-0.08968739231950439,0.11655358339051557,0.8639630288024556,0.8643404245376587,-0.06608857959508896,0.7516201734542847,-0.014510596171021461,0.035461485385894775,0.005527024623006582,0.9999997615814209,0.8527030000209379
0,66,0,0.3560123655634406,0.059903925394438826,-0.07054817077278937,0.1756694333910097,0.8600846599937131,-0.0836272862273856,0.11837035473046217,0.8716705393837387,0.8956127762794495,-0.10680996626615524,0.7989877462387085,-0.010415924713015556,0.05363436043262482,0.015120616182684898,0.9999998807907104,0.8712669999795253
0,67,0,0.35745083143767037,0.05947135872444816,-0.06313904453770916,0.1765622217728494,0.8677785714076894,-0.077458854754993,0.12010844084885844,0.8798100369567822,0.9180523753166199,-0.1442824900150299,0.8290915489196777,-0.006893791723996401,0.07146666198968887,0.02701486647129059,0.9999999403953552,0.8618609999757609
0,68,0,0.06931506334423863,0.05930375286069539,-0.05497530328031904,0.17701002515898676,0.8746358824927155,-0.07107720158200719,0.12157738154280086,0.8882331614913039,0.9328078627586365,-0.18064428865909576,0.8429017066955566,-0.0061239637434482574,0.08419567346572876,0.027471255511045456,1.0,1.0656320000066444
0,69,0,0.061944013826438986,0.06876094135945517,-0.03792551962734871,0.18160002753579194,0.8733861855191263,-0.06432190938163153,0.12260691207921581,0.896861917527,0.9434175491333008,-0.21030709147453308,0.8457673788070679,-0.0054437085054814816,0.09185175597667694,0.02424289472401142,1.0,1.1206770000171673
0,70,0,0.03701380865711645,0.0933389794832218,-0.020056614440835938,0.18669322961936585,0.8473193077038362,-0.057302046603946215,0.12342606080530863,0.9049579078274169,0.915239155292511,-0.11843599379062653,0.7356540560722351,0.002405335195362568,0.11574333906173706,-0.07550369948148727,0.999998152256012,0.9827970000060304
0,71,0,0.030020294920472146,0.11494482405720279,-0.011443977595505894,0.18935584254633286,0.8253706971964775,-0.05036048502196991,0.12420535070485393,0.9117027969049907,0.7839965224266052,-0.21315833926200867,0.5364786386489868,0.02187541499733925,0.10910801589488983,-0.04333765059709549,0.953123152256012,0.7245459999580817
0,72,0,0.027328938033434048,0.11603788846888483,-0.011653988427396218,0.18930363525052768,0.8275216537807351,-0.04382046377413387,0.12360789444196026,0.9176003919140959,0.3978174924850464,-0.14859779179096222,0.3701026439666748,0.0020399843342602253,0.050697457045316696,-0.0801539197564125,-0.8772223591804504,1.1212869999894792
0,73,0,0.024415453720997883,0.11889929712494755,-0.011851787367973236,0.18924716684306986,0.8287899027320695,-0.03743983696925944,0.12201076815876971,0.9234554258456853,0.46623679995536804,-0.1345161497592926,0.4100351631641388,-0.0009202321525663137,0.05483826622366905,-0.08148910105228424,-0.8490883708000183,1.2521529999958148
0,74,0,0.021588055036353884,0.12292681695845775,-0.011954955633342689,0.1892176065763863,0.8293968601631059,-0.03098750668859377,0.12018198576436986,0.9293110602898492,0.47426727414131165,-0.12395279854536057,0.4132815897464752,-0.0012722446117550135,0.05706649646162987,-0.07802196592092514,-0.9318450689315796,1.0155879999729223
0,75,0,0.019032309079630938,0.12754377450124618,-0.01200546255168277,0.18920320609749902,0.8296897538191323,-0.024740895091152515,0.1183393628920039,0.9349681414312361,0.43924590945243835,-0.11158762872219086,0.3856221139431,0.0005273557617329061,0.05665578320622444,-0.07069525867700577,-0.9862096309661865,1.016399000036472
0,76,0,0.016796611503332826,0.1323992293072055,-0.012029671234067509,0.18919637680591017,0.829834655570492,-0.018820918174958443,0.116609045841509,0.940353949223656,0.4015255868434906,-0.0931662917137146,0.3601410686969757,0.002245799172669649,0.05412738397717476,-0.060330480337142944,-0.9980551600456238,0.7755029999998442
0,77,0,0.014872904088906791,0.13728413138609794,-0.012041619044739531,0.18919298763223127,0.8299066817294659,-0.01325751672484701,0.11506304606542878,0.945449773632744,0.3645547032356262,-0.07572144269943237,0.3314454257488251,0.002315633464604616,0.050431907176971436,-0.04088439419865608,-0.9997650980949402,1.0121880000042438
0,78,0,0.013267789574518697,0.1419517524585785,-0.012047319425360086,0.18919143607731528,0.8299428591205078,-0.00815322939533731,0.11380345665546218,0.9501584514851835,0.3254885971546173,-0.0557357594370842,0.29842516779899597,0.0015714118489995599,0.05068768188357353,-0.012039517052471638,-0.9999725222587585,1.0884700000133307
0,79,0,0.011968864070861451,0.14617295507129233,-0.012050134312044335,0.18919066906461832,0.8299609265705198,-0.003586305916710192,0.112929919713031,0.9543763376396585,0.28424134850502014,-0.03437818959355354,0.25837165117263794,0.00219303579069674,0.051311857998371124,0.01817801035940647,-0.9999966621398926,0.7824439999808419
0,80,0,0.010940929477396878,0.1498156183308133,-0.0120515311931454,0.18919028559123688,0.8299699469553987,0.00046461351357138334,0.11243429793052928,0.9580190936755302,0.2459266483783722,-0.011994684115052223,0.21069377660751343,0.002543204464018345,0.050785623490810394,0.044303879141807556,-0.9999995827674866,0.8907960000215098
0,81,0,0.010142394818617274,0.15281261925549056,-0.012052224321760969,0.18919009389906538,0.8299744514557191,0.004048704953543774,0.11230741644052888,0.9610527127617107,0.21463726460933685,0.014313231222331524,0.16502803564071655,0.002206286648288369,0.05054159089922905,0.07298757880926132,-0.9999999403953552,0.796315999991748
0,82,0,0.009539798105423393,0.15510295157979953,-0.012052568215547519,0.189189998093721,0.8299767010977327,0.00719607622622334,0.11260603011402821,0.9634731846634256,0.18097269535064697,0.04425167664885521,0.11986043304204941,0.004632824566215277,0.048458389937877655,0.0975179523229599,-1.0,1.051882000012938
0,83,0,0.009086482834474519,0.15677305734495792,-0.012052738828621925,0.18918995021745338,0.8299778246748923,0.00997029916472469,0.1132545560564517,0.9653535729477731,0.1604340821504593,0.06290215253829956,0.08934499323368073,0.007292869500815868,0.04766720533370972,0.11083591729402542,-1.0,0.9146280000322804
0,84,0,0.008735534319714367,0.15800407608795783,-0.012052823471353735,0.18918992629466835,0.8299783858578628,0.01244062016775889,0.11409640531161223,0.9668225394979584,0.14457973837852478,0.07253674417734146,0.06976978480815887,0.008402097038924694,0.047230761498212814,0.11921045184135437,-1.0,0.8334949999948549
0,85,0,0.008454385263584874,0.15893870995417916,-0.012052865462969901,0.18918991434179752,0.8299786661513668,0.01465811752864854,0.1150310332222721,0.9679949596120313,0.13117854297161102,0.0782100111246109,0.05568182095885277,0.00883524864912033,0.04631410166621208,0.12401742488145828,-1.0,0.9071700000049532
0,86,0,0.008222059232062729,0.15966614984506092,-0.012052886295124956,0.18918990836998711,0.8299788061507218,0.01666768580738034,0.11602066832147777,0.9689560361388528,0.11986434459686279,0.08218536525964737,0.045944321900606155,0.00927041657269001,0.0447118915617466,0.12647970020771027,-1.0,0.8986450000065815
0,87,0,0.008025538087176487,0.16023971184361724,-0.012052896630020151,0.18918990538656033,0.8299788760772943,0.01850425161046699,0.11705450461763775,0.9697626730604972,0.10990913957357407,0.08465876430273056,0.03805423527956009,0.00977084506303072,0.042501483112573624,0.1282995641231537,-1.0,0.8235589999685544
0,88,0,0.007858042292287848,0.1606831541696354,-0.012052901757205426,0.18918990389616444,0.8299789110042735,0.02018770010869569,0.11813239502109767,0.9704440314352797,0.1009102314710617,0.08671683818101883,0.03119630739092827,0.010318941436707973,0.04025781899690628,0.13054247200489044,-1.0,0.9330419999855621
0,89,0,0.007716896050655975,0.16099841628350497,-0.012052904300832251,0.1891899031516629,0.82997892844972,0.021724951383744036,0.11926416114577702,0.9710106167898763,0.09213390946388245,0.08934734761714935,0.024296710267663002,0.010935459285974503,0.03820733353495598,0.13412396609783173,-1.0,0.8105179999802203
0,90,0,0.007599747444586258,0.16118919982236934,-0.012052905562745289,0.18918990277977854,0.8299789371634735,0.023124816735561896,0.12044747665322368,0.971467328360469,0.08389976620674133,0.09157280623912811,0.01750335469841957,0.01142922043800354,0.03613908588886261,0.13775482773780823,-1.0,0.8711220000350295
0,91,0,0.007506690398367189,0.161516661774011,-0.012052906188792666,0.18918990259402854,0.8299789415158901,0.023959041686486313,0.12097496219710711,0.9718855782440323,-0.031018637120723724,0.03180239722132683,0.010720348916947842,0.011398627422749996,0.04010379686951637,0.030509354546666145,-1.0,0.7657140000105755
0,92,0,0.007427612786579452,0.161945388641042,-0.012052906499382164,0.18918990250125403,0.8299789436898806,0.024284800845757654,0.12119622579788794,0.9723964280636583,-0.03920416906476021,0.03254716470837593,0.009613705798983574,0.010886614210903645,0.0387517511844635,0.029101600870490074,-1.0,1.0403480000036325
0,93,0,0.007370664641868596,0.16226243711290053,-0.012052906653469923,0.18918990245491907,0.8299789447757729,0.024362318679255462,0.12150078504517312,0.9728817552662404,-0.04607785865664482,0.03322714939713478,0.007011484820395708,0.010234174318611622,0.03722099959850311,0.028071120381355286,-1.0,0.7820280000032653
0,94,0,0.007337979220497038,0.16244235866574522,-0.012052906729915321,0.18918990243177886,0.8299789453181707,0.02424228385340079,0.12185581392543841,0.9732838634278842,-0.05160054191946983,0.033047884702682495,0.004515341483056545,0.009592834860086441,0.03577699139714241,0.027111634612083435,-1.0,0.8227390000001833
0,95,0,0.007326295795482752,0.16250287314719009,-0.012052906767841265,0.18918990242022288,0.8299789455890968,0.023961854445956266,0.12223610353046711,0.9736010524182164,-0.05609232932329178,0.032384756952524185,0.002364157699048519,0.008976459503173828,0.03434267267584801,0.025823405012488365,-1.0,0.6551179999974011
0,96,0,0.007331930240366269,0.16246672964104336,-0.012052906786657089,0.1891899024144522,0.8299789457244241,0.02355007622388864,0.12262585828742865,0.9738437915710114,-0.059836920350790024,0.03134508803486824,0.0004472171131055802,0.008397454395890236,0.032942526042461395,0.024379216134548187,-1.0,0.7724180000536762
0,97,0,0.0073520313115156945,0.16235128600271398,-0.01205290679599204,0.18918990241157066,0.8299789457920204,0.02303068161565676,0.12301690536048766,0.9740213574358637,-0.0626218318939209,0.03041212260723114,-0.001448671449907124,0.007828026078641415,0.03161114826798439,0.02306484989821911,-1.0,0.7907620000082716
0,98,0,0.0073850505407762395,0.16216547748384025,-0.012052906800623337,0.18918990241013187,0.829978945825785,0.02242409084936795,0.12340443152486902,0.9741359801356259,-0.06490328162908554,0.02936984971165657,-0.003217252204194665,0.007287120912224054,0.03028023988008499,0.02170417830348015,-1.0,0.7683059999976649
0,99,0,0.007429977804084065,0.161913515583171,-0.012052906802921043,0.18918990240941347,0.8299789458426505,0.021749575238152897,0.12378442734252725,0.9741854039769503,-0.0667857900261879,0.028151147067546844,-0.004830982070416212,0.0067793396301567554,0.028967469930648804,0.020287884399294853,-1.0,0.801813000009588
0,100,0,0.0074833939869105364,0.1616200622118663,-0.012052906804061,0.18918990240905476,0.8299789458510753,0.021020961989870777,0.12414746748809066,0.9741893663203378,-0.06829720735549927,0.026725921779870987,-0.006209200713783503,0.006314586848020554,0.02768724039196968,0.018835406750440598,-1.0,0.8267669999781901
0,101,0,0.007543408476183899,0.16129888138867646,-0.01205290680462657,0.1891899024088757,0.8299789458552835,0.020247958036181797,0.12448882968310214,0.9741585368378782,-0.06942711025476456,0.02503974922001362,-0.007329096086323261,0.0058991010300815105,0.026461083441972733,0.017451656982302666,-1.0,0.9651849999841033
0,102,0,0.007606926540039094,0.16096509326868982,-0.012052906804907164,0.18918990240878636,0.8299789458573853,0.01945419169354389,0.12481261728425942,0.9741060743072447,-0.07037275284528732,0.023600270971655846,-0.008414012379944324,0.005518313497304916,0.025262348353862762,0.016294382512569427,-1.0,1.0684439999977258
0,103,0,0.007672398640308321,0.1606265091374671,-0.012052906805046377,0.18918990240874176,0.8299789458584352,0.018654919839141807,0.12512362199778065,0.9740394072445608,-0.07119721174240112,0.022500868886709213,-0.009571217000484467,0.005178573075681925,0.02408779039978981,0.01534376572817564,-1.0,0.8412309999812351
0,104,0,0.007740264304376488,0.16028096197868064,-0.012052906805115443,0.1891899024087195,0.8299789458589597,0.017846766072850604,0.12542308441081548,0.9739573791641741,-0.07190169394016266,0.021364714950323105,-0.010660875588655472,0.004887698218226433,0.022976242005825043,0.014427830465137959,-1.0,0.8802799999898525
0,105,0,0.0078107821446162466,0.15992766348247733,-0.012052906805149711,0.18918990240870834,0.8299789458592217,0.01702780090207607,0.1257102211406029,0.9738591045063095,-0.07250098884105682,0.01999017223715782,-0.011779793538153172,0.004639395046979189,0.021922213956713676,0.013722195290029049,-1.0,0.946080999995047
0,106,0,0.007883910894140067,0.15956760645747126,-0.012052906805166711,0.18918990240870276,0.8299789458593527,0.016198795290965146,0.12598303117079776,0.973744566880349,-0.07297323644161224,0.018523797392845154,-0.012842388823628426,0.004397479351609945,0.02090570703148842,0.013067473657429218,-1.0,0.7160559999874749
0,107,0,0.007959519615329558,0.15920237679345967,-0.012052906805175146,0.1891899024087,0.8299789458594181,0.015361091975292495,0.12623913089888755,0.9736141428477281,-0.07332057505846024,0.016974516212940216,-0.0138596436008811,0.004149904008954763,0.019922733306884766,0.012416592799127102,-1.0,0.9685780000268096
0,108,0,0.00803771118694383,0.1588320072339699,-0.012052906805179332,0.1891899024086986,0.8299789458594508,0.014514445986025849,0.12647804039424201,0.9734676375752764,-0.0736948624253273,0.015529009513556957,-0.01487438753247261,0.00391379976645112,0.019040217623114586,0.011887895874679089,-1.0,0.8978940000474722
0,109,0,0.008118449295637075,0.158457038998553,-0.012052906805181413,0.1891899024086979,0.829978945859467,0.013659267666117483,0.12669961747471029,0.9733054318312352,-0.07398305088281631,0.014070483855903149,-0.01582770049571991,0.0036876853555440903,0.018178917467594147,0.011379347182810307,-1.0,0.8932759999993323
0,110,0,0.008201699059419953,0.1580780115859155,-0.012052906805182447,0.18918990240869757,0.8299789458594752,0.012796564142921643,0.1269036621342835,0.973127769861051,-0.07424967736005783,0.01266209315508604,-0.016842668876051903,0.0034580037463456392,0.017329402267932892,0.010980812832713127,-1.0,0.7995909999749529
0,111,0,0.00828740140342843,0.15769548060719352,-0.012052906805182957,0.18918990240869757,0.8299789458594791,0.01192745169921527,0.12709000112655486,0.9729349155518372,-0.07441943138837814,0.011250235140323639,-0.017791567370295525,0.0032406856771558523,0.016499873250722885,0.010568032041192055,-1.0,0.771423000003324
0,112,0,0.008375409334977579,0.1573105131217708,-0.01205290680518321,0.18918990240869757,0.8299789458594815,0.011053213876806871,0.12725849139159207,0.9727276938578246,-0.07449446618556976,0.009834393858909607,-0.018666720017790794,0.0030359383672475815,0.015689704567193985,0.010143106803297997,-1.0,0.7521009999891248
0,113,0,0.00846555901752959,0.1569242239126038,-0.012052906805183335,0.18918990240869757,0.8299789458594815,0.01017508710439627,0.1274091095323009,0.9725070552586189,-0.07447836548089981,0.00841919519007206,-0.01947133056819439,0.00284328474663198,0.014899063855409622,0.009707675315439701,-1.0,0.870528000007198
0,114,0,0.008557661585404297,0.15653739099815003,-0.012052906805183396,0.18918990240869757,0.8299789458594815,0.009294709176538333,0.12754317067048956,0.9722741128132543,-0.07429186999797821,0.007183633279055357,-0.020178353413939476,0.0026942724362015724,0.014123073779046535,0.009228314273059368,-1.0,0.9037390000230516
0,115,0,0.008651550287164467,0.15615075932859507,-0.01205290680518344,0.18918990240869757,0.8299789458594815,0.00841347371137188,0.12766163209612777,0.9720298482142069,-0.07402918487787247,0.005949058104306459,-0.0208190456032753,0.0025561675429344177,0.013368165120482445,0.008739438839256763,-1.0,0.9330729999987852
0,116,0,0.00874711960170489,0.15576524557360746,-0.01205290680518344,0.18918990240869757,0.8299789458594815,0.007531678909866177,0.12776417417442393,0.9717750517364246,-0.07384708523750305,0.004613076336681843,-0.021430348977446556,0.0024241069331765175,0.012636355124413967,0.008273103274405003,-1.0,0.8194629999707104
0,117,0,0.008844457228473856,0.15538071711677712,-0.01205290680518344,0.18918990240869757,0.8299789458594815,0.00664938190506335,0.12785045320430952,0.9715093794065628,-0.07363226264715195,0.003230031579732895,-0.022184869274497032,0.002303031040355563,0.011935917660593987,0.007885996252298355,-1.0,0.8111799999710456
0,118,0,0.008943593044373444,0.15499705871985814,-0.01205290680518344,0.18918990240869757,0.8299789458594815,0.005767289954275336,0.12792030241172986,0.9712324941882683,-0.07333798706531525,0.0018645913805812597,-0.022876186296343803,0.0021917542908340693,0.01125529408454895,0.007487034425139427,-1.0,0.6973889999812855
0,119,0,0.009044408797327841,0.15461494987488728,-0.01205290680518344,0.18918990240869757,0.8299789458594815,0.004886378763673729,0.1279737527963863,0.9709449926788264,-0.07296814024448395,0.0005193502292968333,-0.02350482903420925,0.00208997237496078,0.01059394609183073,0.007077139802277088,-1.0,2.200254000001678
0,120,0,0.009146744046289013,0.15423562475425756,-0.01205290680518344,0.18918990240869757,0.8299789458594815,0.004006220694617724,0.12801072038867745,0.9706482035337954,-0.07251466810703278,-0.0007917319308035076,-0.024072395637631416,0.00200071488507092,0.009949082508683205,0.006667332723736763,-1.0,1.261242999987644
0,121,0,0.009249460740084703,0.15386509081580788,-0.01205290680518344,0.18918990240869757,0.8299789458594815,0.003127807144776321,0.12803090722686142,0.9703484204758469,-0.07196846604347229,-0.0020840137731283903,-0.02461695484817028,0.0019155130721628666,0.009310279041528702,0.006259927526116371,-1.0,1.3456570000016654
0,122,0,0.009351399513410163,0.15350735744225863,-0.01205290680518344,0.18918990240869757,0.8299789458594815,0.0022605928160781517,0.1280356015438226,0.9700495851927331,-0.07140719145536423,-0.003434495534747839,-0.02516806498169899,0.0018351718317717314,0.008678052574396133,0.005858132615685463,-1.0,1.0002760000134003
0,123,0,0.009452629062557484,0.1531612655905252,-0.01205290680518344,0.18918990240869757,0.8299789458594815,0.0014079587178144719,0.1280245428783408,0.9697501058682092,-0.07097093760967255,-0.004915257450193167,-0.026026584208011627,0.0017418732168152928,0.008086057379841805,0.005561164114624262,-1.0,0.9692560000189587
0,124,0,0.009553490637554285,0.15282448383626404,-0.01205290680518344,0.18918990240869757,0.8299789458594815,0.0005703678565378168,0.12799792226918077,0.9694476425739782,-0.07060358673334122,-0.006307987496256828,-0.026916589587926865,0.0016579547664150596,0.007498438470065594,0.005359784699976444,-1.0,0.9747880000077203
0,125,0,0.009654091960897782,0.15249577708996778,-0.01205290680518344,0.18918990240869757,0.8299789458594815,-0.0002523629513659833,0.12795753709556407,0.9691418239311362,-0.07027701288461685,-0.007389798294752836,-0.027691539376974106,0.001570759923197329,0.0069252923130989075,0.005179668311029673,-1.0,0.8367109999767308
0,126,0,0.009754275803621438,0.15217510051673802,-0.01205290680518344,0.18918990240869757,0.8299789458594815,-0.0010606691815189789,0.12790626829707213,0.9688340794317648,-0.07007526606321335,-0.008142850361764431,-0.028081560507416725,0.0014738262398168445,0.006341333035379648,0.0049865893088281155,-1.0,0.861819999954605
0,127,0,0.009854006902179357,0.15186257946820125,-0.01205290680518344,0.18918990240869757,0.8299789458594815,-0.0018569560559490161,0.12784606887965966,0.9685257600379988,-0.06989162415266037,-0.008834590204060078,-0.028402630239725113,0.001379222609102726,0.005761474836617708,0.004805284086614847,-1.0,0.7342190000372284
0,128,0,0.009953388198786507,0.1515577171871162,-0.01205290680518344,0.18918990240869757,0.8299789458594815,-0.0026432590236005332,0.12777795356571206,0.9682170473615745,-0.0697157084941864,-0.009460587985813618,-0.02866685763001442,0.001278334530070424,0.005176838953047991,0.004670949187129736,-1.0,0.7260810000389029
0,129,0,0.010052549081511342,0.1512598646730565,-0.01205290680518344,0.18918990240869757,0.8299789458594815,-0.003421160434188818,0.12770271873235728,0.9679077893225156,-0.06953145563602448,-0.01004668790847063,-0.02890385128557682,0.0011841909727081656,0.004596378654241562,0.004548134747892618,-1.0,0.8347799999910421
0,130,0,0.010151630546893076,0.15096829212194815,-0.01205290680518344,0.18918990240869757,0.8299789458594815,-0.004191812366990446,0.12762094779907468,0.9675975937555057,-0.06930750608444214,-0.010625536553561687,-0.029127301648259163,0.0011033066548407078,0.004026041831821203,0.0044252099469304085,-1.0,0.7561049999935676
0,131,0,0.010250766737304596,0.150682218716826,-0.01205290680518344,0.18918990240869757,0.8299789458594815,-0.004956067763896512,0.12753343701405984,0.9672860694477619,-0.06903873383998871,-0.011200119741261005,-0.02933618240058422,0.0010345872724428773,0.003467201255261898,0.004300713073462248,-1.0,0.8654100000171638
0,132,0,0.010350132274497648,0.1503999402888091,-0.01205290680518344,0.18918990240869757,0.8299789458594815,-0.005715162264015687,0.12744416308491113,0.9669732475963321,-0.06872588396072388,-0.011774063110351562,-0.02952776476740837,0.0009723815019242465,0.002922358922660351,0.004175260663032532,-1.0,1.0667619999935596
0,133,0,0.010449829324439797,0.15012073697969106,-0.01205290680518344,0.18918990240869757,0.8299789458594815,-0.006469669930225191,0.12735422052885026,0.9666589062917922,-0.06838328391313553,-0.012330026365816593,-0.02971944585442543,0.0009065864142030478,0.0023936042562127113,0.004053343087434769,-1.0,0.990111000021443
0,134,0,0.010549860119373467,0.14984451714458988,-0.01205290680518344,0.18918990240869757,0.8299789458594815,-0.007219769459825146,0.1272637641022131,0.9663430668596271,-0.06800640374422073,-0.012869716621935368,-0.02986169047653675,0.0008438507211394608,0.0018732264870777726,0.003923839423805475,-1.0,1.0573590000149125
0,135,0,0.010650085813688604,0.14957184275951235,-0.01205290680518344,0.18918990240869757,0.8299789458594815,-0.007965529517602581,0.12717295099865028,0.9660264641433116,-0.06756716966629028,-0.013424081727862358,-0.029968155547976494,0.0007829124224372208,0.0013701553689315915,0.0038019476924091578,-1.0,1.0442120000107025
0,136,0,0.010750349528936954,0.14930376489187547,-0.01205290680518344,0.18918990240869757,0.8299789458594815,-0.008706554894375057,0.12708003982474156,0.9657094918304587,-0.06707954406738281,-0.01398447621613741,-0.030053481459617615,0.0007312799571081996,0.0008943823631852865,0.0036860965192317963,-1.0,0.9432619999643066
0,137,0,0.010850562569576939,0.14904085760671656,-0.01205290680518344,0.18918990240869757,0.8299789458594815,-0.009442350855989184,0.1269836272386508,0.9653921710749312,-0.06652842462062836,-0.01454911194741726,-0.03011786751449108,0.0006850565550848842,0.00043834184180013835,0.0035573262721300125,-1.0,0.8827579999888258
0,138,0,0.010950545605874808,0.1487838714308075,-0.01205290680518344,0.18918990240869757,0.8299789458594815,-0.01017202620903207,0.12688268458366103,0.9650748869273964,-0.06583864986896515,-0.015175276435911655,-0.030086196959018707,0.0006528905360028148,6.32554292678833e-06,0.0034067982342094183,-1.0,0.7718479999994088
0,139,0,0.011050095873540245,0.14853359747311715,-0.01205290680518344,0.18918990240869757,0.8299789458594815,-0.010894600349476771,0.12677638910747802,0.9647581774267343,-0.06505625694990158,-0.015818390995264053,-0.03000224381685257,0.0006276964559219778,-0.0004024188674520701,0.0032432598527520895,-1.0,0.7439809999709723
0,140,0,0.011149063458281351,0.14829069723775362,-0.01205290680518344,0.18918990240869757,0.8299789458594815,-0.011609167946953554,0.12666343761764076,0.964442231494697,-0.06421669572591782,-0.016452206298708916,-0.02989666722714901,0.0006038275896571577,-0.0007896421593613923,0.003073431085795164,-1.0,0.8301870000195777
0,141,0,0.01124730870185563,0.14805590957433473,-0.01205290680518344,0.18918990240869757,0.8299789458594815,-0.012314683924591903,0.12654180618065677,0.9641269979199772,-0.06332531571388245,-0.017077328637242317,-0.029767336323857307,0.0005888156010769308,-0.0011588050983846188,0.002883227076381445,-1.0,0.9498379999968165
0,142,0,0.0113447235334041,0.14782953928002396,-0.01205290680518344,0.18918990240869757,0.8299789458594815,-0.01301024515814844,0.12641067963953584,0.9638125192837985,-0.06238167732954025,-0.017674151808023453,-0.029615039005875587,0.0005821734084747732,-0.001512652961537242,0.0026643082965165377,-1.0,1.041487000009056
0,143,0,0.01144114477679884,0.1476117726703848,-0.01205290680518344,0.18918990240869757,0.8299789458594815,-0.013694760638037155,0.12627027119791423,0.963499205577563,-0.061343856155872345,-0.018218662589788437,-0.02940971404314041,0.0005727065145038068,-0.0018638238543644547,0.002378127770498395,-1.0,0.7327430000145796
0,144,0,0.011536479008476952,0.14740249200902691,-0.01205290680518344,0.18918990240869757,0.8299789458594815,-0.014367497806169886,0.1261212136494027,0.9631873458091565,-0.06026684120297432,-0.01873817667365074,-0.02919730171561241,0.0005674203275702894,-0.002196872839704156,0.0020916599314659834,-1.0,0.7760909999774412
0,145,0,0.011630690462012538,0.14720135723010883,-0.01205290680518344,0.18918990240869757,0.8299789458594815,-0.015028038401540223,0.12596419799203604,0.9628770213285696,-0.059151791036129,-0.01923290826380253,-0.02897847630083561,0.0005661127506755292,-0.0025115276221185923,0.0018049887148663402,-1.0,0.8154719999993176
0,146,0,0.011723744149951932,0.14700804111245538,-0.01205290680518344,0.18918990240869757,0.8299789458594815,-0.01567584152374779,0.1257997384008929,0.9625682576565114,-0.057975392788648605,-0.0196700282394886,-0.028756050392985344,0.0005537215038202703,-0.0028056520968675613,0.0015023003797978163,-1.0,0.7964979999997013
0,147,0,0.01181559204440823,0.14682212041809423,-0.01205290680518344,0.18918990240869757,0.8299789458594815,-0.016309962536596043,0.12562852384062706,0.962261082503442,-0.05671307072043419,-0.020027130842208862,-0.02853481099009514,0.0005390960141085088,-0.0030946354381740093,0.0011703403433784842,-1.0,0.754553999968266
0,148,0,0.011906166138855001,0.14664342172327288,-0.01205290680518344,0.18918990240869757,0.8299789458594815,-0.01692932397391992,0.12545046159555426,0.961955448977021,-0.05540453642606735,-0.020345309749245644,-0.028313618153333664,0.000533088983502239,-0.0033733530435711145,0.0008371992153115571,-1.0,1.0893510000187234
0,149,0,0.011995376294731786,0.14647216468110677,-0.01205290680518344,0.18918990240869757,0.8299789458594815,-0.017533061362925994,0.1252645890026225,0.9616513318723718,-0.05407419428229332,-0.020637987181544304,-0.028084028512239456,0.0005308538093231618,-0.003634511260315776,0.000506877840962261,-1.0,1.0528480000289164
0,150,0,0.012083170197237392,0.14630821890456375,-0.01205290680518344,0.18918990240869757,0.8299789458594815,-0.018120741493103068,0.12507103843759637,0.9613488342825187,-0.05272836610674858,-0.020899195224046707,-0.02784537710249424,0.000532694102730602,-0.0038787079975008965,0.0001815296709537506,-1.0,1.0110709999935352
0,151,0,0.012169512361402492,0.14615130089520048,-0.01205290680518344,0.18918990240869757,0.8299789458594815,-0.018691954479150747,0.12487027315544562,0.9610480539363523,-0.05135313794016838,-0.021150175482034683,-0.027608994394540787,0.0005447044386528432,-0.004108666442334652,-0.00013962574303150177,-1.0,0.9845849999692291
0,152,0,0.012254483616069334,0.14600069584929803,-0.01205290680518344,0.18918990240869757,0.8299789458594815,-0.019246363821032002,0.12466277113753539,0.960748616251949,-0.04996549338102341,-0.02137509360909462,-0.027442466467618942,0.000564546266105026,-0.0043220436200499535,-0.0004627201415132731,-1.0,0.8500789999743574
0,153,0,0.012338163507815325,0.145855692959333,-0.01205290680518344,0.18918990240869757,0.8299789458594815,-0.01978377361153018,0.12444903256174238,0.9604501558581987,-0.048576321452856064,-0.02156326361000538,-0.027272919192910194,0.0005877939402125776,-0.004519597627222538,-0.0007808486116118729,-1.0,0.9278799999492549
0,154,0,0.012420563249483941,0.1457159050869225,-0.01205290680518344,0.18918990240869757,0.8299789458594815,-0.02030408858103181,0.12422958297472982,0.9601526755196544,-0.04718709737062454,-0.02171921730041504,-0.02709752321243286,0.0006131063564680517,-0.004698921926319599,-0.0010910737328231335,-1.0,1.262412000016866
0,155,0,0.012501739750976093,0.14558086850613314,-0.01205290680518344,0.18918990240869757,0.8299789458594815,-0.02080750173700739,0.12400492078507314,0.9598560589830317,-0.04580484330654144,-0.021847976371645927,-0.02693517506122589,0.00063517497619614,-0.004843441303819418,-0.0013828324154019356,-1.0,1.3231770000174947
0,156,0,0.012581710656572865,0.1454502116879781,-0.01205290680518344,0.18918990240869757,0.8299789458594815,-0.021293987383798285,0.12377550988033005,0.9595602861827003,-0.0444234237074852,-0.021951058879494667,-0.026773512363433838,0.0006569995312020183,-0.004978634417057037,-0.0016669243341311812,-1.0,1.2110019999909127
0,157,0,0.01266046327634719,0.1453236731731443,-0.01205290680518344,0.18918990240869757,0.8299789458594815,-0.02176327315518279,0.12354170326613885,0.9592654212512355,-0.043041739612817764,-0.022034430876374245,-0.02662567049264908,0.0006745419232174754,-0.005110239610075951,-0.0019406391074880958,-1.0,1.046811999970032
0,158,0,0.012737993175750162,0.14520098430736647,-0.01205290680518344,0.18918990240869757,0.8299789458594815,-0.02221524709090291,0.12330391612016946,0.9589715405869821,-0.04167121648788452,-0.022088145837187767,-0.02646780014038086,0.0006947125075384974,-0.005229494534432888,-0.0022078196052461863,-1.0,0.8950229999982184
0,159,0,0.012814287952170567,0.14508191888765357,-0.01205290680518344,0.18918990240869757,0.8299789458594815,-0.022649934733255918,0.12306266318630323,0.9586788076311228,-0.04031369835138321,-0.02211308479309082,-0.02630012296140194,0.0007174796191975474,-0.005336986389011145,-0.002468420658260584,-1.0,0.9392229999889423
0,160,0,0.012889333112549995,0.14496627475418977,-0.01205290680518344,0.18918990240869757,0.8299789458594815,-0.023067403622734794,0.12281845455149097,0.9583874058039162,-0.03897148743271828,-0.022110315039753914,-0.02612282522022724,0.0007425564108416438,-0.0054332357831299305,-0.0027221485506743193,-1.0,1.1554890000411433
0,161,0,0.012963115580015916,0.14485386272484457,-0.01205290680518344,0.18918990240869757,0.8299789458594815,-0.023467759179523467,0.12257177955669098,0.958097517500189,-0.037646591663360596,-0.022081101313233376,-0.02593611180782318,0.000769784499425441,-0.005518650636076927,-0.0029690514784306288,-1.0,0.7692819999647327
0,162,0,0.013035625071355495,0.14474449880934584,-0.01205290680518344,0.18918990240869757,0.8299789458594815,-0.02385113875188588,0.12232311132294073,0.9578093174790394,-0.03634083643555641,-0.022025933489203453,-0.025740759447216988,0.0007991640013642609,-0.005593880545347929,-0.0032091347966343164,-1.0,0.7643690000236347
0,163,0,0.013106853746645553,0.14463800671267285,-0.01205290680518344,0.18918990240869757,0.8299789458594815,-0.024217710856557245,0.12207290107431484,0.957522972219352,-0.03505543991923332,-0.02194700390100479,-0.02553659863770008,0.0008303875220008194,-0.005659160204231739,-0.003442124929279089,-1.0,0.8064849999982471
0,164,0,0.01317679542771243,0.14453421948572678,-0.01205290680518344,0.18918990240869757,0.8299789458594815,-0.024567665526717512,0.12182157598199865,0.9572386410145296,-0.03379163518548012,-0.02184530720114708,-0.02532440610229969,0.000863650580868125,-0.005715223960578442,-0.003669200697913766,-1.0,1.454260000002705
0,165,0,0.013245514087351652,0.14443270614915796,-0.01205290680518344,0.18918990240869757,0.8299789458594815,-0.024901130966959714,0.12156959518407297,0.9569562028479089,-0.03254455327987671,-0.021692456677556038,-0.025151832029223442,0.0008993006777018309,-0.0057644653134047985,-0.003908966202288866,-1.0,1.0031410000124197
0,166,0,0.013313153031418468,0.14433272561781357,-0.01205290680518344,0.18918990240869757,0.8299789458594815,-0.025218433880618556,0.1213176643176936,0.9566752910222805,-0.031339503824710846,-0.02148246206343174,-0.02501189149916172,0.0009303928236477077,-0.0058070700615644455,-0.004103058483451605,-1.0,0.8717789999650449
0,167,0,0.013379810685636396,0.144233712248071,-0.01205290680518344,0.18918990240869757,0.8299789458594815,-0.02552005109850998,0.12106657549970361,0.9563957647733128,-0.03017446957528591,-0.021251019090414047,-0.02487097680568695,0.0009600070188753307,-0.005843960214406252,-0.00425474951043725,-1.0,0.7316890000197418
0,168,0,0.013445509455551174,0.1441354377574,-0.01205290680518344,0.18918990240869757,0.8299789458594815,-0.0258063623469168,0.12081686839543083,0.9561177388535465,-0.029035864397883415,-0.021006571128964424,-0.024717330932617188,0.0009913347894325852,-0.005873441230505705,-0.004399630706757307,-1.0,1.582122000002073
0,169,0,0.013510243335668672,0.14403782243119426,-0.01205290680518344,0.18918990240869757,0.8299789458594815,-0.026077681162170033,0.12056889433714295,0.955841399538883,-0.0279240719974041,-0.020750807598233223,-0.024550555273890495,0.0010241993004456162,-0.00589596526697278,-0.004538426641374826,-1.0,1.0118469999724766
0,170,0,0.013574002365259586,0.14394082023660937,-0.01205290680518344,0.18918990240869757,0.8299789458594815,-0.026334326230519275,0.12032295112352964,0.9555669381607833,-0.026839803904294968,-0.020484739914536476,-0.024371717125177383,0.0010584123665466905,-0.005911927670240402,-0.00467079458758235,-1.0,1.1743510000314927
0,171,0,0.013636802260645087,0.14384432273207284,-0.01205290680518344,0.18918990240869757,0.8299789458594815,-0.026576683445482016,0.12007931849110774,0.9552944528205963,-0.025775764137506485,-0.020211227238178253,-0.024191193282604218,0.0010876557789742947,-0.005916755646467209,-0.00477637629956007,-1.0,0.7973269999865806
0,172,0,0.013698652791960109,0.1437482332400936,-0.01205290680518344,0.18918990240869757,0.8299789458594815,-0.026805106814375076,0.11983825663945248,0.955024043258917,-0.02473580650985241,-0.019932925701141357,-0.024000028148293495,0.0011165277101099491,-0.005914350971579552,-0.004871158394962549,-1.0,0.8623920000445651
0,173,0,0.013759546131668422,0.14365251727316175,-0.01205290680518344,0.18918990240869757,0.8299789458594815,-0.02701991050496164,0.1196000126274894,0.9547558738526252,-0.02372504211962223,-0.019647151231765747,-0.023798227310180664,0.0011467109434306622,-0.005906630307435989,-0.004960425663739443,-1.0,0.7823010000151953
0,174,0,0.013818743169789705,0.14355979598741747,-0.01205290680518344,0.18918990240869757,0.8299789458594815,-0.027221781795299976,0.11936453651643072,0.9544929552459526,-0.022743940353393555,-0.01935507357120514,-0.02358623594045639,0.0011779250344261527,-0.005893987137824297,-0.005044272169470787,-1.0,1.0529919999839876
0,175,0,0.013875567305354553,0.14347274826417303,-0.01205290680518344,0.18918990240869757,0.8299789458594815,-0.027412222003913154,0.11913175621212665,0.9542382597260917,-0.0217860359698534,-0.01906174048781395,-0.02337084896862507,0.0012095350539311767,-0.0058702039532363415,-0.00512792868539691,-1.0,1.0968770000090444
0,176,0,0.013930189874482135,0.14339110528595425,-0.01205290680518344,0.18918990240869757,0.8299789458594815,-0.027592726458564747,0.11890186661292754,0.9539915061275469,-0.020841360092163086,-0.018770284950733185,-0.023159660398960114,0.0012391641503199935,-0.005838404409587383,-0.00521245738491416,-1.0,0.8537770000316414
0,177,0,0.013983018908266288,0.14331349998194953,-0.01205290680518344,0.18918990240869757,0.8299789458594815,-0.027763981780633478,0.11867481434148232,0.9537510903632628,-0.019899383187294006,-0.018486762419342995,-0.022952264174818993,0.0012632806319743395,-0.005805950611829758,-0.0052994308061897755,-1.0,1.033831000029295
0,178,0,0.014034491212596457,0.14323845853325,-0.01205290680518344,0.18918990240869757,0.8299789458594815,-0.027926267651093194,0.11845050863812695,0.9535152991625043,-0.018972262740135193,-0.0181973148137331,-0.022753316909074783,0.0012879029382020235,-0.005768738221377134,-0.005384804680943489,-1.0,0.9030929999767068
0,179,0,0.014084921180024102,0.14316484982005706,-0.01205290680518344,0.18918990240869757,0.8299789458594815,-0.02807952519517154,0.11822901082278142,0.9532829344093782,-0.018078099936246872,-0.017891043797135353,-0.022583818063139915,0.001311097526922822,-0.0057400804944336414,-0.005471484269946814,-1.0,1.0604520000470075
0,180,0,0.014134756641365466,0.14309082913816717,-0.01205290680518344,0.18918990240869757,0.8299789458594815,-0.028223417726063002,0.11801057879476273,0.9530521104806474,-0.017195336520671844,-0.017580406740307808,-0.022409720346331596,0.0013345192419365048,-0.005705521907657385,-0.005557105410844088,-1.0,0.8950050000180454
0,181,0,0.014184036070431671,0.14301608137882763,-0.01205290680518344,0.18918990240869757,0.8299789458594815,-0.028357672687702444,0.11779541085342302,0.9528226706403409,-0.016330599784851074,-0.017256811261177063,-0.022222580388188362,0.0013548192800953984,-0.005663112737238407,-0.005650434177368879,-1.0,1.4112019999856784
0,182,0,0.014232718364894226,0.1429405810960115,-0.01205290680518344,0.18918990240869757,0.8299789458594815,-0.02848207032609608,0.11758376993575498,0.9525948261618956,-0.01546458899974823,-0.01692724972963333,-0.022026734426617622,0.0013730443315580487,-0.005612412933260202,-0.005743846297264099,-1.0,0.997256000005109
0,183,0,0.014280762910481382,0.14286432069159893,-0.01205290680518344,0.18918990240869757,0.8299789458594815,-0.02859646567508014,0.11737592167919193,0.9523688022952682,-0.014614938758313656,-0.016597360372543335,-0.021825527772307396,0.0013904506340622902,-0.005556239280849695,-0.005834559909999371,-1.0,0.8850629999983539
0,184,0,0.014328142025607627,0.14278730307804008,-0.01205290680518344,0.18918990240869757,0.8299789458594815,-0.028700826197052894,0.11717204185714905,0.9521447694837653,-0.013778883963823318,-0.01626484841108322,-0.021622540429234505,0.0014046533033251762,-0.00549148628488183,-0.0059209889732301235,-1.0,0.9078120000367562
0,185,0,0.014374820438831716,0.14270957079484584,-0.01205290680518344,0.18918990240869757,0.8299789458594815,-0.02879515940370269,0.11697226915095059,0.9519229166863578,-0.012967076152563095,-0.01593337580561638,-0.021411897614598274,0.0014191409572958946,-0.005423800088465214,-0.006005380768328905,-1.0,0.9328240000172627
0,186,0,0.014420752913048463,0.1426312236497347,-0.01205290680518344,0.18918990240869757,0.8299789458594815,-0.02887952435127516,0.11677671153246921,0.9517034737447895,-0.012181648053228855,-0.015603180974721909,-0.021193716675043106,0.0014338614419102669,-0.005353574641048908,-0.006087338086217642,-1.0,1.2353529999700186
0,187,0,0.01446589425207785,0.1425523938670805,-0.01205290680518344,0.18918990240869757,0.8299789458594815,-0.02895405189079643,0.11658542172347107,0.9514866644474744,-0.011423246935009956,-0.015276219695806503,-0.020966142416000366,0.0014481655089184642,-0.005280110519379377,-0.006165511906147003,-1.0,1.0066590000405995
0,188,0,0.014510201755193408,0.14247322651315686,-0.01205290680518344,0.18918990240869757,0.8299789458594815,-0.02901892101062427,0.11639841933952504,0.9512726993162876,-0.010693280026316643,-0.014951801858842373,-0.020730726420879364,0.0014621856389567256,-0.005204315762966871,-0.006240428425371647,-1.0,0.7699800000295909
0,189,0,0.014553640735530882,0.14239384988930617,-0.01205290680518344,0.18918990240869757,0.8299789458594815,-0.02907434177300962,0.11621571693229163,0.9510617583969735,-0.009991663508117199,-0.014629273675382137,-0.02048959583044052,0.0014762849314138293,-0.0051267147064208984,-0.006312550976872444,-1.0,0.888964000012038
0,190,0,0.014596182365835153,0.14231436334457528,-0.01205290680518344,0.18918990240869757,0.8299789458594815,-0.02912056721542619,0.11603739686809254,0.9508540215178826,-0.009320059791207314,-0.01430200133472681,-0.020237978547811508,0.001492721727117896,-0.005047494545578957,-0.006378780119121075,-1.0,0.9215059999974073
0,191,0,0.014637798967385563,0.14223487793792505,-0.01205290680518344,0.18918990240869757,0.8299789458594815,-0.029157873359979478,0.11586350792813618,0.9506496568611859,-0.008677655830979347,-0.01397536601871252,-0.019980382174253464,0.0015094231348484755,-0.004966985434293747,-0.006441750098019838,-1.0,0.7724569999822961
0,192,0,0.014678489767523185,0.1421554526815441,-0.01205290680518344,0.18918990240869757,0.8299789458594815,-0.029186669082562476,0.1156941090215835,0.9504487564832043,-0.008082638494670391,-0.013644049875438213,-0.019724151119589806,0.001526448642835021,-0.004884060937911272,-0.0064878822304308414,-1.0,0.9975859999826753
0,193,0,0.014718271316988708,0.142076101862027,-0.01205290680518344,0.18918990240869757,0.8299789458594815,-0.02920745859856099,0.11552929718239212,0.9502513670988154,-0.007538302335888147,-0.01329989917576313,-0.01947109028697014,0.0015419709961861372,-0.004800113383680582,-0.006519966758787632,-1.0,1.352816000007806
0,194,0,0.014757150782426754,0.1419967465239457,-0.01205290680518344,0.18918990240869757,0.8299789458594815,-0.029220569614656945,0.11536944479378379,0.9500576176316602,-0.0070152622647583485,-0.012926305644214153,-0.01920708827674389,0.0015704395482316613,-0.0047196620143949986,-0.006565375719219446,-1.0,0.9169859999929031
0,195,0,0.014795135898839785,0.1419172975880344,-0.01205290680518344,0.18918990240869757,0.8299789458594815,-0.029226270349465705,0.11521491632619944,0.9498676291175807,-0.006511763669550419,-0.01254240982234478,-0.01893758960068226,0.0016077510081231594,-0.004638389218598604,-0.0066144526936113834,-1.0,0.9839019999731136
0,196,0,0.014832221585178496,0.1418378185595869,-0.01205290680518344,0.18918990240869757,0.8299789458594815,-0.029224874904337596,0.11506570817887735,0.9496814692878697,-0.0060343011282384396,-0.012164097279310226,-0.018663909286260605,0.001643857336603105,-0.004556447267532349,-0.0066617876291275024,-1.0,0.9376490000363447
0,197,0,0.01486838792482863,0.14175846418809673,-0.01205290680518344,0.18918990240869757,0.8299789458594815,-0.02921669589748998,0.11492166896797021,0.9494992203511189,-0.0055795516818761826,-0.011794344522058964,-0.01838241145014763,0.0016795678529888391,-0.004473825916647911,-0.006709536537528038,-1.0,0.9449880000147459
0,198,0,0.014903592875044048,0.14167944573177504,-0.01205290680518344,0.18918990240869757,0.8299789458594815,-0.029201996573181895,0.11478264739274713,0.9493210359366351,-0.005139227490872145,-0.01143849641084671,-0.01808333396911621,0.0017162899021059275,-0.004390485119074583,-0.006760475691407919,-1.0,1.0257630000296558
0,199,0,0.014937804275680101,0.14160096784513473,-0.01205290680518344,0.18918990240869757,0.8299789458594815,-0.02918109925300976,0.11464848575542635,0.9491470469665837,-0.00473068468272686,-0.0110934441909194,-0.017780886963009834,0.0017523003043606877,-0.004306276794523001,-0.006807032041251659,-1.0,0.8811259999674803
0,200,0,0.014971004153206159,0.1415232237784688,-0.01205290680518344,0.18918990240869757,0.8299789458594815,-0.029154456139688208,0.1145190112921158,0.9489773403817003,-0.004365051165223122,-0.010768742300570011,-0.017473144456744194,0.001788443885743618,-0.004220505245029926,-0.006842720787972212,-1.0,0.9248810000030971
20,1,0,0.008640640598604666,0.16819999364683844,-0.11118775146643047,0.1744397589709838,0.8299789169696538,-0.0886359054876499,0.06101336792900939,0.9521145216103111,-0.1432569921016693,0.2177378386259079,-0.4191693067550659,0.018197422847151756,0.011577459052205086,0.2880474925041199,-1.0,1.9428979999815965
20,2,0,0.008624810995534261,0.17075820878395084,-0.11118775010195266,0.17443976044428636,0.8299789314039402,-0.09195680725468573,0.05579879855225146,0.9512755054101388,-0.1314382255077362,0.2295292317867279,-0.37692710757255554,0.022540654987096786,0.01893571950495243,0.3039468824863434,-1.0,0.9762280000131796
20,3,0,0.009655746426069756,0.16537554846112648,-0.11118774942334662,0.174439761177015,0.82997893862623,-0.0946000350554405,0.058428131523972054,0.9466632201131224,-0.013651573099195957,0.2540774345397949,-0.36495256423950195,0.014032742939889431,0.007308273110538721,0.3069876432418823,-1.0,0.9042400000112139
20,4,0,0.010812418139908598,0.1596909564265965,-0.11118774908613333,0.17443976154112287,0.8299789422401337,-0.09618458547785369,0.061175885436836684,0.9415468633286672,-0.015318282879889011,0.24670124053955078,-0.34670472145080566,0.01505727507174015,0.005378198344260454,0.2929220497608185,-1.0,1.1294610000049943
20,5,0,0.012056287327054205,0.15409459602155492,-0.11118774891856754,0.17443976172205294,0.8299789440484574,-0.0974376080106432,0.06399991275630092,0.936558106685815,-0.02039138600230217,0.24314618110656738,-0.3350852131843567,0.01678653620183468,0.0034291143529117107,0.28268104791641235,-1.0,0.8929630000125144
20,6,0,0.01339091857346949,0.14859203687590322,-0.11118774883530189,0.17443976181195947,0.8299789449533,-0.09850549675203885,0.06692481386203906,0.9317595416913437,-0.026979535818099976,0.24333710968494415,-0.3325018882751465,0.01795719377696514,0.0014362214133143425,0.277375191450119,-1.0,0.8730270000114615
20,7,0,0.014819776588058588,0.14319179270241628,-0.11118774879392605,0.17443976185663523,0.8299789454060591,-0.09946171326671345,0.06989095497165644,0.9271176944564443,-0.03430044651031494,0.2403615415096283,-0.3271709084510803,0.018694734200835228,-0.00014231353998184204,0.26864057779312134,-0.9999999403953552,0.8369529999754377
20,8,0,0.01633023635595279,0.13795767951299934,-0.11118774877336586,0.17443976187883523,0.8299789456326061,-0.10035430691571985,0.07281515169985929,0.9226471520472099,-0.04080163687467575,0.2324075549840927,-0.3171115815639496,0.019003400579094887,-0.0014212178066372871,0.25665807723999023,-0.9999999403953552,0.965482999959022
20,9,0,0.017908959736442045,0.1329372993421358,-0.11118774876314923,0.17443976188986673,0.8299789457459629,-0.10121931602581263,0.0756399534728092,0.918361940501145,-0.0485362745821476,0.22142291069030762,-0.30697187781333923,0.01921708509325981,-0.002877685707062483,0.24227087199687958,-0.9999998807907104,0.8582750000414308
20,10,0,0.019549649475276643,0.12814344166721717,-0.11118774875807244,0.17443976189534838,0.8299789458026825,-0.10209637069635706,0.0783444507439226,0.9142628687178453,-0.05721807852387428,0.21072207391262054,-0.2954874634742737,0.01931086741387844,-0.0037673513870686293,0.22713656723499298,-0.9999997615814209,1.0650140000052488
20,11,0,0.021246473970941416,0.12357973965479094,-0.11118774875554972,0.17443976189807234,0.8299789458310627,-0.10301855887819289,0.08092754757531151,0.9103573145775584,-0.06517889350652695,0.20001958310604095,-0.2818353772163391,0.019348643720149994,-0.003999386914074421,0.21253174543380737,-0.9999995231628418,1.1053549999928691
20,12,0,0.02298861992120639,0.11925524006332586,-0.11118774875429611,0.17443976189942595,0.8299789458452631,-0.10399508077615928,0.08338502580712481,0.9066543189782265,-0.07279612123966217,0.18803004920482635,-0.26801514625549316,0.019541418179869652,-0.00465330109000206,0.19731682538986206,-0.9999989867210388,0.992560999975467
20,13,0,0.024755565834178428,0.1151987879145239,-0.11118774875367318,0.17443976190009847,0.829978945852368,-0.10500551397049968,0.0856766605546676,0.9031476040989284,-0.08006834238767624,0.17660574615001678,-0.2569698393344879,0.018740909174084663,-0.006691730115562677,0.17919787764549255,-0.9999978542327881,0.8152249999966443
20,14,0,0.026540823037575812,0.11140273350775041,-0.11118774875336362,0.1744397619004326,0.8299789458559231,-0.1060310623248333,0.08778611671836145,0.8998010297172373,-0.0880589634180069,0.16835756599903107,-0.25082752108573914,0.017436610534787178,-0.009823129512369633,0.16044881939888,-0.9999956488609314,0.9444600000279024
20,15,0,0.028357440850096272,0.10781539172292197,-0.11118774875320984,0.17443976190059865,0.8299789458577019,-0.10707381101586191,0.08974639267165692,0.8965692410763784,-0.09418325871229172,0.16094735264778137,-0.24621893465518951,0.016529828310012817,-0.012539362534880638,0.14327672123908997,-0.9999911785125732,0.9934459999954015
20,16,0,0.03020939697606491,0.10440980748823994,-0.11118774875313339,0.1744397619006812,0.8299789458585918,-0.1081208639839272,0.09156622451345567,0.8934137858006289,-0.09272611886262894,0.15521091222763062,-0.2420959621667862,0.01479101087898016,-0.013724016956984997,0.12776979804039001,-0.9999822974205017,0.7357060000003912
20,17,0,0.03209477035954269,0.10117102130657882,-0.11118774875309544,0.1744397619007222,0.8299789458590373,-0.10915107012695124,0.09325197550759246,0.8903111166551687,-0.08926410973072052,0.14892426133155823,-0.23786334693431854,0.013043570332229137,-0.014450598508119583,0.11481774598360062,-0.9999651908874512,0.8061799999836694
20,18,0,0.0340128916279872,0.09808025104794353,-0.11118774875307655,0.17443976190074253,0.8299789458592602,-0.11015522452417867,0.09482603946724287,0.8872530651421094,-0.08570504933595657,0.14298106729984283,-0.23401036858558655,0.011368958279490471,-0.01511596143245697,0.10431940108537674,-0.9999336004257202,1.111088000016025
20,19,0,0.03595482346861869,0.09512999949284143,-0.1111877487530672,0.17443976190075264,0.8299789458593715,-0.11111561999005291,0.09630155761142588,0.8842388079250734,-0.08200573921203613,0.13728463649749756,-0.2308611124753952,0.009740665555000305,-0.01658845879137516,0.09485197067260742,-0.9998743534088135,2.7057499999614265
20,20,0,0.03791424365049126,0.09231236272674362,-0.11118774875306255,0.1744397619007577,0.8299789458594274,-0.1120234272122555,0.09768979489754803,0.8812655573551478,-0.07802736014127731,0.1317581832408905,-0.22783103585243225,0.008224011398851871,-0.017891211435198784,0.08654923737049103,-0.9997631907463074,1.2959929999851738
20,21,0,0.03988854642411702,0.08961121534456533,-0.11118774875306021,0.17443976190076024,0.8299789458594553,-0.11287369717232666,0.09901081471225216,0.8783297619796708,-0.07321329414844513,0.12590546905994415,-0.2253216803073883,0.0069832284934818745,-0.01923062838613987,0.07839448004961014,-0.9995524883270264,1.0631439999997383
20,22,0,0.04187022333002624,0.0870192771996816,-0.11118774875305906,0.17443976190076144,0.8299789458594695,-0.11366251124389677,0.10027545102939285,0.8754309551433721,-0.06828039884567261,0.11983148008584976,-0.22269107401371002,0.005724277347326279,-0.0204184390604496,0.07128579914569855,-0.9991716146469116,0.9760009999695285
20,23,0,0.04384351587378495,0.08455322254923246,-0.11118774875305851,0.17443976190076213,0.8299789458594764,-0.11438759334145598,0.10146471943680903,0.8725659346642085,-0.06317582726478577,0.11398538947105408,-0.21995092928409576,0.00441421614959836,-0.0213469211012125,0.06497805565595627,-0.998479962348938,0.6889800000067225
20,24,0,0.04579766698204333,0.08221024692733406,-0.11118774875305816,0.17443976190076232,0.8299789458594797,-0.11504367600586879,0.1025833125685561,0.8697320239068757,-0.057844240218400955,0.10951752215623856,-0.21779736876487732,0.0030793542973697186,-0.0224534310400486,0.05935562774538994,-0.997197687625885,0.8520810000050005
20,25,0,0.047735351941718,0.0799728584550576,-0.1111877487530581,0.17443976190076232,0.8299789458594815,-0.11563183181637246,0.10364355527702379,0.8669086810722875,-0.05324259400367737,0.10716655105352402,-0.21839575469493866,0.001943830749951303,-0.02318936586380005,0.05411047115921974,-0.9948815703392029,0.8443500000225868
20,26,0,0.04966507469117559,0.07781992260164428,-0.1111877487530581,0.17443976190076232,0.8299789458594815,-0.11616199919801018,0.10466315609097433,0.8640732630971424,-0.04874899610877037,0.10673172026872635,-0.2192179560661316,0.0010041367495432496,-0.023111294955015182,0.04916153475642204,-0.9907026290893555,2.0543689999499293
20,27,0,0.05158126508254948,0.07574561193267419,-0.1111877487530581,0.17443976190076232,0.8299789458594815,-0.11663677477211742,0.1056506695270531,0.8612162090702717,-0.04408261924982071,0.10676909238100052,-0.22067733108997345,-0.00029055867344141006,-0.022724630311131477,0.044219307601451874,-0.983019232749939,1.033672000005481
20,28,0,0.05345756488220672,0.0737436596321996,-0.1111877487530581,0.17443976190076232,0.8299789458594815,-0.11702843547526308,0.10662096213510802,0.8583448428646681,-0.0354655459523201,0.10816258192062378,-0.22043076157569885,-0.001387530006468296,-0.022712035104632378,0.03945780545473099,-0.9680058360099792,0.8168289999730405
20,29,0,0.05526771832439771,0.07179207066537614,-0.1111877487530581,0.17443976190076232,0.8299789458594815,-0.1173048919786244,0.10760533636326368,0.855470935429792,-0.023655660450458527,0.11132443696260452,-0.21914751827716827,-0.002294298028573394,-0.022626560181379318,0.03590802848339081,-0.9382616877555847,0.7331300000146257
20,30,0,0.056975909804862626,0.06987925082974841,-0.1111877487530581,0.17443976190076232,0.8299789458594815,-0.11743153621289502,0.10861573165663205,0.8525913729097364,-0.011502592824399471,0.11594726890325546,-0.22031241655349731,-0.003491040086373687,-0.023526793345808983,0.032731398940086365,-0.8804168701171875,1.0977349999734543
20,31,0,0.05853114498356096,0.06801400211143446,-0.1111877487530581,0.17443976190076232,0.8299789458594815,-0.11737490808173345,0.10964120773885927,0.8496962205490199,0.0013788482174277306,0.12155235558748245,-0.22215044498443604,-0.005383448675274849,-0.024915287271142006,0.029847120866179466,-0.7692985534667969,1.1177040000234229
20,32,0,0.05986929953724965,0.06621225937879678,-0.1111877487530581,0.17443976190076232,0.8299789458594815,-0.11710374180679982,0.11066895716535623,0.8467821830961526,0.015524453483521938,0.12792494893074036,-0.22426192462444305,-0.007918078452348709,-0.026875240728259087,0.027227524667978287,-0.5704346895217896,0.9581290000255649
20,33,0,0.06068023922069026,0.06506312414678389,-0.11109208734774463,0.1746172792163126,0.8297729927073461,-0.11671229148337497,0.11134513834935555,0.8438534621357991,0.02657916024327278,0.1329287886619568,-0.2360277771949768,-0.01119629293680191,-0.029694702476263046,0.024179378524422646,-0.2636658251285553,0.9709139999927174
20,34,0,0.061239423447373015,0.0643733556513799,-0.11105573945946379,0.17465493577430602,0.8292407107510151,-0.1165310389283255,0.11159392097711106,0.8409564448847895,0.04936212673783302,0.1413482427597046,-0.2329959124326706,-0.014313671737909317,-0.03319600597023964,0.018334457650780678,0.06845865398645401,0.9273260000099981
20,35,0,0.06154601426477291,0.06387361736346238,-0.11109417991774972,0.17463497287945529,0.8285459705906566,-0.1164455710076365,0.11176217787243149,0.8384562307538334,0.07885288447141647,0.15167900919914246,-0.2224913090467453,-0.017186623066663742,-0.037238623946905136,0.010795136913657188,0.40164095163345337,1.2374879999583754
20,36,0,0.06162292922353949,0.06370289666497865,-0.11114437346561941,0.1745998132362441,0.8278254110548755,-0.11650017607865391,0.11174529986397216,0.8366958434352079,0.1296524852514267,0.15998175740242004,-0.19087570905685425,-0.021235546097159386,-0.04065316542983055,0.0003247912973165512,0.7057127356529236,1.0212860000251567
20,37,0,0.06164883373752455,0.06358962760587264,-0.11116284461176884,0.1745864616405994,0.8273667983704601,-0.1165152928918715,0.11175965154850921,0.8355999004659537,0.1939125657081604,0.16541685163974762,-0.14075306057929993,-0.025551550090312958,-0.04352864623069763,-0.012407463975250721,0.869149386882782,0.9795080000003509
20,38,0,0.061706957275068364,0.06344758126111691,-0.11112503314384913,0.17462156515383265,0.8271172571483099,-0.1164471711187308,0.11189714098260284,0.8350492825926713,0.2624448835849762,0.1684943437576294,-0.08271382749080658,-0.029228728264570236,-0.04499974846839905,-0.022728119045495987,0.9503432512283325,1.0932320000165419
20,39,0,0.061706702352302495,0.06334371755026783,-0.111061490294677,0.1746758320287578,0.8270435620340524,-0.1163256043651786,0.11204773252454173,0.834945258600668,0.32461756467819214,0.16764391958713531,-0.02804616652429104,-0.0322045162320137,-0.044512826949357986,-0.028469623997807503,0.9832412004470825,1.1115770000174052
20,40,0,0.06162691161902583,0.06330237382205603,-0.11096989915961172,0.1747521392978694,0.8271126151978594,-0.11612042545391865,0.11218515469770489,0.8352388103986748,0.38443517684936523,0.16493700444698334,0.03178376704454422,-0.034414857625961304,-0.0429055280983448,-0.03266560286283493,0.9945633411407471,0.8533509999892885
20,41,0,0.061486628215539435,0.06331265587969745,-0.1108421548311255,0.17485418914996734,0.8273248611051041,-0.11583811270649708,0.11232747064481664,0.8359238303704373,0.4409613609313965,0.15872688591480255,0.09693845361471176,-0.03470746427774429,-0.04063202068209648,-0.035798173397779465,0.9982479810714722,1.0911420000070393
20,42,0,0.061352097914010355,0.06332977961569475,-0.11048903554790271,0.1750260474382328,0.8278590673486389,-0.11535655346324854,0.11255597595883493,0.8370491938371686,0.4917072653770447,0.14760875701904297,0.1617707759141922,-0.03449219465255737,-0.03742990642786026,-0.037111226469278336,0.999432384967804,1.2012340000069344
20,43,0,0.06126561433950825,0.0633149370020886,-0.10937045919938997,0.1753233618093654,0.8287863555594559,-0.11425677757745827,0.11300072032569591,0.8388259521043674,0.5453309416770935,0.1350134164094925,0.2346857786178589,-0.03416496142745018,-0.03159442916512489,-0.03808223083615303,0.9998270869255066,1.2817679999557186
20,44,0,0.35249443639473654,0.06329321275009031,-0.10721036571342266,0.1756498060548585,0.829673570253844,-0.1122704693076273,0.11365568256858699,0.8413848803860637,0.590775728225708,0.12352026998996735,0.29888397455215454,-0.033573735505342484,-0.026020433753728867,-0.04121221601963043,0.9999377131462097,1.6203729999801908
20,45,0,0.35266480764366137,0.06293666582948351,-0.10344220898117708,0.17619653806431654,0.8318821795078032,-0.109088148430907,0.11472131343103754,0.8441273430326381,0.5604586005210876,0.12588509917259216,0.2549585700035095,-0.03408775106072426,-0.025534100830554962,-0.04221978038549423,0.9999184012413025,1.4027309999846693
20,46,0,0.06252827467521518,0.06221162156350237,-0.09736806586376913,0.17639413078999988,0.8335534561176519,-0.10445560142565094,0.11613250212180307,0.8472862201320757,0.625515341758728,0.10510868579149246,0.35430169105529785,-0.031190970912575722,-0.017297819256782532,-0.0449463352560997,0.9999595284461975,1.108552999994572
20,47,0,0.06272855037699387,0.062002988554348125,-0.0906240235175215,0.1770907850245174,0.8358022490557224,-0.09891522616505238,0.1177417173189562,0.8517181125512704,0.7262085676193237,0.05833877995610237,0.5221027135848999,-0.026001017540693283,0.0006916912971064448,-0.040894731879234314,0.9999887943267822,3.295156000035604
20,48,0,0.06218949692258799,0.0623818903057471,-0.08367323110688367,0.17814924976274346,0.8387052409719028,-0.09300613182111538,0.11949062213690724,0.8577725587546965,0.8179671764373779,-0.009593980386853218,0.6855638027191162,-0.02009533904492855,0.02878568135201931,-0.02032439410686493,0.999998152256012,1.3870750000251064
20,49,0,0.05821164538793561,0.06511915770049492,-0.07944702682398064,0.18102385292643322,0.8405691673333574,-0.08688807617121674,0.1211764396285654,0.8651338290608903,0.87264084815979,-0.09778613597154617,0.7768096923828125,-0.016048813238739967,0.058284956961870193,0.012202279642224312,0.9999995231628418,1.5036020000138706
20,50,0,0.04906784919808115,0.07066749333218837,-0.07658684520410361,0.1794860450301766,0.8315868976831126,-0.08061624412231945,0.12255464290741662,0.8732579189154914,0.8958885073661804,-0.16085337102413177,0.8161588311195374,-0.017642036080360413,0.08148844540119171,0.04076315090060234,0.9999999403953552,1.5702690000125585
20,51,0,0.04068682878034126,0.07619108552957415,-0.07590105492961247,0.17857516249450164,0.8285598828873654,-0.07366475090294938,0.12377259035086417,0.8814442713674889,0.8125541806221008,-0.038771964609622955,0.6902070641517639,-0.010972677730023861,0.051166828721761703,-0.03503018617630005,0.9999967217445374,2.707971000006637
20,52,0,0.03501280908425539,0.08074729361977231,-0.07602760691193303,0.17872548719559528,0.8292638574204775,-0.06618118044952857,0.12492769451325267,0.8886689987412913,0.6857839822769165,0.02010904625058174,0.5065011382102966,-0.008298610337078571,0.033146731555461884,-0.0671328529715538,0.9998016953468323,1.346807999993871
20,53,0,0.02983866749008215,0.0862234177140838,-0.0760929403757525,0.17880445868767975,0.8296163657021354,-0.05845711974091914,0.12596080128421983,0.8954267255633238,0.7275697588920593,0.00024374027270823717,0.5727609395980835,-0.006266634911298752,0.048188138753175735,-0.062030669301748276,0.9999052882194519,1.706642000044667
20,54,0,0.02510935127029336,0.09285469593459486,-0.07612298878278642,0.17884121515780083,0.829794070454274,-0.050634139719792075,0.1268296046976442,0.902368897411635,0.7281550765037537,-0.012575468048453331,0.5813382863998413,-0.004968348890542984,0.05736382305622101,-0.056413400918245316,0.9998738169670105,1.3966000000209533
20,55,0,0.020981088553551963,0.10028690985535126,-0.07613747501679213,0.1788578843978996,0.8298860736284657,-0.04281991734362351,0.1274871617112808,0.9093118470882497,0.7054169774055481,-0.021052591502666473,0.559628963470459,-0.0035571306943893433,0.06368950009346008,-0.05186670273542404,0.9996669888496399,1.22333299998445
20,56,0,0.017501676059018412,0.10815738346172045,-0.07614461076476167,0.1788658945751955,0.8299325567972443,-0.03509383748636332,0.12790027507597262,0.9160450369589004,0.6686084866523743,-0.02543249912559986,0.520816445350647,-0.0024130968376994133,0.06855954229831696,-0.046366430819034576,0.9987604022026062,1.491995999970186
20,57,0,0.014640824401577858,0.11616243052091288,-0.07614814016543701,0.17886985890972437,0.829955763170574,-0.027555735325056684,0.1280448767362533,0.922418240118906,0.6235206127166748,-0.030098218470811844,0.4750211536884308,-0.0017301571788266301,0.0734541192650795,-0.040403831750154495,0.9946958422660828,1.7374550000113231
20,58,0,0.012319162038722842,0.12409909788441664,-0.07614988618088113,0.1788718217990199,0.8299673574245111,-0.02028786201999042,0.12789518642105815,0.928361478173245,0.5774614810943604,-0.041755128651857376,0.4295322597026825,-0.0012142242630943656,0.07747365534305573,-0.031879957765340805,0.9760085344314575,1.1528930000395121
20,59,0,0.010454379290209415,0.13179003928209693,-0.0761507499048021,0.1788727935906191,0.829973152413362,-0.013382228834194055,0.1274711263958986,0.9338316899834072,0.524120569229126,-0.05222732946276665,0.3810737133026123,-0.0004149684391450137,0.08016656339168549,-0.021269027143716812,0.8906556963920593,0.9749170000077356
20,60,0,0.008972928259494972,0.13906174562005053,-0.07615117715194553,0.17887327466871714,0.8299760493620866,-0.006936797705031879,0.12680166735788037,0.9387698289854653,0.4663783609867096,-0.06347069889307022,0.3278702199459076,0.00013180170208215714,0.08209175616502762,-0.010215488262474537,0.575332522392273,1.8423129999973753
20,61,0,0.007803074125813703,0.14579370934026958,-0.07615138848564888,0.1788735128121613,0.8299774976855934,-0.0010107401317937872,0.1259259254693199,0.9431421637378974,0.40922069549560547,-0.07081836462020874,0.27504047751426697,0.000637868361081928,0.08275552839040756,-0.0003435947000980377,-0.08547734469175339,1.1508339999863892
20,62,0,0.006887285403592092,0.1518612534100352,-0.07615149301780962,0.1788736306953129,0.8299782218009479,0.0043489943509513055,0.1249410066363705,0.9469089016192731,0.33853358030319214,-0.07492339611053467,0.2142888903617859,0.003200748236849904,0.07704314589500427,0.010752654634416103,-0.7421344518661499,1.0679139999751897
20,63,0,0.006186492956964562,0.15711175528826485,-0.07615154472206603,0.1788736890478916,0.8299785838423547,0.009046524350149342,0.12392599215469301,0.9500041781223199,0.25975072383880615,-0.07615896314382553,0.14817926287651062,0.005747255403548479,0.0697297528386116,0.022536596283316612,-0.9627841711044312,1.497726000025068
20,64,0,0.005659204952346897,0.16147175922512225,-0.07615157029613452,0.17887371793248455,0.8299787648565509,0.013052373723147628,0.12300415211161447,0.952430294098321,0.2002798616886139,-0.06455779075622559,0.09818489104509354,0.008290667086839676,0.06452098488807678,0.03821691870689392,-0.9953442215919495,1.0182529999838152
20,65,0,0.005402025750282014,0.1638703210093073,-0.07615158294558093,0.1788737322303661,0.8299788553607605,0.01455907611432606,0.12294520672131122,0.9544660373314106,-0.15839526057243347,-0.07922776788473129,0.08629263937473297,0.038967300206422806,0.0826236680150032,0.1166464313864708,-0.9993314743041992,1.2062939999850641
20,66,0,0.005274337813170993,0.1652594899166821,-0.07615158920223142,0.1788737393078204,0.8299789006114936,0.014301437128350258,0.12309667985101852,0.9565406194427162,-0.2000184953212738,-0.05848011374473572,0.05098002031445503,0.03720061480998993,0.07142924517393112,0.12134145945310593,-0.9998770356178284,1.0030569999912586
20,67,0,0.005212283314087296,0.16616765061997207,-0.0761515922968791,0.178873742811164,0.8299789232361829,0.01348794209776739,0.12295308803500639,0.9582338348593948,-0.22463953495025635,-0.03653963655233383,0.01393953152000904,0.03418957069516182,0.060507386922836304,0.12038332223892212,-0.9999775290489197,0.8917899999687506
20,68,0,0.005220827372525339,0.16644823344278514,-0.07615159382754211,0.1788737445453227,0.8299789345481872,0.01222766749758759,0.12269333014342293,0.9593538997519666,-0.24279248714447021,-0.012160021811723709,-0.019221359863877296,0.029978441074490547,0.05087118595838547,0.1198209673166275,-0.9999954700469971,1.0806239999965328
20,69,0,0.005295974505095492,0.16608709529270183,-0.07615159458463139,0.1788737454037341,0.8299789402040159,0.01059668032170477,0.12249974157293787,0.9599082737497057,-0.2560107111930847,0.014361795037984848,-0.050362035632133484,0.025716658681631088,0.04041958972811699,0.11750670522451401,-0.9999989867210388,0.8212600000092607
20,70,0,0.005432931986214574,0.16511403911082723,-0.07615159495909854,0.17887374582864973,0.8299789430318418,0.008672206543783157,0.12251754176689296,0.9599464269416303,-0.2693403959274292,0.04186002537608147,-0.08070727437734604,0.022686079144477844,0.03001532517373562,0.11102861911058426,-0.9999997615814209,0.9280109999849628
20,71,0,0.005634194072801646,0.16353985483374442,-0.07615159514431499,0.1788737460389842,0.82997894444571,0.006460406498616915,0.12280981773930855,0.959506459851508,-0.28362786769866943,0.06602779030799866,-0.10851488262414932,0.01947295293211937,0.02196195162832737,0.10179099440574646,-0.9999999403953552,0.7730339999625357
20,72,0,0.005900516050945603,0.16142089359825537,-0.07615159523592537,0.1788737461431006,0.8299789451526207,0.003954837890625623,0.1233686160573089,0.9586601201393298,-0.29273203015327454,0.08196903765201569,-0.1263415515422821,0.016843212768435478,0.016754668205976486,0.09132618457078934,-0.9999999403953552,0.7313009999734277
20,73,0,0.006226193949650594,0.1588837067787948,-0.0761515952812369,0.1788737461946387,0.8299789455060642,0.001192450898869435,0.12414921479229939,0.9575217087780508,-0.29799166321754456,0.08955781906843185,-0.1360909342765808,0.015087303705513477,0.012361490167677402,0.08258644491434097,-1.0,1.2023130000216042
20,74,0,0.006603307509332724,0.15607005601415727,-0.0761515953036485,0.17887374622015034,0.8299789456827801,-0.0017775266187368272,0.12507980354597717,0.9562032382063748,-0.29954543709754944,0.09058449417352676,-0.14044338464736938,0.013941691257059574,0.008762414567172527,0.07412190735340118,-1.0,1.0595029999649341
20,75,0,0.007023922466532041,0.15310101509302923,-0.07615159531473348,0.17887374623277877,0.8299789457711347,-0.004883851752141913,0.1260936610888878,0.9547791547541981,-0.29901954531669617,0.08752354979515076,-0.14170947670936584,0.013203360140323639,0.005784856621176004,0.06621330976486206,-1.0,1.0401739999679194
20,76,0,0.007484030850235069,0.15005166542027557,-0.07615159532021619,0.1788737462390299,0.8299789458153106,-0.008087674325512212,0.1271369993158987,0.9532920188126084,-0.2968834638595581,0.08220000565052032,-0.14097367227077484,0.012845989316701889,0.0032463071402162313,0.058913081884384155,-1.0,0.9729829999969297
20,77,0,0.007980549353823918,0.14697995282178847,-0.07615159532292799,0.1788737462421243,0.8299789458373978,-0.01135658448185893,0.12815907478709554,0.9517686629764461,-0.29385682940483093,0.07651857286691666,-0.13958145678043365,0.01273922249674797,0.0009855158859863877,0.05245940014719963,-1.0,0.7902330000320035
20,78,0,0.008511663531593883,0.14392254484273484,-0.0761515953242693,0.17887374624365598,0.829978945848441,-0.01466580762793377,0.12913095647265785,0.9502239111948889,-0.2900528013706207,0.07049965113401413,-0.13764017820358276,0.012734975665807724,-0.0009928379440680146,0.046529483050107956,-0.9999999403953552,0.9098209999933715
20,79,0,0.00907622435158043,0.14090131866425237,-0.0761515953249327,0.17887374624441424,0.8299789458539623,-0.017996831653416017,0.130045336302461,0.9486675781915868,-0.2853758633136749,0.06467361748218536,-0.13535381853580475,0.012849104590713978,-0.002660922007635236,0.041541438549757004,-0.9999999403953552,0.8994479999842042
20,80,0,0.009672649895931385,0.13793513847923056,-0.07615159532526083,0.17887374624478958,0.8299789458567229,-0.021329072687622574,0.13089580592503194,0.9471058457627818,-0.27978643774986267,0.05879470705986023,-0.13322918117046356,0.012885061092674732,-0.004296822007745504,0.036738958209753036,-0.9999999403953552,1.3270300000272073
20,81,0,0.010299620555287459,0.1350372849417126,-0.07615159532542314,0.1788737462449754,0.8299789458581032,-0.024645161248951546,0.13167870432261664,0.9455418447102095,-0.27365294098854065,0.053152620792388916,-0.13111992180347443,0.012866624630987644,-0.005744710564613342,0.032073974609375,-0.9999999403953552,0.8441740000080244
20,82,0,0.010955352903970584,0.13221889457352523,-0.0761515953255034,0.17887374624506738,0.8299789458587935,-0.02793292108875741,0.13239684987501438,0.9439819881028622,-0.26682379841804504,0.04765184223651886,-0.12820127606391907,0.012713031843304634,-0.006896947044879198,0.02750752493739128,-0.9999999403953552,0.9731769999916651
20,83,0,0.011637893126777089,0.12949039221078584,-0.0761515953255431,0.1788737462451129,0.8299789458591383,-0.03118156052897257,0.13304960594918525,0.9424316284035646,-0.2598561644554138,0.0421515554189682,-0.12568111717700958,0.012558240443468094,-0.007907350547611713,0.02333185449242592,-0.9999999403953552,0.8710630000337005
20,84,0,0.012345540284580203,0.12685775251443288,-0.07615159532556275,0.1788737462451355,0.8299789458593109,-0.034381143782634356,0.13363663354099156,0.9408920757633288,-0.25261566042900085,0.03686245158314705,-0.12332738190889359,0.012425202876329422,-0.008803673088550568,0.019619792699813843,-0.9999999403953552,0.7300629999917874
20,85,0,0.013075905114091247,0.1243274284919951,-0.07615159532557245,0.17887374624514665,0.8299789458593969,-0.03752357027127253,0.1341597354233469,0.9393674388194176,-0.24517470598220825,0.031999778002500534,-0.12046749889850616,0.012338763102889061,-0.009494997560977936,0.01611701212823391,-0.9999998807907104,0.6858650000367561
20,86,0,0.013825404349406113,0.12190635609767249,-0.07615159532557725,0.17887374624515218,0.8299789458594403,-0.04060080887386637,0.13462681895119522,0.9378655097342837,-0.2374230921268463,0.027902763336896896,-0.11712324619293213,0.012459353543817997,-0.01006703358143568,0.01257408782839775,-0.9999998807907104,1.1728540000035537
20,87,0,0.014590302288401115,0.11960004403314253,-0.07615159532557964,0.1788737462451549,0.8299789458594617,-0.04360501537518007,0.13504297054078482,0.9363920736558717,-0.22966428101062775,0.02401711791753769,-0.11381807178258896,0.012608506716787815,-0.010609780438244343,0.009045208804309368,-0.9999998807907104,1.1246420000361468
20,88,0,0.015368635385355489,0.11740763362157905,-0.07615159532558083,0.17887374624515626,0.8299789458594726,-0.04653198067391052,0.13540853755705068,0.9349456381680565,-0.2224978506565094,0.020064499229192734,-0.11144466698169708,0.01274638157337904,-0.011217906139791012,0.005870507564395666,-0.9999998211860657,0.9081440000500152
20,89,0,0.016161957118092818,0.11531637747266897,-0.0761515953255814,0.17887374624515695,0.829978945859478,-0.04938331415280749,0.13572565097058023,0.93351429204932,-0.2161407768726349,0.016601139679551125,-0.1107669398188591,0.012815771624445915,-0.011821947060525417,0.0034879546146839857,-0.9999998211860657,0.9124190000306953
20,90,0,0.016971034418018595,0.11331671756947016,-0.07615159532558174,0.17887374624515723,0.8299789458594807,-0.05215770753253971,0.1359942690435103,0.9320883100931661,-0.20962601900100708,0.01316590141505003,-0.11028710007667542,0.012787587940692902,-0.012463479302823544,0.0012286020210012794,-0.9999997615814209,0.6589129999952092
20,91,0,0.017795863645363962,0.11140507158588865,-0.0761515953255818,0.17887374624515723,0.8299789458594815,-0.05485177855691755,0.13620757458073285,0.9306616433609896,-0.20261654257774353,0.009814063087105751,-0.11012011021375656,0.012663930654525757,-0.01282674539834261,-0.0008511149790138006,-0.9999997019767761,0.6734330000313093
20,92,0,0.018636291569999165,0.10957846958498511,-0.0761515953255818,0.17887374624515723,0.8299789458594815,-0.057465186951926164,0.13636203466009086,0.929231217958354,-0.19581136107444763,0.0066413795575499535,-0.10979630798101425,0.012544347904622555,-0.012965664267539978,-0.0029945154674351215,-0.9999996423721313,1.105549999977029
20,93,0,0.019490956397247294,0.10783609416675263,-0.0761515953255818,0.17887374624515723,0.8299789458594815,-0.059997004967192305,0.13645852104524103,0.9277981724293832,-0.18888503313064575,0.0037666901480406523,-0.10937164723873138,0.012361117638647556,-0.012977054342627525,-0.005208590533584356,-0.9999995827674866,1.4173069999969812
20,94,0,0.02035769162801906,0.10617771603545728,-0.0761515953255818,0.17887374624515723,0.8299789458594815,-0.06244480440222596,0.1365001745978495,0.9263652088378753,-0.18200236558914185,0.001200671773403883,-0.1087520495057106,0.012194517999887466,-0.012959134764969349,-0.0073930746875703335,-0.9999995231628418,0.9248430000070584
20,95,0,0.02123447001092167,0.1046025300414955,-0.0761515953255818,0.17887374624515723,0.8299789458594815,-0.06480740887365022,0.13649014622720756,0.9249348786617253,-0.17505507171154022,-0.0011273504933342338,-0.10801612585783005,0.011864208616316319,-0.012831069529056549,-0.009478731080889702,-0.999999463558197,1.2119090000055621
20,96,0,0.022119621228321364,0.10310691772324534,-0.0761515953255818,0.17887374624515723,0.8299789458594815,-0.06708418490687776,0.13643537867822422,0.9235086390533584,-0.16800451278686523,-0.003101934911683202,-0.10725589841604233,0.011462959460914135,-0.012634923681616783,-0.01148822158575058,-0.9999993443489075,1.0814150000442169
20,97,0,0.023007450038018164,0.10169656716413239,-0.0761515953255818,0.17887374624515723,0.8299789458594815,-0.0692763434547524,0.13634333929190523,0.9220989066121453,-0.16110536456108093,-0.004801288712769747,-0.10639870166778564,0.011037535965442657,-0.012339494191110134,-0.013305150903761387,-0.9999992847442627,0.9515269999837983
20,98,0,0.023897033294198858,0.1003675378135634,-0.0761515953255818,0.17887374624515723,0.8299789458594815,-0.07138777032387907,0.13621972626226153,0.9207070186782567,-0.15446022152900696,-0.006334648467600346,-0.10545957833528519,0.010529423132538795,-0.011990261264145374,-0.01509014144539833,-0.9999991655349731,0.9895750000055159
20,99,0,0.024789121734333078,0.09910908290322537,-0.0761515953255818,0.17887374624515723,0.8299789458594815,-0.07341798453315702,0.13606958745029146,0.9193262551408351,-0.14777298271656036,-0.007747025694698095,-0.10426994413137436,0.010056275874376297,-0.011622937396168709,-0.016870105639100075,-0.9999989867210388,1.0489890000258129
20,100,0,0.025681503019163266,0.09791774531592103,-0.0761515953255818,0.17887374624515723,0.8299789458594815,-0.07536564723702581,0.13589830987099827,0.9179583696005261,-0.14108960330486298,-0.009016616269946098,-0.10286468267440796,0.009639895521104336,-0.011216520331799984,-0.018588822335004807,-0.9999988079071045,0.7776639999974577
20,101,0,0.02657185400032104,0.09679053449790771,-0.0761515953255818,0.17887374624515723,0.8299789458594815,-0.07723014222191976,0.13571072647800878,0.9166057201822266,-0.13453364372253418,-0.010020166635513306,-0.10140052437782288,0.0092554846778512,-0.010809283703565598,-0.020228134468197823,-0.9999986290931702,0.7116239999618301
20,102,0,0.02745817523343641,0.09572388594756276,-0.0761515953255818,0.17887374624515723,0.8299789458594815,-0.07901069779564601,0.13551053723136794,0.9152697424203889,-0.1281898468732834,-0.010868769139051437,-0.10003101825714111,0.008906782604753971,-0.01049134973436594,-0.021747147664427757,-0.9999983906745911,0.6933700000217868
20,103,0,0.02833911722824958,0.09471392573397161,-0.0761515953255818,0.17887374624515723,0.8299789458594815,-0.08070789364912061,0.13530004452168698,0.9139509673406943,-0.12200500816106796,-0.011633351445198059,-0.09864535182714462,0.008570890873670578,-0.010156468488276005,-0.02316194213926792,-0.9999980926513672,0.7927690000428811
20,104,0,0.02921408035304758,0.09375558198707541,-0.0761515953255818,0.17887374624515723,0.8299789458594815,-0.08232383589165079,0.13508273216304928,0.9126491320561414,-0.11601689457893372,-0.012378626503050327,-0.09736484289169312,0.008350245654582977,-0.009796400554478168,-0.024412984028458595,-0.9999977946281433,0.8276519999981247
20,105,0,0.030082944068951137,0.09284337439762785,-0.0761515953255818,0.17887374624515723,0.8299789458594815,-0.08386130771045479,0.1348621741378008,0.9113634285642306,-0.11024372279644012,-0.013106023892760277,-0.09614720195531845,0.008251670747995377,-0.00938514992594719,-0.02559640072286129,-0.9999974370002747,0.9753880000289428
20,106,0,0.03094576021607385,0.09197284116504538,-0.0761515953255818,0.17887374624515723,0.8299789458594815,-0.0853236439358905,0.1346402618177903,0.9100930887536964,-0.10477028787136078,-0.013707490637898445,-0.09498932212591171,0.008210305124521255,-0.008916612714529037,-0.026705604046583176,-0.9999970197677612,0.9359400000334972
20,107,0,0.03180165990221342,0.09114153306963846,-0.0761515953255818,0.17887374624515723,0.8299789458594815,-0.0867125928360928,0.1344170958632004,0.9088386353001802,-0.099524587392807,-0.014273769222199917,-0.09379218518733978,0.008199216797947884,-0.008516750298440456,-0.027745436877012253,-0.999996542930603,1.0281970000391993
20,108,0,0.032649504364632646,0.09034812409293255,-0.0761515953255818,0.17887374624515723,0.8299789458594815,-0.08802934783389789,0.13419139840279962,0.907601045249782,-0.09447193145751953,-0.014757389202713966,-0.09256701916456223,0.008159681223332882,-0.008149562403559685,-0.02874031290411949,-0.9999959468841553,0.8896150000055059
20,109,0,0.03348826900938328,0.08959163862659325,-0.0761515953255818,0.17887374624515723,0.8299789458594815,-0.08927587561423764,0.13396162328534836,0.9063812769099533,-0.08962832391262054,-0.015178799629211426,-0.09124689549207687,0.008069966919720173,-0.0077962917275726795,-0.029662834480404854,-0.9999952912330627,0.930369000002429
20,110,0,0.034316182252559634,0.08886985451023315,-0.0761515953255818,0.17887374624515723,0.8299789458594815,-0.09045155002233571,0.13372948375289578,0.9051810595290493,-0.0847780629992485,-0.015328160487115383,-0.08989313244819641,0.008045393042266369,-0.007614003494381905,-0.030681878328323364,-0.9999945759773254,0.786889999972118
20,111,0,0.03513258532206711,0.08817946837552927,-0.0761515953255818,0.17887374624515723,0.8299789458594815,-0.09155682174154318,0.13349658215771312,0.9040006360688053,-0.07997768372297287,-0.015413065440952778,-0.08855734765529633,0.008011494763195515,-0.007421655114740133,-0.03170451149344444,-0.9999937415122986,0.8223940000107177
20,112,0,0.0359381692333031,0.08751659015171873,-0.0761515953255818,0.17887374624515723,0.8299789458594815,-0.09259546286564384,0.13326472498927627,0.9028388796515829,-0.0753345787525177,-0.015345877036452293,-0.08722797781229019,0.007989230565726757,-0.007124750409275293,-0.032608434557914734,-0.9999927878379822,0.6521559999441706
20,113,0,0.036734758911509804,0.0868766927465935,-0.0761515953255818,0.17887374624515723,0.8299789458594815,-0.09357333167738667,0.13303640566480213,0.9016935263406831,-0.07095357030630112,-0.0149804363027215,-0.08603029698133469,0.00793488323688507,-0.006641947664320469,-0.0333852618932724,-0.9999916553497314,0.8699490000481092
20,114,0,0.03752309653478969,0.08625534204947423,-0.0761515953255818,0.17887374624515723,0.8299789458594815,-0.09449463129614505,0.13281641394208094,0.9005639244638448,-0.06649560481309891,-0.014488833956420422,-0.08464432507753372,0.007951593026518822,-0.006076614838093519,-0.03356694057583809,-0.9999904036521912,1.0821930000020075
20,115,0,0.038192513121607964,0.08558021042035129,-0.0761515953255818,0.17887374624515723,0.8299789458594815,-0.09505671616464634,0.13277933690893107,0.899562523301263,0.037596698850393295,-0.04303939640522003,-0.050163183361291885,0.016871239989995956,-0.0006514339474961162,0.021187806501984596,-0.9999970197677612,0.8499900000060734
20,116,0,0.03874090907036948,0.08493922205801013,-0.0761515953255818,0.17887374624515723,0.8299789458594815,-0.09523079085836644,0.13271101189645373,0.8986787107724181,0.04055219143629074,-0.04418128356337547,-0.0476222038269043,0.016631247475743294,-0.0005158278509043157,0.019842199981212616,-0.9999964833259583,0.8932459999755338
20,117,0,0.039212280042354476,0.08439918915277146,-0.0761515953255818,0.17887374624515723,0.8299789458594815,-0.09520902916484592,0.13248978525747884,0.8978653620868896,0.04214012250304222,-0.04461764916777611,-0.04594653844833374,0.016230469569563866,-0.0005862973048351705,0.018641650676727295,-0.9999958872795105,0.7900740000081896
20,118,0,0.039623114677407624,0.0839439873958464,-0.0761515953255818,0.17887374624515723,0.8299789458594815,-0.09506280421818113,0.13215981911476815,0.8971114134902128,0.04327036440372467,-0.044174354523420334,-0.04479888081550598,0.0158082265406847,-0.0007521453080698848,0.017653925344347954,-0.999995231628418,0.8084599999733655
20,119,0,0.03998192774261761,0.08354908412152516,-0.0761515953255818,0.17887374624515723,0.8299789458594815,-0.0948107837663692,0.13176114955017787,0.8964070075272217,0.04420551657676697,-0.04314294084906578,-0.043885957449674606,0.015319331549108028,-0.0009183788206428289,0.016866395249962807,-0.9999945163726807,0.8076149999851623
20,120,0,0.04029827047535498,0.08319733798908346,-0.0761515953255818,0.17887374624515723,0.8299789458594815,-0.09447610912463451,0.1313206061943128,0.8957414588422051,0.0449320487678051,-0.04171140864491463,-0.04314626753330231,0.014799462631344795,-0.0010875831358134747,0.016226662322878838,-0.9999936819076538,1.1234480000439362
20,121,0,0.0405796264257878,0.08287641437878109,-0.0761515953255818,0.17887374624515723,0.8299789458594815,-0.09407750733193246,0.13085783321004962,0.8951067727419209,0.04552171006798744,-0.04001660645008087,-0.042484261095523834,0.014257103204727173,-0.001230155467055738,0.015721958130598068,-0.999992847442627,0.9313959999985855
20,122,0,0.04083197949317599,0.08257722527446312,-0.0761515953255818,0.17887374624515723,0.8299789458594815,-0.09362986889261173,0.13038717946994713,0.894496857554596,0.045979682356119156,-0.03814752399921417,-0.04189524054527283,0.013701586984097958,-0.0013340032892301679,0.01531969103962183,-0.9999918937683105,0.786046999962764
20,123,0,0.04106030622444462,0.08229209082524606,-0.0761515953255818,0.17887374624515723,0.8299789458594815,-0.09314456302107764,0.12992018011709183,0.8939068398075501,0.046356089413166046,-0.03612438961863518,-0.04140660539269447,0.013180555775761604,-0.0014191875234246254,0.014984719455242157,-0.9999908804893494,0.7856020000076569
20,124,0,0.04126867272922322,0.08201486518801329,-0.0761515953255818,0.17887374624515723,0.8299789458594815,-0.09262995598758003,0.12946524051103822,0.8933327247745757,0.04666350781917572,-0.03398266062140465,-0.041009098291397095,0.012669653631746769,-0.0014990873169153929,0.014693960547447205,-0.9999897480010986,1.0126800000307412
20,125,0,0.041460161273659805,0.08174134705172685,-0.0761515953255818,0.17887374624515723,0.8299789458594815,-0.09209225635510793,0.12902761128037593,0.8927715088971965,0.0468897819519043,-0.031802184879779816,-0.04066335782408714,0.012159296311438084,-0.0015878608683124185,0.014397040009498596,-0.9999884963035583,0.7549289999815301
20,126,0,0.04163717811123612,0.08146864196291549,-0.0761515953255818,0.17887374624515723,0.8299789458594815,-0.09153643412642003,0.12861072028158452,0.8922210102479572,0.04706305265426636,-0.02964438684284687,-0.04034506157040596,0.011653379537165165,-0.0016724005108699203,0.014113178476691246,-0.9999871253967285,0.8675880000055258
20,127,0,0.04180184567321016,0.08119438822476926,-0.0761515953255818,0.17887374624515723,0.8299789458594815,-0.09096648519975202,0.12821693845461232,0.8916793149157728,0.04718194529414177,-0.027500614523887634,-0.04009624198079109,0.01115370448678732,-0.001751875621266663,0.013819481246173382,-0.9999855756759644,0.9148030000005747
20,128,0,0.041956034823428495,0.08091673488715648,-0.0761515953255818,0.17887374624515723,0.8299789458594815,-0.09038540995136209,0.12784741432463634,0.8911445404101284,0.04727313667535782,-0.025532405823469162,-0.039946846663951874,0.010661411099135876,-0.0018605755176395178,0.013701560907065868,-0.9999839663505554,0.857583000026807
20,129,0,0.042101332575941376,0.08063435587357788,-0.0761515953255818,0.17887374624515723,0.8299789458594815,-0.08979586247675228,0.12750271396974153,0.8906151591648364,0.0472644567489624,-0.023540781810879707,-0.039829909801483154,0.0101603539660573,-0.0019864432979375124,0.013709662482142448,-0.9999821782112122,0.873745000035342
20,130,0,0.04223903590851058,0.08034613852997372,-0.0761515953255818,0.17887374624515723,0.8299789458594815,-0.08919985560572001,0.12718320250151538,0.8900899479125678,0.0472281388938427,-0.021614830940961838,-0.039731062948703766,0.009664720855653286,-0.0021134247072041035,0.013715781271457672,-0.9999802112579346,0.8313559999919562
20,131,0,0.0423713086836572,0.08005056299813064,-0.0761515953255818,0.17887374624515723,0.8299789458594815,-0.088600525895672,0.1268892374076683,0.8895669279104269,0.04708881676197052,-0.01968216337263584,-0.03970187157392502,0.009178613312542439,-0.002243451774120331,0.013768969103693962,-0.9999780058860779,0.7709029999887207
20,132,0,0.04250078849637215,0.0797456298215935,-0.0761515953255818,0.17887374624515723,0.8299789458594815,-0.08800231322706116,0.12662204831548315,0.8890440457436625,0.04677613452076912,-0.01767777092754841,-0.03978953883051872,0.008723453618586063,-0.0023767270613461733,0.013890084810554981,-0.9999756217002869,1.079503999960707
20,133,0,0.0426287795331288,0.07943105228046406,-0.0761515953255818,0.17887374624515723,0.8299789458594815,-0.08740817716875972,0.12638125248576923,0.8885205509836175,0.046212807297706604,-0.015888525173068047,-0.03989540785551071,0.00828006025403738,-0.002527283737435937,0.013949647545814514,-0.9999730587005615,0.910967000038454
20,134,0,0.0427560625092584,0.07910723483207906,-0.0761515953255818,0.17887374624515723,0.8299789458594815,-0.08682014244544389,0.12616573756747224,0.8879962064494307,0.045594170689582825,-0.014201530255377293,-0.04003439098596573,0.007846674881875515,-0.00264278007671237,0.014016294851899147,-0.9999701380729675,0.9917990000190002
20,135,0,0.042883268471387494,0.0787739858958951,-0.0761515953255818,0.17887374624515723,0.8299789458594815,-0.0862391830151427,0.12597495643506512,0.8874706797449697,0.04496827349066734,-0.012597493827342987,-0.04019233584403992,0.007437878753989935,-0.0027438984252512455,0.01406822632998228,-0.9999668598175049,0.8788229999936448
20,136,0,0.04301045878905581,0.07843178928680898,-0.0761515953255818,0.17887374624515723,0.8299789458594815,-0.08566521939429221,0.12580740542798088,0.8869438473347315,0.04436944052577019,-0.011056384071707726,-0.04035331681370735,0.007009636145085096,-0.0028492899145931005,0.014104478061199188,-0.9999632239341736,0.8735229999956573
20,137,0,0.04313748722365077,0.07808143045581305,-0.0761515953255818,0.17887374624515723,0.8299789458594815,-0.08509788520486747,0.1256612891253101,0.8864157076968707,0.04377327859401703,-0.009604684077203274,-0.04051719233393669,0.006571440491825342,-0.002961688442155719,0.014127015136182308,-0.9999591112136841,0.8113330000014685
20,138,0,0.04326427560664423,0.07772363386431248,-0.0761515953255818,0.17887374624515723,0.8299789458594815,-0.0845368070041873,0.12553479070360066,0.8858860769602144,0.043181147426366806,-0.008263202384114265,-0.04072361811995506,0.006121600978076458,-0.003076528664678335,0.014070424251258373,-0.9999544620513916,1.0571239999990212
20,139,0,0.04339054166960363,0.07735843059835508,-0.0761515953255818,0.17887374624515723,0.8299789458594815,-0.08398055270999479,0.12542690558445324,0.8853546574513237,0.042709726840257645,-0.006949702277779579,-0.04103021323680878,0.005681944545358419,-0.0032234378159046173,0.013807317242026329,-0.9999492764472961,1.4347890000294683
20,140,0,0.043515463778818375,0.07698744426770901,-0.0761515953255818,0.17887374624515723,0.8299789458594815,-0.08342780333814163,0.12533490273829065,0.8848215899220977,0.04223773628473282,-0.005669391714036465,-0.04133129492402077,0.005258642137050629,-0.003373898798599839,0.013559643179178238,-0.9999433755874634,0.9718119999888586
20,141,0,0.043639104925175365,0.0766095894302702,-0.0761515953255818,0.17887374624515723,0.8299789458594815,-0.08287871756234924,0.12526089648845493,0.8842876685479357,0.04179573431611061,-0.004445825237780809,-0.0416179820895195,0.004839708562940359,-0.003516832832247019,0.013304525054991245,-0.9999368190765381,0.9722089999968375
20,142,0,0.04376259971118727,0.0762188321478924,-0.0761515953255818,0.17887374624515723,0.8299789458594815,-0.08233575050907342,0.12521577312869692,0.8837552279891371,0.041361428797245026,-0.003321782685816288,-0.04192027077078819,0.004434376023709774,-0.0036152685061097145,0.013126833364367485,-0.9999294877052307,0.8109839999974611
20,143,0,0.043884801860509665,0.07582195582677907,-0.0761515953255818,0.17887374624515723,0.8299789458594815,-0.08179760676641364,0.1251875067150408,0.8832225297482751,0.040947653353214264,-0.00227117701433599,-0.04218466207385063,0.0040444983169436455,-0.00368596613407135,0.012988269329071045,-0.9999213218688965,0.8219360000225606
20,144,0,0.04400526039602043,0.07542276741510438,-0.0761515953255818,0.17887374624515723,0.8299789458594815,-0.08126305184147294,0.1251685387183005,0.8826877453272776,0.040592342615127563,-0.0012720852391794324,-0.04239985719323158,0.0036527030169963837,-0.0037485279608517885,0.012860867194831371,-0.9999122619628906,0.7977149999760513
20,145,0,0.044124357832610796,0.07502038109800693,-0.0761515953255818,0.17887374624515723,0.8299789458594815,-0.0807321406042616,0.12515961282717283,0.8821504711984548,0.04024367406964302,-0.0003020911244675517,-0.04261590912938118,0.0032748677767813206,-0.0037987087853252888,0.012745640240609646,-0.999902069568634,0.7725859999823115
20,146,0,0.044242493209515246,0.07461364624620008,-0.0761515953255818,0.17887374624515723,0.8299789458594815,-0.08020521372756517,0.12516214162573966,0.8816106019748101,0.039916813373565674,0.0006437879055738449,-0.04281453415751457,0.0029172301292419434,-0.0038267765194177628,0.01264349464327097,-0.9998905658721924,0.766224000017246
20,147,0,0.04435977459405151,0.0742022136296258,-0.0761515953255818,0.17887374624515723,0.8299789458594815,-0.07968241077694628,0.12517646941467528,0.8810681258370033,0.03955721855163574,0.0015615045558661222,-0.043029554188251495,0.0025530592538416386,-0.0038635351229459047,0.012555698864161968,-0.9998775124549866,0.9565230000134761
20,148,0,0.04447632033693454,0.0737859568851428,-0.0761515953255818,0.17887374624515723,0.8299789458594815,-0.07916389657305536,0.12520254254248306,0.8805229402382074,0.03918766230344772,0.0024419191759079695,-0.04325926676392555,0.0021924686152487993,-0.003898952854797244,0.01248572301119566,-0.9998629689216614,0.7734680000339722
20,149,0,0.044590862595248554,0.07336885486245523,-0.0761515953255818,0.17887374624515723,0.8299789458594815,-0.07864917056602419,0.12523497697048913,0.8799752798495379,0.03878791630268097,0.0032665948383510113,-0.04349765554070473,0.0018345683347433805,-0.003929161000996828,0.012431003153324127,-0.9998466372489929,0.8991369999762355
20,150,0,0.044703272976143564,0.07295376108836624,-0.0761515953255818,0.17887374624515723,0.8299789458594815,-0.07813900344146138,0.1252696664548833,0.8794249173410623,0.03823963552713394,0.003976065199822187,-0.04373377561569214,0.0014746262459084392,-0.0039378441870212555,0.012399910017848015,-0.9998281598091125,0.7898730000306387
20,151,0,0.044814148047088734,0.0725403274490203,-0.0761515953255818,0.17887374624515723,0.8299789458594815,-0.0776340591225045,0.12530654186941345,0.8788712358740554,0.037583693861961365,0.004706616047769785,-0.04410429671406746,0.0011027469299733639,-0.004003296606242657,0.012358792126178741,-0.999807596206665,0.8422550000091178
20,152,0,0.04492455846591317,0.072126862421252,-0.0761515953255818,0.17887374624515723,0.8299789458594815,-0.07713489369097597,0.1253468060583611,0.8783130340509223,0.03681213781237602,0.005419903434813023,-0.044610559940338135,0.0007101808441802859,-0.004112564958631992,0.012314438819885254,-0.9997848272323608,0.9134829999766225
20,153,0,0.04503609451775956,0.07171236117077792,-0.0761515953255818,0.17887374624515723,0.8299789458594815,-0.07664321859727617,0.12539035316210456,0.8777486822578593,0.036067645996809006,0.005889604799449444,-0.04517011344432831,0.0002974811941385269,-0.004132718313485384,0.012312676757574081,-0.9997591376304626,0.8773199999723147
20,154,0,0.04515017412752969,0.07129535340009377,-0.0761515953255818,0.17887374624515723,0.8299789458594815,-0.07615999618695152,0.12543754532676657,0.8771764010586676,0.03531673178076744,0.006253514904528856,-0.04591084271669388,-8.890964090824127e-05,-0.004161851480603218,0.012356371618807316,-0.9997299313545227,0.7656060000158504
20,155,0,0.04526754573470668,0.07087420868154258,-0.0761515953255818,0.17887374624515723,0.8299789458594815,-0.07568516999198172,0.12548950040748108,0.8765950181949494,0.034582484513521194,0.006579354405403137,-0.04668479412794113,-0.0004354025877546519,-0.0042191604152321815,0.012416197918355465,-0.999696671962738,0.7612129999756689
20,156,0,0.04538845782649442,0.07044785317633746,-0.0761515953255818,0.17887374624515723,0.8299789458594815,-0.07521854690709426,0.1255473513640983,0.8760042111687976,0.033852625638246536,0.006891862489283085,-0.04747030884027481,-0.0007396758301183581,-0.004302778746932745,0.012485398910939693,-0.9996585845947266,1.0059759999876405
20,157,0,0.04551305382262301,0.07001601629320169,-0.0761515953255818,0.17887374624515723,0.8299789458594815,-0.07476017588543296,0.12561123940175564,0.8754037392466623,0.03312648460268974,0.007182782050222158,-0.04826904460787773,-0.0010332955280318856,-0.0043959892354905605,0.01257005799561739,-0.999614953994751,0.936371000022973
20,158,0,0.04564151184600273,0.06957965625648486,-0.0761515953255818,0.17887374624515723,0.8299789458594815,-0.07431072884630448,0.1256796451646055,0.8747933116991106,0.03232020512223244,0.007471820805221796,-0.04905874282121658,-0.0013716203393414617,-0.00447889044880867,0.012668602168560028,-0.999565064907074,0.8450700000253164
20,159,0,0.04577382920526954,0.06913966455234366,-0.0761515953255818,0.17887374624515723,0.8299789458594815,-0.07387061021256261,0.12575133224965432,0.8741728306470309,0.03151090815663338,0.007775326259434223,-0.049855418503284454,-0.0017322805942967534,-0.004573380574584007,0.012774927541613579,-0.9995076060295105,0.9337939999909395
20,160,0,0.04590985729328913,0.06869614852007225,-0.0761515953255818,0.17887374624515723,0.8299789458594815,-0.0734393713215452,0.12582600961603943,0.8735420300130571,0.030730903148651123,0.008159851655364037,-0.05070853605866432,-0.002115860115736723,-0.0047079348005354404,0.012911098077893257,-0.9994411468505859,1.0606989999928373
20,161,0,0.04604854188547858,0.06825013192286127,-0.0761515953255818,0.17887374624515723,0.8299789458594815,-0.07301582681499318,0.12590294677306887,0.8729014558818902,0.029969623312354088,0.008360663428902626,-0.05147610604763031,-0.0025003659538924694,-0.00492799561470747,0.013060550205409527,-0.9993640780448914,0.9319879999907243
20,162,0,0.04618855790043136,0.0678030876821334,-0.0761515953255818,0.17887374624515723,0.8299789458594815,-0.07259894550618055,0.1259815049629016,0.872252438625415,0.029217815026640892,0.008406264707446098,-0.052175138145685196,-0.0028570496942847967,-0.005226262845098972,0.013230244629085064,-0.9992743730545044,0.8637040000394336
20,163,0,0.0463291971065338,0.06735706006173264,-0.0761515953255818,0.17887374624515723,0.8299789458594815,-0.07218835411857256,0.12605940437016155,0.8715951872996452,0.02849538065493107,0.00845075398683548,-0.052880462259054184,-0.00320722465403378,-0.005530450027436018,0.013392157852649689,-0.999170184135437,0.676563000013175
20,164,0,0.0464698556622964,0.06691527556594622,-0.0761515953255818,0.17887374624515723,0.8299789458594815,-0.0717838878582075,0.12613234170695367,0.8709291776400652,0.02777266316115856,0.008452796377241611,-0.05357585847377777,-0.0035604422446340322,-0.005835064686834812,0.013566786423325539,-0.9990488886833191,0.8256930000243301
20,165,0,0.04661025724503444,0.06647872555703523,-0.0761515953255818,0.17887374624515723,0.8299789458594815,-0.07138527923742649,0.12619913700815386,0.8702541084831681,0.027120167389512062,0.008498133160173893,-0.05430580675601959,-0.003889782354235649,-0.006156275514513254,0.013778869062662125,-0.9989072680473328,0.8458840000002965
20,166,0,0.046749271761708934,0.06604747575956549,-0.0761515953255818,0.17887374624515723,0.8299789458594815,-0.0709904734330813,0.12626017104498755,0.8695698991149569,0.026578055694699287,0.008632497861981392,-0.05510374903678894,-0.004209048580378294,-0.0066042495891451836,0.014042054302990437,-0.9987411499023438,0.7960269999784941
20,167,0,0.046886707621706186,0.06562064108218797,-0.0761515953255818,0.17887374624515723,0.8299789458594815,-0.07059800561832302,0.12631622704773662,0.8688753898256532,0.026041027158498764,0.008878817781805992,-0.05608275532722473,-0.0045258160680532455,-0.007115463726222515,0.014379985630512238,-0.9985480308532715,0.9416060000262405
20,168,0,0.04702281723964903,0.06519764807458027,-0.0761515953255818,0.17887374624515723,0.8299789458594815,-0.07020766927074062,0.12636757493199824,0.8681693246419,0.02547583542764187,0.009127596393227577,-0.05708068236708641,-0.004844290670007467,-0.0076636141166090965,0.014711681753396988,-0.9983223080635071,0.82831399998895
20,169,0,0.04715733320536119,0.0647794697021089,-0.0761515953255818,0.17887374624515723,0.8299789458594815,-0.06981935047531666,0.12641310061358627,0.867451109260618,0.024826446548104286,0.009324641898274422,-0.058155596256256104,-0.005186975002288818,-0.008286206051707268,0.015063624829053879,-0.9980562329292297,0.8230569999909676
20,170,0,0.04729092696993312,0.06436534370588916,-0.0761515953255818,0.17887374624515723,0.8299789458594815,-0.06943357474163583,0.12645337490395087,0.8667195274860828,0.024216048419475555,0.009608549065887928,-0.05934210494160652,-0.005512098781764507,-0.008914316073060036,0.015530760399997234,-0.997739315032959,0.8822779999491104
20,171,0,0.047423865854141614,0.06395462710668577,-0.0761515953255818,0.17887374624515723,0.8299789458594815,-0.06905054075870701,0.12648905854736356,0.8659735822265587,0.023659879341721535,0.009895764291286469,-0.06052292510867119,-0.005844975356012583,-0.009560338221490383,0.01601286791265011,-0.9973613619804382,0.9569480000095609
20,172,0,0.04755575467033296,0.06354802488165281,-0.0761515953255818,0.17887374624515723,0.8299789458594815,-0.06867025286720255,0.12651988278944676,0.8652132184167579,0.023108085617423058,0.01016886718571186,-0.061656076461076736,-0.006189241074025631,-0.010223012417554855,0.016523348167538643,-0.9969086647033691,0.9143150000454625
20,173,0,0.04768706932711583,0.06314604654523215,-0.0761515953255818,0.17887374624515723,0.8299789458594815,-0.06829375362116223,0.12654524031170486,0.8644376890869057,0.022558627650141716,0.010415813885629177,-0.0628693699836731,-0.006565936375409365,-0.010826405137777328,0.017095055431127548,-0.996364414691925,0.9402919999956794
20,174,0,0.04782013041117372,0.06274496977265752,-0.0761515953255818,0.17887374624515723,0.8299789458594815,-0.06792323650755351,0.1265687132506908,0.8636450841349247,0.0220178235322237,0.010754351504147053,-0.06425268203020096,-0.006877243053168058,-0.011385153979063034,0.01813233084976673,-0.9957069754600525,1.2256969999953071
20,175,0,0.04795796973937764,0.06233810593388859,-0.0761515953255818,0.17887374624515723,0.8299789458594815,-0.06756089195139442,0.12659694527041598,0.8628327941395344,0.021487321704626083,0.01117284782230854,-0.06586607545614243,-0.007109919097274542,-0.011918321251869202,0.019659023731946945,-0.9949079155921936,0.9777519999829565
20,176,0,0.04810190305422749,0.06192080224881775,-0.0761515953255818,0.17887374624515723,0.8299789458594815,-0.0672069293197,0.126634589196108,0.8619984582228075,0.021090863272547722,0.011682490818202496,-0.06760711222887039,-0.007305212784558535,-0.012435086071491241,0.021283306181430817,-0.9939284324645996,0.8747819999825879
20,177,0,0.04825343775193461,0.061488000823972974,-0.0761515953255818,0.17887374624515723,0.8299789458594815,-0.0668623569034187,0.12668748823249665,0.8611410826524091,0.020383387804031372,0.012621458619832993,-0.06937053054571152,-0.0074026500806212425,-0.012954449281096458,0.022944189608097076,-0.9927554130554199,0.8913309999911689
20,178,0,0.0484139171586219,0.06103681795650668,-0.0761515953255818,0.17887374624515723,0.8299789458594815,-0.066529253028968,0.12675907056241487,0.8602603634858925,0.019537946209311485,0.013947030529379845,-0.07110335677862167,-0.0075196772813797,-0.013374894857406616,0.024376465007662773,-0.9913230538368225,1.0026209999978164
20,179,0,0.04858740668327574,0.06056639979809981,-0.0761515953255818,0.17887374624515723,0.8299789458594815,-0.0662126843898595,0.1268474668375706,0.8593519451091116,0.018160458654165268,0.01507015060633421,-0.0734572485089302,-0.007686037104576826,-0.013594535179436207,0.02571144886314869,-0.9895681738853455,1.0028429999806576
20,180,0,0.04877485367201633,0.06007758665634759,-0.0761515953255818,0.17887374624515723,0.8299789458594815,-0.06591428423190687,0.12695033738174882,0.8584126141424449,0.016826940700411797,0.016211597248911858,-0.07580982893705368,-0.007867991924285889,-0.013833407312631607,0.027008431032299995,-0.987379252910614,1.0082050000050913
20,181,0,0.04897281489684931,0.05957378456123314,-0.0761515953255818,0.17887374624515723,0.8299789458594815,-0.0656308560574259,0.12706583251056752,0.8574432850408457,0.015854302793741226,0.01757766865193844,-0.07793588936328888,-0.008136396296322346,-0.014094425365328789,0.028254017233848572,-0.9845898747444153,0.8251259999951799
20,182,0,0.04917646533239657,0.05905809520385821,-0.0761515953255818,0.17887374624515723,0.8299789458594815,-0.06535717135805375,0.12719347329964947,0.8564456874155374,0.01514520775526762,0.018920868635177612,-0.08005165308713913,-0.008368190377950668,-0.014482774771749973,0.02932891435921192,-0.9810767769813538,0.7305650000262176
20,183,0,0.049382505226505814,0.05853516641437529,-0.0761515953255818,0.17887374624515723,0.8299789458594815,-0.06509008714679597,0.12732962794043304,0.8554193195233619,0.014265432022511959,0.019889507442712784,-0.08243333548307419,-0.008651010692119598,-0.014964472502470016,0.030305318534374237,-0.9766375422477722,0.7976470000130575
20,184,0,0.04958846070681279,0.058010786294202886,-0.0761515953255818,0.17887374624515723,0.8299789458594815,-0.06482760860859038,0.12746835024867276,0.8543613967975988,0.013376773335039616,0.02092696912586689,-0.08516944199800491,-0.009087794460356236,-0.015542574226856232,0.03132253512740135,-0.971007227897644,0.78935400000546
20,185,0,0.049788813447409944,0.057488573414494516,-0.0761515953255818,0.17887374624515723,0.8299789458594815,-0.06456317140217722,0.12760811487587156,0.8532701361363588,0.013066400773823261,0.02210310287773609,-0.08802539855241776,-0.009538951329886913,-0.016390614211559296,0.03245196491479874,-0.9636587500572205,0.8621140000286687
20,186,0,0.049976892959751586,0.05697120256380976,-0.0761515953255818,0.17887374624515723,0.8299789458594815,-0.06428943368941625,0.12775042341836962,0.852146780801852,0.013357740826904774,0.023651717230677605,-0.09046158194541931,-0.010048109106719494,-0.01734144054353237,0.033575721085071564,-0.9539086818695068,1.4481110000019726
20,187,0,0.050148797929159786,0.056460343607890935,-0.0761515953255818,0.17887374624515723,0.8299789458594815,-0.064002846440261,0.1278967551786053,0.8509914345898345,0.013785257004201412,0.025200584903359413,-0.09313811361789703,-0.010618006810545921,-0.018332818523049355,0.034625276923179626,-0.9409806728363037,0.9844819999784704
20,188,0,0.05030162531557732,0.05595756046107832,-0.0761515953255818,0.17887374624515723,0.8299789458594815,-0.06370160263232495,0.12804810645024223,0.849803188446038,0.014864667318761349,0.026545019820332527,-0.09554918110370636,-0.011218230240046978,-0.01916370540857315,0.035496246069669724,-0.9235567450523376,0.8750640000130261
20,189,0,0.05043392650640197,0.05546535763968008,-0.0761515953255818,0.17887374624515723,0.8299789458594815,-0.06338481696777716,0.1282027173604055,0.8485763139587843,0.015352323651313782,0.028302272781729698,-0.09916391223669052,-0.012064660899341106,-0.020127631723880768,0.036645080894231796,-0.9002969264984131,1.0364429999754066
20,190,0,0.050545325927625076,0.05498200059212343,-0.0761515953255818,0.17887374624515723,0.8299789458594815,-0.06305203358574722,0.1283630685692436,0.8473021474127881,0.015232150442898273,0.03029087744653225,-0.10360467433929443,-0.01289820484817028,-0.021404726430773735,0.03806649520993233,-0.8697088360786438,0.9692269999845848
20,191,0,0.05063619065987266,0.054504069670733485,-0.0761515953255818,0.17887374624515723,0.8299789458594815,-0.06270450509384053,0.128534315860635,0.8459730423808052,0.01500424649566412,0.032657284289598465,-0.10855939984321594,-0.013753796927630901,-0.02269871160387993,0.03940507024526596,-0.8291534185409546,0.7593949999886718
20,192,0,0.05063260497619895,0.05406318188739096,-0.07615818109377309,0.17885460343548457,0.8298911176586541,-0.0623217520618741,0.12870896580432745,0.8446151080824156,0.014463861472904682,0.03622160106897354,-0.11465158313512802,-0.014642719179391861,-0.024010859429836273,0.04058977961540222,-0.7743247151374817,0.7767430000171771
20,193,0,0.050479446923360274,0.05380833528686137,-0.07616696100076958,0.17881645463113588,0.8296119457905833,-0.06188068389083109,0.12879325327589608,0.8433567105704721,0.015063268132507801,0.040474291890859604,-0.11926617473363876,-0.015731684863567352,-0.0258275605738163,0.04106573387980461,-0.7184379696846008,0.9013769999910437
20,194,0,0.05048644191760206,0.05354257933606969,-0.07614435503541542,0.1788035629820024,0.8293766165035226,-0.061596789249783734,0.12887456453570406,0.8421151896505267,0.016230594366788864,0.045593734830617905,-0.12119624018669128,-0.016554171219468117,-0.02815721370279789,0.03970103710889816,-0.6978141665458679,0.8888369999908718
20,195,0,0.05054867663344851,0.05329076217699807,-0.07612394751147551,0.17880352070721994,0.8291821552692412,-0.06141051920589042,0.12894482474074853,0.840909507801878,0.015701642259955406,0.04943190515041351,-0.1251896172761917,-0.01723080687224865,-0.02972443774342537,0.03898497670888901,-0.6579177975654602,0.8801299999845469
20,196,0,0.050584143776628704,0.0530581776605947,-0.07610801234441127,0.17880442033470453,0.829012248575457,-0.061225003733896506,0.12903031087138714,0.8397920583370563,0.016241909936070442,0.052698299288749695,-0.12832066416740417,-0.017850028350949287,-0.03094906359910965,0.038786135613918304,-0.6025872230529785,1.1735189999626527
20,197,0,0.05058456942960046,0.05291736953847204,-0.07608910088686349,0.17879775920039423,0.828760828657334,-0.06106890170320606,0.12906256634768554,0.8388133013510716,0.017621638253331184,0.055509302765131,-0.13143180310726166,-0.018661323934793472,-0.032114382833242416,0.03857557848095894,-0.5390264987945557,0.7439569999974083
20,198,0,0.050537221448635886,0.05287162753981781,-0.07607122123434165,0.17878132322015652,0.8284632847190396,-0.06093520970231678,0.12904191219475403,0.8380706331803842,0.01771235279738903,0.05811097472906113,-0.13543535768985748,-0.01935059204697609,-0.0335887148976326,0.037612706422805786,-0.5003515481948853,0.8748350000473692
20,199,0,0.05046670607335757,0.052865320242076866,-0.07605163030411487,0.17876297886360398,0.8282009670041707,-0.06081291578641082,0.12901379577604655,0.8375573790443679,0.018952682614326477,0.060653261840343475,-0.13629154860973358,-0.0197347030043602,-0.03526165708899498,0.03597958758473396,-0.4947742521762848,1.139709000028688
20,200,0,0.05039174863606813,0.052869447187978307,-0.07602882608792538,0.17875245993588224,0.8279914041366087,-0.060698697087644235,0.12900369881219595,0.8372232163885756,0.02147619239985943,0.06285440921783447,-0.13485074043273926,-0.019951490685343742,-0.03686296194791794,0.034248705953359604,-0.5031646490097046,0.9232290000227295
40,1,0,0.06922270035706278,0.07997088389018953,-0.11118768945559601,0.1744398259275345,0.8299789458511474,-0.1627799287666863,0.11714884491522021,0.8512233947188401,-0.04812096059322357,0.037315670400857925,-0.24700498580932617,0.009176786057651043,-0.03343728184700012,0.06881935149431229,-0.9932446479797363,1.2136029999965103
40,2,0,0.06461084175846019,0.08573664961358532,-0.11118768809112511,0.1744398274008296,0.8299789458424414,-0.16025836333992832,0.10756952237468417,0.8516861848031996,0.025449641048908234,0.08703123778104782,-0.21668730676174164,0.007975392043590546,-0.026487452909350395,0.06487752497196198,-0.9065393209457397,0.7729089999770622
40,3,0,0.06518312866912537,0.0860050481403082,-0.11118768741252216,0.17443982813355488,0.8299789458443583,-0.16048621097608137,0.10664876831126469,0.8492376085248405,0.0943516418337822,0.13101595640182495,-0.1789666712284088,0.005868393462151289,-0.024527186527848244,0.06198319420218468,-0.5932056307792664,0.8096050000290234
40,4,0,0.06644060698405611,0.08518708419451718,-0.11118768707531027,0.17443982849766135,0.829978945848637,-0.1597514541553132,0.10646926000318357,0.8466643184576166,0.12863007187843323,0.14205406606197357,-0.16115641593933105,0.003959531430155039,-0.02538602612912655,0.0565173402428627,-0.23486950993537903,0.8237609999923734
40,5,0,0.06800497356247162,0.08384138120712113,-0.11118768690774507,0.17443982867859084,0.8299789458524286,-0.1585504859932123,0.10672724436308707,0.8441616251064786,0.12552085518836975,0.14579451084136963,-0.16850553452968597,0.0028449466917663813,-0.02746492810547352,0.053901564329862595,-0.1720382422208786,0.8558709999988423
40,6,0,0.06973312711522926,0.08226036286712897,-0.11118768682447963,0.17443982876849715,0.8299789458551453,-0.1572483452274024,0.10727978075775968,0.8415854525525298,0.09037930518388748,0.14376482367515564,-0.19586224853992462,0.0022903101053088903,-0.029914500191807747,0.055064111948013306,-0.426872193813324,1.0718919999703758
40,7,0,0.07151635842003339,0.08060042873762126,-0.11118768678310392,0.1744398288131728,0.8299789458569116,-0.1559745768121089,0.10801671957578782,0.8388408956117115,0.06787576526403427,0.14304998517036438,-0.21910512447357178,0.0011445037089288235,-0.03209898620843887,0.054081276059150696,-0.507561206817627,0.881841000023087
40,8,0,0.07325287200180423,0.07891199976680341,-0.11118768676254376,0.17443982883537276,0.8299789458579976,-0.15467737992683825,0.1088621399262143,0.8359217577349741,0.06252072006464005,0.14422515034675598,-0.23649300634860992,-0.0006880423752591014,-0.03435590863227844,0.05063359811902046,-0.40052932500839233,0.8199359999707667
40,9,0,0.07448374068532104,0.07748178412540954,-0.11118768675232714,0.17443982884640427,0.8299789458586412,-0.1533569822456488,0.10950895298983954,0.8330052884289504,0.06920354068279266,0.14728301763534546,-0.24749068915843964,-0.0028418831061571836,-0.03673138841986656,0.045830849558115005,-0.1367422342300415,0.7861619999971481
40,10,0,0.0733134620933821,0.07813164784802487,-0.11118768674725035,0.17443982885188591,0.8299789458590128,-0.15217996984494206,0.10796959557507092,0.8324069512157338,0.08537723124027252,0.15296560525894165,-0.25410154461860657,-0.005565893370658159,-0.03932911530137062,0.04113923758268356,0.2472110390663147,0.7211409999854368
40,11,0,0.07212842149828941,0.07882752725676612,-0.11118768674472763,0.17443982885460987,0.8299789458592234,-0.15111745337771826,0.10650937676597097,0.8321804156146931,0.13221624493598938,0.16156120598316193,-0.2283594310283661,-0.00882657803595066,-0.0396214984357357,0.036341819912195206,0.6345627307891846,1.124909999987267
40,12,0,0.07145861291164338,0.07920562715230425,-0.1109212265210418,0.1739720293819817,0.8299570233506091,-0.1501288801406834,0.1051784924527383,0.8318910727286932,0.1954958289861679,0.17192062735557556,-0.18914790451526642,-0.012695720419287682,-0.03986841067671776,0.02999989315867424,0.8863171935081482,0.920551999968211
40,13,0,0.07133156704724151,0.07930052152286737,-0.11021385599086214,0.17307511086317465,0.8298955517044143,-0.1493287922673683,0.10411487896498861,0.8316507982489253,0.24307991564273834,0.18010000884532928,-0.15413077175617218,-0.015453861095011234,-0.04044682905077934,0.02328084595501423,0.9507731795310974,0.8342799999923045
40,14,0,0.07136558839775409,0.07929955880263843,-0.10938722050125964,0.17204906634082995,0.829832409680293,-0.148542481898195,0.10310870412096801,0.8314173349861059,0.2720487117767334,0.18187564611434937,-0.12695173919200897,-0.016697293147444725,-0.04079966992139816,0.017750324681401253,0.9654865264892578,1.0425639999880332
40,15,0,0.07159665242883732,0.07918859367238333,-0.10840635224536616,0.1708597951369189,0.8297889985735394,-0.14777995218407214,0.10216806767541342,0.8312030615250434,0.3042246401309967,0.18336912989616394,-0.09631074965000153,-0.01804794743657112,-0.04096043109893799,0.011892074719071388,0.9776915907859802,0.8196980000434451
40,16,0,0.07190124257478454,0.07904128866905807,-0.10718371335573401,0.16963136970073914,0.8298708355214467,-0.14686562950452153,0.10128383565707379,0.8310896199059754,0.3389236032962799,0.18399417400360107,-0.06258232891559601,-0.019534166902303696,-0.04098868370056152,0.0049760229885578156,0.9866799116134644,1.0893709999777457
40,17,0,0.07236595615537104,0.07879803348805159,-0.1053994860734675,0.16841938822118818,0.8302346605591451,-0.14548295799148206,0.10058499878530533,0.8312046968691983,0.3772251009941101,0.18422529101371765,-0.023953687399625778,-0.02107679285109043,-0.040749967098236084,-0.0031318524852395058,0.9924286603927612,0.8255630000348901
40,18,0,0.07388403052499172,0.07787973214489166,-0.10228130456729208,0.16776452534707104,0.8306608848862715,-0.14350041432809973,0.10168990979019861,0.8312796324099632,0.43235135078430176,0.18317554891109467,0.03493007645010948,-0.023278163745999336,-0.03995876759290695,-0.013850674964487553,0.9967849254608154,1.8727109999758795
40,19,0,0.07669657506591131,0.07630595034513737,-0.0958899904763612,0.1655696284930555,0.8318541033729149,-0.13999531012631455,0.10330223638170881,0.8321552948432581,0.5600266456604004,0.18378998339176178,0.18796271085739136,-0.026330435648560524,-0.034114476293325424,-0.03828519582748413,0.999763548374176,1.0963459999970837
40,20,0,0.3530781580219611,0.07519435534650723,-0.0878750891048043,0.1637776724268859,0.8350606044089629,-0.13458093629995024,0.10484795168018979,0.8348534173512328,0.7061663269996643,0.17282326519489288,0.41407835483551025,-0.02433997020125389,-0.019482143223285675,-0.07130257040262222,0.999990701675415,0.8594070000071952
40,21,0,0.3536250407610156,0.07476738632839447,-0.07940906320125546,0.16331730820508117,0.8404303927079351,-0.12795996386088507,0.10646187467438128,0.8397732918371907,0.8128368854522705,0.13779786229133606,0.6158554553985596,-0.018558260053396225,1.69314444065094e-05,-0.09353427588939667,0.9999992847442627,0.9096449999788092
40,22,0,0.3544580592723162,0.07444808868585058,-0.07042154531058373,0.1629920174531184,0.847590182378976,-0.1208085610839796,0.10819667574310211,0.8465238441069538,0.8660844564437866,0.09908562153577805,0.7200465202331543,-0.014019917696714401,0.018550535663962364,-0.11588283628225327,0.9999997615814209,1.172027999984948
40,23,0,0.35564142265597853,0.07428247261957871,-0.06115001373848536,0.16286406749237609,0.8559302607842167,-0.11322218359160552,0.10990638602471507,0.8545668683843488,0.9090088605880737,0.05772810056805611,0.8009426593780518,-0.009807078167796135,0.04143849387764931,-0.14496111869812012,0.9999999403953552,0.8054140000126608
40,24,0,0.357268765646734,0.07421937381350761,-0.0515825836298609,0.16269190856779187,0.8649953156152367,-0.10525642390326703,0.111453215547453,0.8635017771518744,0.9366135001182556,0.015147697180509567,0.8442074656486511,-0.0065514869056642056,0.06622519344091415,-0.1758345365524292,1.0,0.959845000011228
40,25,0,0.3594694288287251,0.07421335059153512,-0.04149934749879266,0.16213098836533918,0.8744558771320798,-0.09677361861542237,0.11263044173921341,0.8730163486460231,0.9516460299491882,-0.019582731649279594,0.8558229804039001,-0.0062615033239126205,0.0791529044508934,-0.2095341831445694,1.0,1.2260970000284033
40,26,0,0.3624252777451407,0.07423964479551007,-0.03071395490659774,0.1610365102590149,0.8841538378577743,-0.0876057588839604,0.11335700011166684,0.8829242803463975,0.959138810634613,-0.04066620394587517,0.8504530787467957,-0.006047357805073261,0.0821717381477356,-0.2361541986465454,1.0,0.9685900000135916
40,27,0,0.36637706657395924,0.07428489611751031,-0.019162804408181477,0.1593993464251437,0.8940137403858868,-0.07768535087253432,0.11365521426076058,0.8931017540677813,0.9632657170295715,-0.051618244498968124,0.8351454734802246,-0.004166347905993462,0.07835493236780167,-0.2626202404499054,1.0,0.6929689999992661
40,28,0,0.3715915061954296,0.07434049693921177,-0.00689614097757337,0.15715357883283987,0.9039213625740993,-0.06706782477532612,0.11350033248965627,0.9033997901308647,0.965334415435791,-0.058730728924274445,0.8113347887992859,-0.002577474107965827,0.07417843490839005,-0.2900109887123108,1.0,0.9578880000162826
40,29,0,0.3783228889852919,0.07440263080737645,0.005946275821174266,0.15430419683044275,0.9137254500379228,-0.055870775209880714,0.11289891716258257,0.913644898756167,0.9655008912086487,-0.06400404870510101,0.7781407237052917,-0.0008139971760101616,0.06942974776029587,-0.3114772140979767,1.0,0.8405549999679351
40,30,0,0.3867828887944744,0.07447101778627473,0.019210732646280895,0.1509382695049658,0.9232823095804347,-0.04421355238149864,0.11191081302948498,0.92366986588999,0.9648118615150452,-0.07181017100811005,0.7371699213981628,0.0014370381832122803,0.06378962099552155,-0.3282833993434906,1.0,0.7415949999654003
40,31,0,0.3970364444522241,0.07454348676479162,0.03271796691646387,0.14716005407739943,0.9324127405443502,-0.032243409460054995,0.11060880542828216,0.9332829247267652,0.9631808996200562,-0.08274079114198685,0.68674635887146,0.0032549689058214426,0.06004083901643753,-0.33376452326774597,1.0,1.0482170000045699
40,32,0,0.40896022190483905,0.0746181434699482,0.046317556759411675,0.14310495232039205,0.940936336678402,-0.02007939558892802,0.10908329855218568,0.9422924814458845,0.9604790806770325,-0.09384598582983017,0.6264294385910034,0.004927189089357853,0.055832937359809875,-0.33096978068351746,1.0,0.8426939999708338
40,33,0,0.42229949945785156,0.07469374505124429,0.05991981383610007,0.13886762311950948,0.9487255908542126,-0.007795231213063367,0.10739574707957324,0.9505556843755754,0.9568811058998108,-0.10307617485523224,0.5614221692085266,0.005527514964342117,0.05089052394032478,-0.3244321942329407,1.0,1.0337360000107765
40,34,0,0.43680225432952235,0.07476903182648659,0.07344106594722884,0.13459367183157503,0.9557503344126436,0.0045370634697594345,0.10565446491176071,0.9580238483684452,0.9516005516052246,-0.11180320382118225,0.498434841632843,0.007175936829298735,0.0449075885117054,-0.31014710664749146,1.0,1.030509000031543
40,35,0,0.45220061606963974,0.07484280180333608,0.08681214062337465,0.1303945878566238,0.9619935167875997,0.016857783391308875,0.10392384094997957,0.9646641804179277,0.943308413028717,-0.12208465486764908,0.43408018350601196,0.008275923319160938,0.03740251436829567,-0.28889721632003784,1.0,0.8882939999921291
40,36,0,0.4683143864222844,0.07491415305143377,0.09999017985933677,0.1263195299285236,0.967468199063755,0.029124270393238175,0.10221328749441767,0.9704752372518185,0.9318958520889282,-0.13058225810527802,0.3723088800907135,0.009117299690842628,0.02848699875175953,-0.26426127552986145,1.0,1.0981179999589585
40,37,0,0.4850323524998934,0.07498279148647685,0.11293530794432674,0.1223832662846478,0.9721949558342095,0.04128957990270438,0.1005064014517042,0.975467792153286,0.9162522554397583,-0.1377793252468109,0.3104087710380554,0.00899082887917757,0.01884029619395733,-0.2376098781824112,1.0,0.9277450000126919
40,38,0,0.5023090653790575,0.07504862796570698,0.125606996030083,0.11858821980703901,0.9761992260900877,0.053300395786994456,0.09878767027000519,0.9796619358458649,0.8962859511375427,-0.14217767119407654,0.2515696585178375,0.008539625443518162,0.008962109684944153,-0.21186408400535583,1.0,0.9535000000369109
40,39,0,0.5201021270541473,0.07511180165293856,0.13795665347405844,0.11495191872856275,0.9795054263287981,0.06509273774363501,0.09706758627883592,0.9830807843259479,0.87022864818573,-0.14177988469600677,0.19288016855716705,0.007866056635975838,-0.0008984783198684454,-0.18782836198806763,1.0,1.1976459999800682
40,40,0,0.5383020117083179,0.07517293921295548,0.14992234296671292,0.11150343038814171,0.9821288707298779,0.07659115851026045,0.09536514664229842,0.9857432826968644,0.8379329442977905,-0.13808654248714447,0.13584715127944946,0.006380506791174412,-0.010256722569465637,-0.16436311602592468,1.0,0.9487120000244431
40,41,0,0.5567550119747435,0.0752297337966678,0.16144535479137417,0.10825270144690005,0.9841014795212923,0.08772440103548763,0.09369654886151468,0.987686482499104,0.7997588515281677,-0.1320660263299942,0.08158581703901291,0.004310653079301119,-0.01952558010816574,-0.14241664111614227,0.9999999403953552,1.1637510000355178
40,42,0,0.5752396242512853,0.07528320143909134,0.17246686729722355,0.10521431954623166,0.9854779351524231,0.09842102323001314,0.09207809297884136,0.9889726378383974,0.7561184763908386,-0.12206161022186279,0.033706896007061005,0.0024129818193614483,-0.027734270319342613,-0.12448842823505402,0.9999999403953552,0.9530449999601842
40,43,0,0.5933033546843716,0.07533303421645278,0.1828866461850818,0.1024731664242123,0.9863022759886901,0.1085700322081186,0.0906066468626317,0.9896627290460784,0.7018898129463196,-0.10428201407194138,-0.011211121454834938,0.0017871437594294548,-0.033961765468120575,-0.10761165618896484,0.9999997615814209,0.7993030000079671
40,44,0,0.6104245299600989,0.07537870515082709,0.19261623134544126,0.10009416494484281,0.9866221982077057,0.11807508505826611,0.08935449707905478,0.9898200466315432,0.6402228474617004,-0.08634298294782639,-0.05323909968137741,0.0016264417208731174,-0.039767779409885406,-0.09206677973270416,0.999999463558197,0.7224340000107077
40,45,0,0.6260893576807588,0.07542016415897101,0.20159092245595128,0.09808641330495685,0.9864947752837817,0.12686454137596465,0.08833662996675556,0.9895131949552132,0.5718542337417603,-0.07010607421398163,-0.09173902124166489,0.001491837901994586,-0.04517100378870964,-0.07656574249267578,0.9999985694885254,0.8282310000140569
40,46,0,0.6396938468828568,0.07545764389606402,0.2097363210962529,0.09643373753519942,0.9859607591708417,0.13485801815310644,0.08754285129823819,0.9887976434866017,0.49505701661109924,-0.05585126951336861,-0.12861967086791992,0.0014466223074123263,-0.04961442947387695,-0.062482140958309174,0.9999960064888,1.2514570000234926
40,47,0,0.6505347008139345,0.07549095425443832,0.21700890199110273,0.09507422227325377,0.985052009810586,0.14200494392208302,0.0869378918013076,0.9877148231119107,0.4167604148387909,-0.04304862394928932,-0.16375595331192017,0.0019371671369299293,-0.05323491990566254,-0.05442081764340401,0.9999890923500061,0.9708240000350088
40,48,0,0.65726197621791,0.0755192813971401,0.22338187691557645,0.09396359376269281,0.9837703173064043,0.148273507757341,0.08650523283361314,0.9862738343089898,0.3380846083164215,-0.03289320319890976,-0.19916224479675293,0.003212088020518422,-0.05541035160422325,-0.04745917767286301,0.9999710321426392,1.211160000025302
40,49,0,0.657216890628553,0.07554292058496073,0.22884255808985288,0.09309201182013868,0.9821120674690252,0.1536482689373666,0.08623891928605268,0.984475719744049,0.26010364294052124,-0.024808673188090324,-0.2336129993200302,0.005188078619539738,-0.057036738842725754,-0.04091805964708328,0.9999244213104248,1.1857029999760016
40,50,0,0.6500287106169518,0.07556228106446079,0.23340624395027953,0.09240951419417687,0.9800855626330813,0.1581413301977345,0.08609910967607917,0.9823283003137964,0.1852695643901825,-0.019318656995892525,-0.26672446727752686,0.006556542590260506,-0.058446336537599564,-0.03545147925615311,0.9998088479042053,1.0189550000063718
40,51,0,0.6400340692488253,0.07557782171630639,0.23710277553490097,0.09187520821420939,0.97770672642887,0.16178014561354986,0.08604946882016513,0.9798443226549284,0.1155439242720604,-0.015017913654446602,-0.29644426703453064,0.007779066450893879,-0.0592779777944088,-0.029984164983034134,0.9995322823524475,0.9567220000121779
40,52,0,0.6297651565218964,0.07559014457823492,0.23999009901603233,0.09144485999044892,0.9750061671068079,0.16462049620046337,0.08604740549420736,0.9770458763367817,0.055019207298755646,-0.011932691559195518,-0.32166892290115356,0.00831938348710537,-0.059820741415023804,-0.02462306059896946,0.9989103078842163,1.1829660000444164
40,53,0,0.6199937982364374,0.07560017293529134,0.24212685231205247,0.09109706804885595,0.9720084970922652,0.16671871273361183,0.08607598372707206,0.9739546074174799,0.0023558579850941896,-0.010034408420324326,-0.34387049078941345,0.008700810372829437,-0.060175035148859024,-0.020114799961447716,0.9975467324256897,0.9921390000044994
40,54,0,0.6109340402465782,0.07560883599303864,0.24360268229064133,0.09080845189346426,0.9687527272934011,0.1681620278613346,0.08611907518846189,0.9706002893677901,-0.040725864470005035,-0.010750916786491871,-0.36216413974761963,0.0089306915178895,-0.06032824143767357,-0.016367265954613686,0.9946953058242798,1.0792109999897548
40,55,0,0.6026371636403988,0.07561674206775809,0.24449794270026826,0.09055702783960418,0.9652671888839374,0.16902904961977766,0.086159165528998,0.9669982767627827,-0.07716378569602966,-0.012125195935368538,-0.37728413939476013,0.00905024353414774,-0.06065288558602333,-0.012780925258994102,0.988888680934906,0.8710089999794945
40,56,0,0.5951262694986014,0.07562439917144902,0.24488038745192686,0.0903236676115717,0.9615844433592653,0.16938608068122724,0.08618383151764862,0.963172257066728,-0.10608509927988052,-0.013938562013208866,-0.3882037401199341,0.009633185341954231,-0.060969024896621704,-0.010397342965006828,0.9773180484771729,1.0159290000046894
40,57,0,0.5902118256962988,0.07555294901274498,0.24498614435787666,0.09016804760335287,0.9588398543488342,0.16954441431444667,0.08625169519359194,0.9600463602042842,-0.12522993981838226,-0.015093396417796612,-0.394033819437027,0.010029950179159641,-0.061490412801504135,-0.007924769073724747,0.9554666876792908,1.0291029999507373
40,58,0,0.5887145677724436,0.07538598933115939,0.2450426426662568,0.09002970162683405,0.9580512911113795,0.16974977526955232,0.08631292175758634,0.9585171816816938,-0.13441380858421326,-0.012615463696420193,-0.3955061137676239,0.0104813938960433,-0.0618465393781662,-0.006366200279444456,0.9281793236732483,0.7848540000168214
40,59,0,0.5884135491872827,0.07522259090478114,0.24505265388276343,0.09002665646578477,0.9578696503997939,0.1699107890086076,0.08654734155268681,0.9576888372430173,-0.13229882717132568,-0.0034289625473320484,-0.3918091952800751,0.010971466079354286,-0.06102152541279793,-0.005833855830132961,0.9229956865310669,0.961769000014101
40,60,0,0.5884264574532994,0.07510710447154374,0.24504534217503368,0.09003208124808185,0.957862632590249,0.1700155359407147,0.08673623708480444,0.9570008148651327,-0.1259835809469223,-3.471400123089552e-05,-0.38902202248573303,0.010788743384182453,-0.060453761368989944,-0.005868630018085241,0.9339582920074463,0.8110750000014377
40,61,0,0.5885632106600722,0.07501154040063589,0.24502396509064658,0.09004100376874498,0.9579157053774326,0.17010253016224763,0.08673294390700723,0.9563136687058577,-0.11952352523803711,0.0008526406018063426,-0.38593459129333496,0.010517786256968975,-0.05953933298587799,-0.005911543965339661,0.9314104914665222,0.8307290000288958
40,62,0,0.5887867493895711,0.07491213075853845,0.24498600600890877,0.09004431350051646,0.958008902298716,0.1701831469053421,0.0867933863302795,0.9556024365810862,-0.11307163536548615,0.0010407853405922651,-0.382537305355072,0.010178391821682453,-0.05834537744522095,-0.005741136614233255,0.916103184223175,1.1532010000223636
40,63,0,0.5890522220492083,0.07481278053053338,0.24494063548470313,0.09004780103619253,0.9581204169286042,0.17026683566613793,0.08684956646327063,0.9548727951859789,-0.10440311580896378,0.0016168594593182206,-0.37801992893218994,0.009687171317636967,-0.05706373229622841,-0.00586172379553318,0.9071696400642395,0.916231000019252
40,64,0,0.5893438921797387,0.0747128869310221,0.24489139714662028,0.09005075847116745,0.9582442569699212,0.1703587101390047,0.08689180709443001,0.9541314638567302,-0.09478648751974106,0.002103967359289527,-0.37207821011543274,0.009176483377814293,-0.0556156150996685,-0.00634803669527173,0.8974971175193787,0.8824120000099356
40,65,0,0.5896487366342616,0.07461072694052956,0.24484154921897752,0.09005338010156451,0.958375638514612,0.17046349066812275,0.08693382096972603,0.9533823098029363,-0.08473098278045654,0.0026555343065410852,-0.3656156659126282,0.008630544878542423,-0.05413046106696129,-0.006763681303709745,0.8868815302848816,0.9786420000068574
40,66,0,0.5899578402999602,0.0745059228219448,0.24479295750953514,0.09005584206960181,0.958510751890335,0.17058345247365178,0.08697459626552818,0.9526296106597848,-0.07481473684310913,0.0027553527615964413,-0.35775551199913025,0.0081059280782938,-0.05258360132575035,-0.00747532257810235,0.8733280301094055,0.955434999980298
40,67,0,0.5902663308306512,0.07439845935359204,0.24474671216605234,0.09005804753893663,0.9586477339794525,0.17071952471480445,0.0870120982807963,0.9518780615085918,-0.0655427947640419,0.0027159086894243956,-0.3495071232318878,0.007643330842256546,-0.05114758759737015,-0.007968041114509106,0.860645055770874,1.258577999976751
40,68,0,0.5905669161547744,0.0743003034997142,0.24470371145232764,0.0900548611745935,0.9587860300585347,0.17085353778373388,0.08720505952570484,0.951133214901341,-0.05620376765727997,0.0028225770220160484,-0.34079474210739136,0.007251258473843336,-0.0496700219810009,-0.008620667271316051,0.8483772277832031,1.0319169999775113
40,69,0,0.5908895345640384,0.07418270888778994,0.24465667899261836,0.09005627603655442,0.9589304478322443,0.17102006234806308,0.08727280161111219,0.9503878921727066,-0.051628679037094116,-2.0127627067267895e-05,-0.3331816792488098,0.006526357959955931,-0.04771565645933151,-0.009160318411886692,0.8121005892753601,0.8074909999891133
40,70,0,0.5912161688123445,0.0740634100164491,0.24460848181457298,0.09005687017353495,0.9590763540584344,0.17119824038664255,0.08730550842788534,0.9496553580759388,-0.04559067636728287,-0.0012313362676650286,-0.32589882612228394,0.005867062136530876,-0.045691028237342834,-0.009317983873188496,0.7953305244445801,0.8067850000088583
40,71,0,0.5914855011904516,0.07395254365834406,0.24455591481554378,0.09006990659991708,0.9591835118487242,0.1713699471666271,0.08734098315023482,0.9489197001962835,-0.0401318334043026,-0.0017161538125947118,-0.3185325264930725,0.0053480397909879684,-0.043899599462747574,-0.009443478658795357,0.7852172255516052,0.9261870000045747
40,72,0,0.5913699385323589,0.07388567539262506,0.24450275270735955,0.09016794411222746,0.959007967698654,0.17147635499707764,0.08742054571621206,0.9481134705676404,-0.03448263555765152,-0.0019735798705369234,-0.3105424642562866,0.004904627799987793,-0.042125340551137924,-0.00959483627229929,0.7755699157714844,0.867862999996305
40,73,0,0.5911416924602135,0.07379552247921883,0.2445006412073532,0.09027215350714195,0.9588069633666642,0.17164176765804015,0.08754213261637493,0.94740912721053,-0.031508736312389374,-0.002091389847919345,-0.305045485496521,0.0046173157170414925,-0.040920551866292953,-0.00953841581940651,0.7627629041671753,0.9377310000218131
40,74,0,0.590872094006788,0.073683630772362,0.24453719324178877,0.0903649608289466,0.958624333568209,0.1718603888526533,0.08766301067870771,0.9467896805117507,-0.03047158569097519,-0.0018770783208310604,-0.3017432689666748,0.004448960535228252,-0.040156248956918716,-0.009334164671599865,0.7532770037651062,0.8031280000295737
40,75,0,0.5905965715252058,0.0735592071119837,0.24459262826811898,0.0904494757876036,0.9584612993553895,0.17210730240597516,0.08777867250432878,0.9462260512817056,-0.030239766463637352,-0.0015293076867237687,-0.2995315492153168,0.004375078249722719,-0.039657969027757645,-0.009134612046182156,0.7469847798347473,1.198428000009244
40,76,0,0.5903276619519928,0.07342842564111682,0.2446549927784687,0.09052965371618489,0.9583110828308179,0.17236666332550094,0.08789082113187936,0.9456949154403532,-0.03035510703921318,-0.001102456240914762,-0.2979060709476471,0.0043402076698839664,-0.03928769379854202,-0.008927303366363049,0.7429301738739014,1.034306999997625
40,77,0,0.590106738891943,0.07329962335174056,0.24470777502733912,0.09061692058307443,0.9581761029906288,0.17261137561601989,0.08800474322093312,0.9452099738512413,-0.03057243488729,-0.0006009571370668709,-0.29658234119415283,0.00432273605838418,-0.038981642574071884,-0.008714348077774048,0.7403517961502075,1.2208730000224932
40,78,0,0.5898866299308407,0.0731693014491745,0.2447632084037707,0.09070272720756725,0.9580467219633121,0.17285914934307411,0.0881091438399277,0.9447491172740784,-0.030794134363532066,-8.69471114128828e-06,-0.29573729634284973,0.0043335044756531715,-0.03878020495176315,-0.00850252527743578,0.7403224110603333,1.1305399999628207
40,79,0,0.5896521026400023,0.07305217210677663,0.2448253251073612,0.09078645589408038,0.9579161079269016,0.1730959282742881,0.08821344037373385,0.9443185687887454,-0.03124513104557991,0.0006673149764537811,-0.29498714208602905,0.004346796311438084,-0.038607705384492874,-0.00833528209477663,0.7382965683937073,0.8467659999951138
40,80,0,0.5894381247940664,0.07293056795554671,0.24488100361480747,0.09086619045521235,0.95779429180278,0.17333034882247997,0.08838170417393539,0.943894692203297,-0.0318569578230381,0.0012003951705992222,-0.29400762915611267,0.0043161725625395775,-0.038384877145290375,-0.008220572955906391,0.7314337491989136,1.0064040000088426
40,81,0,0.5892334392504702,0.07280934953330669,0.2449342844072306,0.09094445287719145,0.9576770917970545,0.1735636577493892,0.08855462687737525,0.9434741427504358,-0.03223472461104393,0.0016215710202232003,-0.29329556226730347,0.004326751455664635,-0.038220085203647614,-0.008071832358837128,0.7313211560249329,0.8163449999756267
40,82,0,0.589044900342477,0.07268675435551626,0.24498259613700016,0.09101984207860812,0.957566542189959,0.1737952918265784,0.0887527107023926,0.943054751153786,-0.03261086717247963,0.0020916012581437826,-0.2926134765148163,0.004346215166151524,-0.038061901926994324,-0.007902625016868114,0.7318298816680908,0.8508969999638794
40,83,0,0.5888983572995468,0.0725376469887584,0.24501936242349018,0.09109992504266562,0.9574669867856985,0.17405648287746334,0.08878290327262833,0.9426139949214649,-0.03296789899468422,0.0025771239306777716,-0.29200121760368347,0.004373135976493359,-0.03792170435190201,-0.007727905176579952,0.7338390350341797,1.0454319999553263
40,84,0,0.5887355941285493,0.07239895081133615,0.24506138258139967,0.09117579024774362,0.957366504777755,0.1743141219347202,0.0888481571350313,0.942167316849919,-0.03201025351881981,0.0042681158520281315,-0.29276803135871887,0.004769047722220421,-0.038138117641210556,-0.007060585543513298,0.7667269110679626,0.956959999996343
40,85,0,0.5885766991991109,0.0722663595078564,0.24510314843649952,0.09125086187965493,0.9572686900542516,0.17456600576022446,0.08894908357522982,0.9417239148476801,-0.03181770443916321,0.005135160405188799,-0.2924935221672058,0.004913788288831711,-0.03807980194687843,-0.006623450666666031,0.7768104672431946,1.2859439999601818
40,86,0,0.5884255278809036,0.07213721170943613,0.2451432259829646,0.09132481554738262,0.9571747454317785,0.17481504541541523,0.08904716724159517,0.9412833436853836,-0.031805794686079025,0.00580342672765255,-0.29189202189445496,0.004981184843927622,-0.03794432431459427,-0.006325494032353163,0.7813218832015991,1.0267259999636735
40,87,0,0.5882839702512654,0.07201077128427162,0.2451808751015627,0.09139742648915106,0.9570852272818876,0.1750614052618388,0.08914504825950327,0.9408452173477053,-0.03171487897634506,0.006463904865086079,-0.29115062952041626,0.005035498179495335,-0.03777407854795456,-0.00604488980025053,0.7847609519958496,1.0075879999931203
40,88,0,0.5881525287529333,0.07188648024155646,0.24521580193143178,0.09146880364043578,0.9570000564754993,0.1753055859419053,0.08924329989143645,0.9404086468042077,-0.03161596134305,0.00712635787203908,-0.290333092212677,0.0050703431479632854,-0.03757515549659729,-0.005760969128459692,0.787583589553833,0.9540489999722013
40,89,0,0.5880317012410046,0.07176392217378273,0.24524786395085807,0.09153897416808919,0.956919360958471,0.17554809021870993,0.08934177306257575,0.9399731408857224,-0.03145543858408928,0.007789621129631996,-0.2894364595413208,0.005094029009342194,-0.03735606372356415,-0.005471994634717703,0.7900062799453735,0.9289519999811091
40,90,0,0.5879267774726968,0.07164049934955509,0.24527558916676068,0.09160852414864498,0.9568443216355074,0.1757921527937397,0.0894224286712151,0.9395343764185661,-0.031220128759741783,0.00845054630190134,-0.28846028447151184,0.005109861958771944,-0.03711707517504692,-0.005178092513233423,0.79219651222229,0.8390239999584992
40,91,0,0.5878328824101324,0.07151620373748392,0.24530014022577917,0.09167648078407396,0.9567741008882886,0.1760383668855239,0.08950078044734917,0.9390924584637516,-0.030840329825878143,0.009170282632112503,-0.2874552607536316,0.0051369140855968,-0.03686630725860596,-0.00484986137598753,0.7951276898384094,1.0609070000100473
40,92,0,0.5877480531202004,0.07139359536707407,0.24532251017282652,0.09174307087087102,0.956708137848441,0.176283227584922,0.08959475347980107,0.9386524558737221,-0.03033505380153656,0.009880376048386097,-0.286383718252182,0.005167747847735882,-0.03660571947693825,-0.004506352357566357,0.7984734773635864,1.1165269999651173
40,93,0,0.5876603507931363,0.07127504422696479,0.24534615748866126,0.09180718821428863,0.9566442078359255,0.176524964972241,0.0897194802846092,0.9382209381539728,-0.029830677434802055,0.010511849075555801,-0.28519243001937866,0.005167901050299406,-0.03635609894990921,-0.004190727602690458,0.8012015223503113,1.148129999990033
40,94,0,0.5875584556900858,0.07116600664262238,0.24537637620179983,0.09186955745563175,0.956579120820919,0.17675659526587176,0.08991042038235096,0.937815114114165,-0.029112674295902252,0.011003962717950344,-0.2838732898235321,0.005154249258339405,-0.03617873787879944,-0.0038668971974402666,0.8059439659118652,0.8743220000155816
40,95,0,0.5874591056909514,0.07106246897353212,0.24540783337276018,0.0919329179492119,0.9565163538771082,0.17698494961841368,0.09008241521694542,0.937417685991853,-0.02831987477838993,0.011368273757398129,-0.28236860036849976,0.005135030020028353,-0.036014262586832047,-0.003592295106500387,0.8107059001922607,0.9756840000250122
40,96,0,0.5873709663272975,0.07096049708633016,0.24543668732957907,0.09199582727061169,0.9564581822189206,0.1772128641655552,0.09023021728096534,0.9370214972909929,-0.02772429771721363,0.011728369630873203,-0.2807548940181732,0.005069990176707506,-0.03580176457762718,-0.003368364879861474,0.8125437498092651,0.8449939999763956
40,97,0,0.5872942831635763,0.07086011739548312,0.24546258062132806,0.09205767430845589,0.9564047466610922,0.17743914876772096,0.09037535913199998,0.9366275180431491,-0.027064478024840355,0.012131358496844769,-0.279077410697937,0.004992708098143339,-0.03555946797132492,-0.0031374329701066017,0.8140193819999695,1.4951939999718888
40,98,0,0.5872348581191993,0.07075926257006995,0.24548337286559524,0.092117492307497,0.9563575547992219,0.1776642319806311,0.09053743593467892,0.9362344141163115,-0.02636132389307022,0.012530145235359669,-0.27732884883880615,0.004903576336801052,-0.03529699519276619,-0.0029067539144307375,0.8151625990867615,1.0556949999909193
40,99,0,0.5871875574157703,0.07065754006619784,0.2455008789286225,0.09217689295058368,0.956315209433518,0.17789108282977317,0.09070090326350981,0.9358402272815838,-0.02553733065724373,0.01291523315012455,-0.2753339111804962,0.004822376184165478,-0.03502911329269409,-0.0027264326345175505,0.8167715072631836,2.361989000007725
40,100,0,0.58717284626176,0.07054567186755097,0.24550956378482297,0.09223823654502339,0.9562819362340189,0.17813129986945828,0.09075696117519352,0.9354332625525981,-0.024701707065105438,0.013304042629897594,-0.2730427086353302,0.004768459592014551,-0.03475828841328621,-0.0026447786949574947,0.8185911178588867,0.9067450000088684
40,101,0,0.5871605053279748,0.07043663461309986,0.24551789702700985,0.09229743946808086,0.9562517271715432,0.1783720573328076,0.09082801529966839,0.9350244687523993,-0.022986184805631638,0.014162959530949593,-0.27087241411209106,0.004847800824791193,-0.034568239003419876,-0.0022998282220214605,0.826674222946167,1.1933529999623715
40,102,0,0.5871698667765648,0.07029424235274606,0.24552121331492316,0.092362650812907,0.9562265262182219,0.178646030662091,0.09073929021490389,0.9346312685567402,-0.02175092324614525,0.014765703119337559,-0.2685360908508301,0.004823646508157253,-0.034291669726371765,-0.002100324956700206,0.8303279876708984,0.8899339999857148
40,103,0,0.5871777167523282,0.07018634113993498,0.24552426100984007,0.09241873817220757,0.9562046480271194,0.17888300409943658,0.09077933477759842,0.9342415490535529,-0.023640645667910576,0.01602778397500515,-0.26551228761672974,0.004436686169356108,-0.033559080213308334,-0.002723241923376918,0.8055561184883118,1.0149340000111806
40,104,0,0.5872056583763738,0.0700837768070009,0.24552100297746182,0.09247362758274176,0.9561893602663953,0.17910899690143375,0.09087102319339643,0.9338597189870917,-0.02291197143495083,0.01663872040808201,-0.2628120481967926,0.004297327715903521,-0.03314729407429695,-0.002723992569372058,0.8028912544250488,0.9572790000333953
40,105,0,0.5872452905326349,0.0699818211001021,0.24551485134393947,0.09252811707314737,0.9561785851917282,0.1793346833580111,0.09095551352823389,0.933481282093529,-0.02175411395728588,0.01721538044512272,-0.2601368725299835,0.004216252826154232,-0.03278057277202606,-0.002653374569490552,0.8039677739143372,1.0845529999983228
40,106,0,0.5872948126065982,0.06988058345527041,0.2455064117763631,0.09258195453943749,0.9561719189774883,0.17956039085198852,0.09103836218687414,0.9331060222695762,-0.0204821415245533,0.017811888828873634,-0.2574194371700287,0.004129506181925535,-0.03239729627966881,-0.0025576744228601456,0.805618166923523,1.0625319999917338
40,107,0,0.5873534268682113,0.06978006182243363,0.24549599604877367,0.09263509546053972,0.9561692092600809,0.17978641591503222,0.09112081726221428,0.9327338712397291,-0.019049258902668953,0.018373040482401848,-0.2546132802963257,0.004053229466080666,-0.032052502036094666,-0.002450077561661601,0.8076965808868408,1.246696000009706
40,108,0,0.5874209701138208,0.06967991173221783,0.2454836976635908,0.09268754165241706,0.9561704274587147,0.18001327841058692,0.09120256630778784,0.9323647737169791,-0.017509309574961662,0.018914958462119102,-0.25173133611679077,0.003980686422437429,-0.03171908110380173,-0.0023323106579482555,0.810042679309845,0.9740840000063145
40,109,0,0.5875202694542253,0.0695803750527821,0.24546260121427751,0.09273599293709138,0.9561811524514577,0.18023899384255482,0.09132271667657013,0.9319879243882863,-0.015900984406471252,0.0194560419768095,-0.24879410862922668,0.003908777143806219,-0.031381115317344666,-0.0022065716329962015,0.812566876411438,1.0086490000276171
40,110,0,0.5876880024931063,0.06945737055615094,0.24541560673272228,0.0927795449336863,0.9562123220567121,0.1804932679751432,0.09156049692142397,0.9315560819385512,-0.013323538936674595,0.0197494775056839,-0.24601644277572632,0.00393501203507185,-0.031200144439935684,-0.001821311074309051,0.8232457637786865,1.1030269999992015
40,111,0,0.587830742916108,0.06932518995505323,0.24538083233803307,0.09282916179217317,0.9562374159497643,0.18077174711089886,0.09164860541914736,0.9311325487908402,-0.010396366938948631,0.020001966506242752,-0.24366053938865662,0.0041075944900512695,-0.031234705820679665,-0.0009739638189785182,0.8411538600921631,1.3186349999614322
40,112,0,0.5879738808517528,0.069195486456633,0.24534750555994783,0.09287809381180125,0.956264465496652,0.18105247729887353,0.09174051175683114,0.9307131329688572,-0.008830243721604347,0.020785903558135033,-0.24105827510356903,0.004148765932768583,-0.031021974980831146,-0.0003883428580593318,0.8477612137794495,0.8916910000493772
40,113,0,0.5881203147871583,0.06906818111012984,0.24531449009028497,0.09292657272870822,0.9562941169189011,0.1813347609569781,0.09183676463192567,0.9302975744525929,-0.00725762452930212,0.02162790112197399,-0.23839932680130005,0.004173191264271736,-0.0307999849319458,0.00018080323934555054,0.8536611795425415,0.8498309999822595
40,114,0,0.5882589228354214,0.0689432076909567,0.24528337054100502,0.09297422195903203,0.9563233203437461,0.18162058723862592,0.09193342237826328,0.929882203779853,-0.005670170299708843,0.02245853841304779,-0.23567673563957214,0.004188953898847103,-0.03056371584534645,0.0007433759747073054,0.8591418862342834,0.9738250000168591
40,115,0,0.5883146364831109,0.06882850387463792,0.24526571686766524,0.0930273693091652,0.9563125134466735,0.18190840993816387,0.09202929071693434,0.929438391258484,-0.004060409963130951,0.023288091644644737,-0.23284912109375,0.004193545319139957,-0.03030308522284031,0.0013044190127402544,0.8641631603240967,1.0210300000039751
40,116,0,0.5883720464066666,0.06871487537191423,0.2452496818547991,0.09307820964838553,0.9563049927091104,0.18220355037149022,0.09212836511618734,0.9289916773165827,-0.0026276535354554653,0.02410288341343403,-0.22995325922966003,0.004150511231273413,-0.029964467510581017,0.0018320472445338964,0.8678452968597412,0.9263250000230983
40,117,0,0.5884372704825529,0.06860321505598832,0.24523260448823156,0.09312819431008823,0.9563016381725488,0.18250067645986107,0.0922272702787825,0.928547455465228,-0.0011130361817777157,0.02491377666592598,-0.22692885994911194,0.0040559000335633755,-0.02956136129796505,0.0023229639045894146,0.8712299466133118,0.7611870000232557
40,118,0,0.5885117006983379,0.06849384290623668,0.24521365822693295,0.09317722375699411,0.956302444673062,0.1827979040777226,0.09232576043339895,0.9281074954754108,0.0004571340687107295,0.025726638734340668,-0.22380635142326355,0.003952831961214542,-0.029138576239347458,0.0028203222900629044,0.8744563460350037,0.8051560000126301
40,119,0,0.5890544786671272,0.06825747528494495,0.24486123623812736,0.09306264902214012,0.9562649429505906,0.18294481215754071,0.09247568317011189,0.9275404789445143,0.002088206587359309,0.026537742465734482,-0.22060874104499817,0.003844010876491666,-0.028701266273856163,0.0033256940077990294,0.8775963187217712,0.8831270000086988
40,120,0,0.5910690060104452,0.067661054290627,0.24320087768208404,0.09251757166972703,0.9560362208069318,0.18237909597039237,0.09309772037798565,0.9263985325601942,0.002672423841431737,0.02731912024319172,-0.21867291629314423,0.003729527350515127,-0.027784641832113266,0.005888276733458042,0.8755882978439331,0.9702159999847026
40,121,0,0.5924377946705076,0.06731642073242945,0.2420279992897097,0.09236513879165749,0.9557799678246388,0.18200371177424637,0.09369112639052257,0.9253361315786249,0.007331709377467632,0.02703648805618286,-0.2208886742591858,0.00389879266731441,-0.02715025283396244,0.01520924735814333,0.8913316130638123,0.8179429999586318
40,122,0,0.5930762925907941,0.06714109700701415,0.24139791704709343,0.09245725890941434,0.9554889035077034,0.1818881259281299,0.09409674703465744,0.9244433926088665,0.01648826152086258,0.02788931503891945,-0.21817955374717712,0.0035247502382844687,-0.026883622631430626,0.020630639046430588,0.9154064059257507,0.9613450000074408
40,123,0,0.5932564395046056,0.06703679179018947,0.24106233143113162,0.09258417271189694,0.9551808977953864,0.18193396526920647,0.09433248465307907,0.9236418557379802,0.02419968880712986,0.029276082292199135,-0.21276874840259552,0.003108614357188344,-0.02657814510166645,0.0223536379635334,0.9291232228279114,1.8433409999829564
40,124,0,0.5932551035245256,0.06695063880198826,0.24084222496337807,0.0927130076823036,0.954870978484778,0.18206652518723165,0.09451406990693102,0.9228622089570123,0.027730248868465424,0.03031453862786293,-0.20796233415603638,0.002794394502416253,-0.025966092944145203,0.023175276815891266,0.9323096871376038,1.0832469999968453
40,125,0,0.5931510030301874,0.06687414032855732,0.24068911602656703,0.09284402399452348,0.9545606549948469,0.1822496467538465,0.09467944600405878,0.9221012911401247,0.029083361849188805,0.031392231583595276,-0.20356091856956482,0.0026109686587005854,-0.025111520662903786,0.023696746677160263,0.9317793250083923,1.1396950000062134
40,126,0,0.5929851633465261,0.06680420952980236,0.24057495874845947,0.09297173741214626,0.9542517050357259,0.1824599898275422,0.09483472380235039,0.9213582090231025,0.029614808037877083,0.03268354758620262,-0.19921919703483582,0.002546218689531088,-0.02413679100573063,0.024129370227456093,0.9304260611534119,1.114305000044169
40,127,0,0.5927729261368312,0.06673843403377482,0.24048252662836492,0.09307810734250527,0.95394854625836,0.18268888337575173,0.09498778366623674,0.9206278843020187,0.029758170247077942,0.03396943584084511,-0.1953095644712448,0.002460082760080695,-0.02321559190750122,0.0246600154787302,0.9287781715393066,0.8463190000043141
40,128,0,0.592550319573969,0.06667653247580696,0.24039519298670467,0.09317357845249874,0.9536491163339037,0.18292200937554084,0.09514120360100482,0.9199041670841307,0.029906397685408592,0.03525823727250099,-0.19129301607608795,0.002337212208658457,-0.022207263857126236,0.025261372327804565,0.9268642067909241,0.8148200000164252
40,129,0,0.5923414667484138,0.06661833215009481,0.24030329800491432,0.09327341267074235,0.9533492723045517,0.18314706169534262,0.09528995293723835,0.9191864212124904,0.030013350769877434,0.03657066076993942,-0.18720178306102753,0.0022017883602529764,-0.02115022763609886,0.02588707208633423,0.9247798919677734,0.8539749999840751
40,130,0,0.5921379984195219,0.06656300433188363,0.2402122277100506,0.09337136012626611,0.9530537012008609,0.18337220226398737,0.09542507159272515,0.9184758568176467,0.029667353257536888,0.03776903823018074,-0.18341152369976044,0.0020624708849936724,-0.020139571279287338,0.02637060172855854,0.9224083423614502,1.0476279999807048
40,131,0,0.5919520258800768,0.06651057322897347,0.24011377119502714,0.09347153035552407,0.9527583167869809,0.183588413994831,0.09555013012212878,0.9177694647388335,0.029400702565908432,0.03904171288013458,-0.1793961077928543,0.0019070496782660484,-0.019197605550289154,0.02678285911679268,0.9200623631477356,1.05968700000858
40,132,0,0.5917827051592742,0.06646075134893524,0.24000803062055082,0.09357465247375014,0.9524625878802825,0.18379422511915638,0.095669909975762,0.9170697999579295,0.02927038073539734,0.04035088047385216,-0.17518438398838043,0.001704599941149354,-0.018261153250932693,0.027134807780385017,0.9178518652915955,0.9644559999628655
40,133,0,0.5916219093617642,0.06641333950550501,0.23989993487302314,0.09368075081509772,0.9521665714135455,0.1839936770822449,0.09578472705210983,0.9163783710103595,0.02933291159570217,0.041718997061252594,-0.17090187966823578,0.0014638080028817058,-0.017298555001616478,0.027452759444713593,0.9156726598739624,0.9357989999898564
40,134,0,0.5914598843233637,0.06636767932624026,0.2397953673817218,0.09378536053081438,0.9518733967768768,0.18419477031055562,0.09589072161706369,0.9156959187114146,0.029424311593174934,0.04314986988902092,-0.1666114181280136,0.0011947810417041183,-0.016367195174098015,0.02771196886897087,0.9135256409645081,1.0237399999937224
40,135,0,0.5913049389482467,0.06632390737247132,0.23968957475911581,0.09388948278772136,0.9515820196440314,0.1843939593781602,0.09598514381705807,0.9150188713435404,0.02908020280301571,0.044690199196338654,-0.1623561978340149,0.0009000243153423071,-0.015461117960512638,0.02773764170706272,0.9113601446151733,0.9157220000020061
40,136,0,0.5911628877709598,0.06628228981393802,0.23957842687722497,0.09399625444400103,0.9512900926821354,0.18458381009066907,0.0960745227422189,0.9143493987476766,0.02877846546471119,0.046213261783123016,-0.15803101658821106,0.0005927234306000173,-0.014562847092747688,0.027717452496290207,0.9090958833694458,0.9309380000104284
40,137,0,0.591029770314778,0.06624265588197521,0.2394648615056843,0.09410642291806824,0.9509976569818385,0.18476611932301776,0.09615946355665869,0.9136891849403804,0.02837766520678997,0.047666773200035095,-0.15375754237174988,0.0002986425533890724,-0.013673325069248676,0.02768576703965664,0.9066516160964966,0.8683050000399817
40,138,0,0.5909021681108242,0.06620474034066486,0.2393516833066932,0.09422168067100616,0.950704620989717,0.18494310175003442,0.0962379101861576,0.9130388710952904,0.027931731194257736,0.049035828560590744,-0.1496531218290329,2.2338703274726868e-05,-0.012786105275154114,0.027570143342018127,0.904045045375824,0.9378699999729179
40,139,0,0.5907767387825383,0.06616864537120337,0.2392385111401693,0.09433830344202743,0.9504107175752116,0.18511355651612896,0.09631304260757008,0.9123991493040429,0.027684969827532768,0.050263404846191406,-0.1453285664319992,-0.0002767089754343033,-0.011841049417853355,0.02734530158340931,0.9014188647270203,0.7499390000020867
40,140,0,0.5906602004393641,0.06613449152173542,0.23912081874280192,0.09445598055323838,0.9501153331930106,0.18527251280795742,0.09638516846364012,0.9117694187979639,0.027549313381314278,0.05135286971926689,-0.14103271067142487,-0.0005524884327314794,-0.010914809070527554,0.02714848890900612,0.8988779187202454,1.0779940000134047
40,141,0,0.5905461962540232,0.06610217973523681,0.23900272304653616,0.09457464891313772,0.9498190779675266,0.18542427532543404,0.09645455978838788,0.9111497873010586,0.02753155678510666,0.05240165814757347,-0.1368016004562378,-0.0008277779561467469,-0.010023677721619606,0.026864631101489067,0.8964636325836182,1.01766900002076
40,142,0,0.5904280031134825,0.06607184491983374,0.2388874181071233,0.09469510426978037,0.949521120171484,0.18557152346650632,0.09652109564416698,0.910539460056991,0.027574852108955383,0.05342302471399307,-0.13263733685016632,-0.0011045127175748348,-0.009157518856227398,0.026534104719758034,0.894095778465271,0.9340830000041933
40,143,0,0.5902925180897304,0.06604335871903733,0.23878282238959833,0.09481795873552076,0.9492209083819144,0.1857217076588012,0.09658496012185479,0.9099383290302817,0.027580466121435165,0.05442415177822113,-0.12858618795871735,-0.0014194091781973839,-0.008309033699333668,0.02619159035384655,0.8916335105895996,0.8771830000000591
40,144,0,0.590143572859957,0.06601607616785106,0.23868736916244537,0.09494129519463892,0.9489201466782743,0.18587377018532106,0.09664721608715948,0.909348238591963,0.027523422613739967,0.0554087832570076,-0.12456302344799042,-0.0017734840512275696,-0.007500625215470791,0.02586553990840912,0.8890201449394226,0.7072909999692456
40,145,0,0.5899907270547082,0.06598967179499385,0.2385953630518099,0.09506375888000972,0.9486202718103167,0.18602219953206417,0.09670859100852441,0.9087706320577909,0.027399184182286263,0.056411899626255035,-0.12065521627664566,-0.0021597598679363728,-0.006735835690051317,0.02555006369948387,0.8863429427146912,1.0456619999672512
40,146,0,0.5898347639817088,0.0659640698477663,0.2385062869595063,0.09518501474057993,0.94832121659125,0.18616673244716356,0.09676959639327513,0.9082049026364954,0.02727404050529003,0.05740191787481308,-0.11696749925613403,-0.0025500450283288956,-0.005981761496514082,0.02521861158311367,0.8837045431137085,1.0922210000217092
40,147,0,0.5896784483909436,0.06593919333431891,0.23841841670338243,0.09530472318843772,0.9480233287507205,0.18630593372253762,0.09683084570985338,0.9076508469691719,0.02712843008339405,0.05834751948714256,-0.11347362399101257,-0.0029315492138266563,-0.005248524714261293,0.024888023734092712,0.8810744881629944,0.8497830000351314
40,148,0,0.5895175511422935,0.06591524348383118,0.23833389504432778,0.09542409000380529,0.9477254712175749,0.18644156172543233,0.09689240739406428,0.9071071365607372,0.026948627084493637,0.05923854559659958,-0.11014819890260696,-0.0033026980236172676,-0.00453972676768899,0.024582955986261368,0.8784759044647217,0.8484740000085367
40,149,0,0.5893567417860885,0.06589190482701904,0.23825041159163618,0.09554179084092033,0.9474288564711298,0.18657214962167046,0.09695495557361644,0.9065741954526513,0.026723818853497505,0.06009487435221672,-0.106986865401268,-0.003664545249193907,-0.003861644770950079,0.024278216063976288,0.8758476376533508,0.8058469999809859
40,150,0,0.5891984689361737,0.06586916936009522,0.23816656339663816,0.09565779856268725,0.9471336506490585,0.18669645612600624,0.09701871247606417,0.9060517392638889,0.02647131122648716,0.060911599546670914,-0.10399357229471207,-0.004016599617898464,-0.003213578835129738,0.023990582674741745,0.8732482194900513,1.8063289999759036
40,151,0,0.5890443320837709,0.06584719992510218,0.23808160446467758,0.09577283089140862,0.9468395622058945,0.18681365230973263,0.0970873588293572,0.905539164676149,0.026047833263874054,0.06187667325139046,-0.10126638412475586,-0.004306356888264418,-0.0025478899478912354,0.024148570373654366,0.8704148530960083,0.9874830000171642
40,152,0,0.5888951831324846,0.06582615861294175,0.2379954587325143,0.09588826863868093,0.9465462563159724,0.18692353281447732,0.09716421288240744,0.9050358539203607,0.02561204880475998,0.06298576295375824,-0.09875139594078064,-0.004531362559646368,-0.0018571147229522467,0.024860190227627754,0.8675819635391235,0.8630780000089544
40,153,0,0.5887505769849308,0.06580598569725793,0.2379087996509366,0.09600500365245311,0.9462537506513071,0.18702695459020438,0.09724674584997811,0.9045413583305801,0.02513808384537697,0.06403221935033798,-0.09637382626533508,-0.004753926303237677,-0.0012012546649202704,0.025567345321178436,0.8646612763404846,1.1106439999934992
40,154,0,0.5886134579702694,0.0657866165677333,0.23782225488843992,0.09612663923369738,0.945962261564075,0.1871247081155034,0.09733161817318034,0.9040553922418353,0.024654215201735497,0.06503196060657501,-0.09413862228393555,-0.004963492974638939,-0.0005495640798471868,0.026294732466340065,0.8618089556694031,0.944815999957882
40,155,0,0.588497914895463,0.06576751050813483,0.23773770247388284,0.09627342481248045,0.9456728558386658,0.18721979743519238,0.09739772946374303,0.9035772189152194,0.024246253073215485,0.0660277009010315,-0.09195771813392639,-0.0051375157199800014,0.00010611675679683685,0.027001190930604935,0.8590196967124939,0.9270330000390459
40,156,0,0.5883859507348802,0.06574873779495907,0.2376552031164929,0.09642654773303933,0.9453849735012843,0.18731206827003577,0.09745321428618652,0.9031071867658086,0.024081837385892868,0.06717246025800705,-0.08948659896850586,-0.005291477777063847,0.0007323081372305751,0.02744811400771141,0.8562145829200745,0.8487899999636284
40,157,0,0.5882751754406945,0.06573041906310813,0.23757483040641608,0.0965851627705376,0.9450978268109956,0.18740120607287977,0.09750235576352972,0.9026448626216415,0.02397746592760086,0.06833310425281525,-0.08705000579357147,-0.005443848203867674,0.001333213527686894,0.027820846065878868,0.8534286618232727,0.8175629999982448
40,158,0,0.5881631748890666,0.06571268385464477,0.23749696374812695,0.09674843780250202,0.9448111057779858,0.1874874522426086,0.09754548279735362,0.9021898634493523,0.023919029161334038,0.06950011104345322,-0.08465815335512161,-0.00559608219191432,0.0019084732048213482,0.028120024129748344,0.8506401777267456,1.017824000030032
40,159,0,0.5887054734302676,0.0657159899515479,0.2370976059809871,0.09686334079923443,0.9445776564744146,0.187443927010347,0.09776930463280302,0.9015395021282437,0.023907609283924103,0.07065070420503616,-0.08229349553585052,-0.00573753984645009,0.002448987914249301,0.02833644300699234,0.847932755947113,0.93912500000215
40,160,0,0.5891732740268834,0.06571606893678371,0.23670723897449267,0.09698498349020959,0.9443408114828153,0.18745354341197978,0.09802194561079453,0.9008482845442725,0.028494149446487427,0.0705144926905632,-0.07964258641004562,-0.006168629974126816,0.0022786331828683615,0.029091980308294296,0.8645598292350769,0.8647340000038639
40,161,0,0.5890131455114033,0.06570747116465887,0.23665728343520548,0.09713924291883329,0.9440716145911219,0.18764774788907557,0.09823432222325913,0.9003184662047015,0.038621436804533005,0.0686471164226532,-0.07656881958246231,-0.00688196113333106,0.0013531885342672467,0.031125256791710854,0.8988694548606873,1.0465830000043752
40,162,0,0.18688429945676074,0.06585551691991857,0.23599164605354891,0.09725022422606915,0.9439328671200877,0.1876309793713151,0.09844133297599991,0.8992475643149662,0.04707121476531029,0.06691404432058334,-0.07367910444736481,-0.007625024300068617,0.0008929239120334387,0.033442720770835876,0.9214194416999817,0.9196990000077676
40,163,0,0.18725570631638885,0.06590632556172346,0.23584185919793987,0.09744292213467055,0.9437065266650874,0.1880008317210189,0.09855795276841803,0.8983894598393739,0.07123196125030518,0.06432554125785828,-0.06668391078710556,-0.009566902182996273,-0.000258810818195343,0.038424741476774216,0.9581966400146484,1.1896419999857244
40,164,0,0.18677088748395712,0.06588407976290313,0.23619395946710484,0.09768275689088306,0.9434711571043682,0.18873656045510592,0.0986133924690104,0.8977804451090269,0.10103273391723633,0.06244990974664688,-0.0563373863697052,-0.011920306831598282,-0.0005870367749594152,0.04388038441538811,0.980833888053894,0.8440230000132942
40,165,0,0.18618109049264447,0.06585811999411134,0.23658999289554175,0.09792204844953997,0.9432731778586891,0.18960060521322503,0.09865665283804617,0.8971348015241009,0.11660011857748032,0.06275276839733124,-0.04999599605798721,-0.01347952987998724,-0.00044172999332658947,0.04753720387816429,0.9877073168754578,0.7734980000009273
40,166,0,0.18566546338554765,0.0658290298687245,0.23693144505195682,0.09816207169020338,0.9430836302494653,0.19049043702003562,0.09869073237750617,0.8964315727995076,0.12097203731536865,0.06413773447275162,-0.04726719856262207,-0.014266586862504482,-0.000163322314620018,0.04936005547642708,0.9896530508995056,0.6878079999523834
40,167,0,0.185280001495801,0.06579721087432819,0.2371913479711473,0.09839929541899209,0.9428963159202608,0.1913570012973248,0.09871399108412118,0.8956905261221543,0.12187416106462479,0.06587772071361542,-0.045765649527311325,-0.014811896719038486,0.00010307878255844116,0.05048142746090889,0.9904865622520447,1.0355790000176057
40,168,0,0.1850030359420408,0.0657634294658258,0.2373828102481949,0.09863306109617027,0.9427080530926033,0.19219071228839027,0.09872784584373495,0.8949325996363597,0.12243437021970749,0.06774435937404633,-0.04422484710812569,-0.015339719131588936,0.0004050060815643519,0.0514693558216095,0.9911486506462097,0.853011999993214
40,169,0,0.18476428357619804,0.06572717514413201,0.23754323224210916,0.09886443273785087,0.9425177019096376,0.19300200063341214,0.09873502637783108,0.8941842404858806,0.1229332685470581,0.06953087449073792,-0.04214712232351303,-0.015814930200576782,0.0007336604176089168,0.051908452063798904,0.9917364716529846,0.752715000032822
40,170,0,0.18451459526581857,0.06568804603531012,0.23770001358413234,0.09909167402273976,0.9423261291468772,0.1937947735364276,0.09874309843829271,0.8934678874331973,0.12370998412370682,0.071023128926754,-0.03981553763151169,-0.016228435561060905,0.0010232679778710008,0.052204687148332596,0.9922801852226257,0.8197980000090865
40,171,0,0.18417027149683496,0.06564552675992669,0.23789448916987402,0.09931956421948765,0.9421258192942901,0.1945815680075034,0.09875737246265978,0.8928002682644326,0.12473250180482864,0.0722467377781868,-0.03733951970934868,-0.016600603237748146,0.001318390597589314,0.05243413895368576,0.9927595257759094,0.7613359999822933
40,172,0,0.18380713141727847,0.06559756272032342,0.23809528431585789,0.099544173626958,0.9419196834119841,0.19535338744803865,0.09877467183427695,0.8921644992199973,0.12491820752620697,0.07330702245235443,-0.035301364958286285,-0.01699698157608509,0.001679156208410859,0.05259950831532478,0.9931148290634155,1.272300999971776
40,173,0,0.18350107562648163,0.06554698183086186,0.23825951694609607,0.09976045095845906,0.9417114793145348,0.19609037008715277,0.09878965947141177,0.8915395006390542,0.12481988221406937,0.07429973781108856,-0.0334131084382534,-0.0173785462975502,0.002035568468272686,0.05272725597023964,0.9934055805206299,0.7294040000260793
40,174,0,0.18323101003848727,0.06549321258516468,0.23839951630860384,0.09997112769346259,0.9414973789461636,0.19679649369817498,0.09880414569316648,0.890928736909693,0.12486719340085983,0.0750020444393158,-0.031367551535367966,-0.01773768663406372,0.002352851675823331,0.05306376516819,0.9937048554420471,0.8045659999993404
40,175,0,0.1829871201165045,0.0654363697211893,0.2385209759231907,0.10017711007525817,0.941276867046974,0.19747477028876517,0.09881864763888858,0.8903329560750668,0.1250307261943817,0.0755952000617981,-0.029287006705999374,-0.01809738390147686,0.002650470705702901,0.05343632400035858,0.9939950704574585,0.7712490000244543
40,176,0,0.1827627130571373,0.06537673133543002,0.23862787309206288,0.10037859613922004,0.9410504742653417,0.198127925755617,0.09883310238745305,0.8897524946276079,0.12526559829711914,0.07616505771875381,-0.027185136452317238,-0.018453538417816162,0.0029548245947808027,0.053769923746585846,0.9942604303359985,0.8774579999908383
40,177,0,0.1825684500891692,0.06531431622065684,0.2387190384587398,0.10057476025522137,0.9408194456351561,0.1987568321665325,0.09884713851285785,0.8891861492582411,0.1255536526441574,0.07671983540058136,-0.02507241815328598,-0.018802916631102562,0.00326039781793952,0.05407053977251053,0.9945006370544434,0.9246600000096805
40,178,0,0.18270059058620133,0.06524969274334141,0.23864274749009154,0.1007375834108515,0.9406122862265712,0.1993059543064728,0.09884515959179992,0.8885876974514665,0.12579533457756042,0.07728792726993561,-0.022969411686062813,-0.019175587221980095,0.00357009912841022,0.05440244451165199,0.994717001914978,0.8725389999995059
40,179,0,0.1827591089068085,0.06518478669079587,0.23859546043789642,0.10090022281934073,0.9404029434658638,0.19984593211806015,0.09884601336731087,0.8880263199164028,0.12765315175056458,0.07795558124780655,-0.020078640431165695,-0.019675927236676216,0.003900564042851329,0.054810479283332825,0.9950857162475586,1.036064000004444
40,180,0,0.18274012571634338,0.06511055087228836,0.23858753388817985,0.10106211868951925,0.9401972962221795,0.20038332544765633,0.09884714715125151,0.8875198229208665,0.12914353609085083,0.07865603268146515,-0.017263712361454964,-0.020131181925535202,0.0043023028410971165,0.055169884115457535,0.9953668713569641,0.9342000000174266
40,181,0,0.18312470584509055,0.06493412830979435,0.23839096740314372,0.10115204365982305,0.9400977745684095,0.2005831601853322,0.09874037836437047,0.887360742008392,0.13038846850395203,0.07923386245965958,-0.014717120677232742,-0.020496107637882233,0.004786646459251642,0.05544978752732277,0.9955690503120422,1.0634569999865562
40,182,0,0.1837394265132524,0.06475463217044576,0.23807019436129095,0.10121256796257001,0.9400222641834101,0.20059457230210254,0.09860078938241029,0.8872783664183148,0.1337497979402542,0.07920835167169571,-0.01143005583435297,-0.02092118188738823,0.005310715641826391,0.056404147297143936,0.9958223104476929,1.0631979999971009
40,183,0,0.18431141915248772,0.0645817556574713,0.23776708978864014,0.10127287618177752,0.939954843337284,0.20058946102201408,0.09845534058562516,0.8872226086391728,0.13812255859375,0.07909286767244339,-0.0077112819999456406,-0.021371645852923393,0.005837216041982174,0.057395391166210175,0.9960833191871643,0.860887999976967
40,184,0,0.1848078914501048,0.06442439078064371,0.2375021943619904,0.10133795692953117,0.9398758841783322,0.20057621573525394,0.0983013541530567,0.8871714889774308,0.1423511654138565,0.07896966487169266,-0.004000894725322723,-0.021806733682751656,0.006364797707647085,0.05837003514170647,0.9963036775588989,0.8060650000061287
40,185,0,0.1852800154257814,0.06427769251652143,0.23724799869854196,0.10140268612453081,0.9397935560856792,0.20055044811130063,0.09814070761607552,0.8871222068305508,0.14609937369823456,0.078804612159729,-0.0005251133698038757,-0.02221439592540264,0.006849825382232666,0.05927090719342232,0.9964761137962341,0.8096079999972972
40,186,0,0.18571241347253847,0.06414059163574466,0.23701207047127087,0.10146896765526234,0.9397085199239438,0.20052275849169593,0.09797557788440178,0.8870744830794317,0.1495596319437027,0.07861922681331635,0.002689035376533866,-0.022623945027589798,0.007269077468663454,0.0601128451526165,0.9966250061988831,0.8096399999999448
40,187,0,0.18610386344041024,0.06401219146323149,0.2367950999277794,0.101537129573805,0.9396208503691406,0.20049555791646975,0.09780579762178379,0.8870282551911272,0.1526118367910385,0.07841838151216507,0.005609430372714996,-0.02304650843143463,0.007602779660373926,0.06092026084661484,0.9967523813247681,1.1324570000397216
40,188,0,0.18646322374806995,0.06389168037604845,0.23659286127590665,0.10160642352366449,0.9395319358512457,0.20046893218150186,0.09763120555559379,0.8869828520327444,0.1555432230234146,0.0782017633318901,0.008422422222793102,-0.023473262786865234,0.007913388311862946,0.06170502305030823,0.9968705177307129,0.8992030000172235
40,189,0,0.1867992243640567,0.06377846156947217,0.23640071886073077,0.10167611793762599,0.9394433316287536,0.20044257533428994,0.09745228708380023,0.88693749074206,0.1583697646856308,0.07796277850866318,0.011128385551273823,-0.023900268599390984,0.008217324502766132,0.06248223036527634,0.9969775676727295,1.1772070000120038
40,190,0,0.18711227173674647,0.06367202801305268,0.23621829310162515,0.10174643206591293,0.9393550637395365,0.20041705618541988,0.0972693912783749,0.8868921750242605,0.1611095368862152,0.07771896570920944,0.013805054128170013,-0.024324536323547363,0.008520237170159817,0.06326548755168915,0.9970747828483582,0.8789530000399282
40,191,0,0.1874005114455626,0.06357189785214701,0.23604629883097478,0.10181781434661644,0.9392665644155246,0.2003927473517897,0.09708256406172475,0.8868472180996428,0.1637686789035797,0.07746884226799011,0.016450082883238792,-0.024742385372519493,0.00882079266011715,0.06405869871377945,0.9971632957458496,2.966719000028206
40,192,0,0.18766185897835505,0.06347638564222471,0.2358854314959669,0.10189155115581729,0.939175596164492,0.20036979013226436,0.0968920976228088,0.8868029294661408,0.16636425256729126,0.07718904316425323,0.018946673721075058,-0.025052692741155624,0.009086035192012787,0.06494025886058807,0.9972442388534546,0.90043800003059
40,193,0,0.18790442742239397,0.06338398825048683,0.23573170222778747,0.10196742381189461,0.9390824224606068,0.20034705023109484,0.09669779169022134,0.8867595082937426,0.16889014840126038,0.07690434902906418,0.021357858553528786,-0.025355635210871696,0.009334546513855457,0.06581612676382065,0.997316300868988,0.7461069999976644
40,194,0,0.18812678759610998,0.06329448543421785,0.23558506419826566,0.10204554523735669,0.9389871445235867,0.20032509311681812,0.09649979578910102,0.8867169714917794,0.17137989401817322,0.07659967988729477,0.023693377152085304,-0.025660015642642975,0.009571544826030731,0.06668492406606674,0.9973838925361633,0.7488780000244333
40,195,0,0.18832882112172541,0.06320819137821827,0.23544554769270812,0.10212673120757197,0.9388884742746644,0.20030201101975584,0.09629832257723245,0.8866750953353532,0.1738458275794983,0.0762622207403183,0.025967761874198914,-0.02596578188240528,0.00980503298342228,0.06754005700349808,0.9974479079246521,1.2048660000232303
40,196,0,0.18850621569626158,0.06312474061237366,0.23531499144716223,0.10221115246794828,0.93878699692308,0.20028165346541288,0.09609337695334917,0.8866336563782122,0.1762837916612625,0.07585789263248444,0.02819116972386837,-0.02626083604991436,0.010027807205915451,0.06838130205869675,0.997506856918335,0.732319999997344
40,197,0,0.1886591232408078,0.06304263697273636,0.2351946107010201,0.10229602449256456,0.9386815416669598,0.20026351247170743,0.0958890284592458,0.886593703789012,0.17861400544643402,0.07536168396472931,0.030335741117596626,-0.026535123586654663,0.010228169150650501,0.06921261548995972,0.997558057308197,0.9008310000240272
40,198,0,0.18878769661953804,0.06296181416348527,0.23508490150966704,0.10238026026271282,0.9385717615854113,0.20024691004182485,0.09568385485157448,0.886555778005232,0.1807428002357483,0.0748184472322464,0.03229760751128197,-0.026798227801918983,0.01040238980203867,0.07003714889287949,0.9975985288619995,0.7457329999738249
40,199,0,0.18889271666249766,0.06288320381912929,0.23498432683372072,0.10246675209896311,0.9384580849221237,0.20023267815060808,0.0954716525829006,0.8865188048046244,0.18280251324176788,0.0742223709821701,0.03408714756369591,-0.027055630460381508,0.010557403787970543,0.07085074484348297,0.9976341128349304,0.7608180000033826
40,200,0,0.18897890793653796,0.06280643796522273,0.2348907029690104,0.1025547858221504,0.9383410734890475,0.20022042135522028,0.09525188721474982,0.8864827289856806,0.18464133143424988,0.073541559278965,0.03565196320414543,-0.027284782379865646,0.010651514865458012,0.0714884102344513,0.9976673722267151,1.0029139999687686
60,1,0,0.356238371241068,0.0745063398253648,-0.08469169049863759,0.18108847856506494,0.8624073600184371,-0.14226193844830898,0.1337930301010827,0.8624495474205728,0.888637125492096,0.01076989434659481,0.7584115266799927,-0.009455499239265919,0.034920770674943924,-0.08838892728090286,1.0,2.2937179999757973
60,2,0,0.3590744551003202,0.07466067792887697,-0.07954248222123504,0.16679007538825588,0.8762057300384085,-0.13941420828868442,0.12219056985065863,0.8755148231665152,0.9341344833374023,-0.02411731146275997,0.8434051871299744,-0.009851094335317612,0.06733287870883942,-0.13428138196468353,1.0,1.150016999986292
60,3,0,0.3618434685679815,0.07470555119586421,-0.07382216253197735,0.1645264986006898,0.8858136605186863,-0.13462978617853158,0.12114571729719305,0.8846053147754926,0.9579686522483826,-0.055505916476249695,0.8686597347259521,-0.008019925095140934,0.0913754552602768,-0.17009206116199493,1.0,1.038684999969064
60,4,0,0.36531600751415894,0.07474559643371484,-0.06585810705070848,0.1621897380290455,0.8949779426028956,-0.12767167758526915,0.12018988570988504,0.8935640511044528,0.9680211544036865,-0.08195709437131882,0.8744115829467773,-0.0049735503271222115,0.10109343379735947,-0.1860470026731491,1.0,0.9596499999702246
60,5,0,0.36989604299278367,0.07479322633077055,-0.056520934698383055,0.15952822610902834,0.9043457431906564,-0.11937741168353,0.11901640224904513,0.9029738344767626,0.9741047620773315,-0.09825264662504196,0.8714436888694763,6.642751395702362e-05,0.10347417742013931,-0.20252759754657745,1.0,1.3865150000356152
60,6,0,0.3759474221531044,0.0748529107342988,-0.0460360316046797,0.15638855917753638,0.9139739059559833,-0.11002076297453714,0.11756036615588134,0.9128408465589604,0.9776508212089539,-0.10685832053422928,0.8605965375900269,0.004491405561566353,0.10247931629419327,-0.21938219666481018,1.0,0.9409539999865046
60,7,0,0.38381929911336843,0.074921359591352,-0.03466630745382095,0.1528407885563399,0.9237742540382651,-0.09978727830106526,0.11580125955073345,0.9230376605466644,0.9797659516334534,-0.10970243066549301,0.8435330390930176,0.007296603173017502,0.100429467856884,-0.2358231246471405,1.0,1.0469069999885505
60,8,0,0.3938041290159591,0.07499831233338003,-0.022596101631630255,0.14891014400336408,0.933611174548127,-0.08884037513910549,0.11374771244377863,0.9333955657832196,0.9807427525520325,-0.11064720898866653,0.8182098269462585,0.008888478390872478,0.09721210598945618,-0.24900254607200623,1.0,1.1724940000021888
60,9,0,0.4060639917058302,0.07508226746101111,-0.009996013576183002,0.1446917516270145,0.9433394014762987,-0.07733009684020388,0.11147562317505064,0.9437355438034343,0.9809114933013916,-0.11516576260328293,0.7850329279899597,0.010019980370998383,0.09269548952579498,-0.2557203471660614,1.0,0.9494999999901665
60,10,0,0.4205232831598566,0.07517089276879375,0.0029814504446565165,0.1403020406400031,0.9528007760845203,-0.06539344761324924,0.10908663166915097,0.9538659887444765,0.980370819568634,-0.12135027348995209,0.7416914701461792,0.010932761244475842,0.08734563738107681,-0.2594470977783203,1.0,1.0833620000312294
60,11,0,0.43679326728044665,0.07526085678648586,0.016217371282408705,0.135833725286384,0.9618223613731202,-0.053138197394859255,0.10666349429706715,0.963582839069259,0.9793646931648254,-0.12863892316818237,0.6874440312385559,0.011775701306760311,0.08091573417186737,-0.2601620554924011,1.0,1.4608740000312537
60,12,0,0.45418203844344374,0.07534960774574953,0.029606823428843826,0.1313645830282805,0.9702230646345458,-0.040660073351968404,0.10427039161061721,0.9726789546271998,0.9779603481292725,-0.13561898469924927,0.6230832934379578,0.012694314122200012,0.07464176416397095,-0.25882694125175476,1.0,0.9521540000037021
60,13,0,0.4719203548939286,0.07543538262694185,0.04308543994712239,0.1269063887858227,0.9778651326046294,-0.02801651392396061,0.10190156426438551,0.9809904899345422,0.9759236574172974,-0.13978423178195953,0.5516096353530884,0.011920670047402382,0.06632716208696365,-0.2545224726200104,1.0,0.9588920000282997
60,14,0,0.4894736317364422,0.07551684043798584,0.056581765954183474,0.12254622071032902,0.9847157528305227,-0.015272999568233681,0.09961850486542911,0.9884581728483978,0.9730409383773804,-0.14382635056972504,0.48567748069763184,0.013432089239358902,0.05767617002129555,-0.24572940170764923,1.0,1.4548020000120232
60,15,0,0.5065374807912133,0.07559278824843806,0.07000822363561258,0.11840249847623582,0.9907842266739355,-0.0025124934075553534,0.09750771298231273,0.9950764491612847,0.9690263867378235,-0.1450895220041275,0.42498835921287537,0.016989776864647865,0.05024212598800659,-0.23205795884132385,1.0,0.9483649999992849
60,16,0,0.5201321567972823,0.07566326310970263,0.08331241554932742,0.11451124986904355,0.9960961001646927,0.010217571587655397,0.09555458815967718,1.0008624559490997,0.9634227156639099,-0.14044880867004395,0.36624836921691895,0.017724448814988136,0.04178459569811821,-0.21263979375362396,1.0,0.8430670000052487
60,17,0,0.5259366841705648,0.07572894692610625,0.096480300206718,0.11083443152876267,1.0006774084285928,0.022899876924230886,0.09368206917556701,1.0058340718664878,0.9555858969688416,-0.13781285285949707,0.30785229802131653,0.0169817004352808,0.031842928379774094,-0.19020234048366547,1.0,0.7046510000350281
60,18,0,0.5331295548032525,0.07579038493087528,0.1094851581691958,0.10736476274358611,1.0045424312895654,0.03549849569273815,0.09186153524674757,1.010001933166683,0.9449794888496399,-0.13371725380420685,0.25046083331108093,0.016134388744831085,0.022271348163485527,-0.1676553338766098,1.0,0.7073369999943679
60,19,0,0.5418923756952279,0.0758481542316606,0.12229288212453845,0.10411771623409787,1.0077253596366271,0.04796785174582321,0.09009898204161376,1.013400520532435,0.9315085411071777,-0.12794050574302673,0.19802239537239075,0.015093349851667881,0.013005143962800503,-0.1454356610774994,1.0,1.0347709999791732
60,20,0,0.5523639886525383,0.07590298458010819,0.13487263350809486,0.10108028592640313,1.0102900359522715,0.060265580709223596,0.0883781122574767,1.0160956819041884,0.9144975543022156,-0.12272494286298752,0.15081514418125153,0.012930572032928467,0.003753223456442356,-0.12402691692113876,1.0,1.175536000005195
60,21,0,0.5645989496140854,0.0759557205199977,0.14719013136933676,0.09824714232586275,1.0123178430652762,0.07234483650091494,0.0867069820424966,1.018172586134379,0.8936116695404053,-0.11372168362140656,0.11059415340423584,0.011222093366086483,-0.004871953744441271,-0.10697219520807266,1.0,0.817077999954563
60,22,0,0.5784972645183633,0.07600671052308493,0.15918353339025948,0.09563823930821358,1.013861989699705,0.08413391805852982,0.08512441238711456,1.0196959186136199,0.866649329662323,-0.1024722307920456,0.07277064770460129,0.009771916083991528,-0.011887391097843647,-0.09229594469070435,1.0,0.7149360000084926
60,23,0,0.5937750740643336,0.07605599238266539,0.17077457337508034,0.0933103500498488,1.0149467338564615,0.095549405066001,0.08369070985376326,1.0207043855201692,0.8317245244979858,-0.08800520747900009,0.03539011627435684,0.00864590797573328,-0.01823991909623146,-0.07684642821550369,1.0,0.9853349999957572
60,24,0,0.6099804757493975,0.07610349717907705,0.18189581260107596,0.0912898443639355,1.0156035084693775,0.10651992351998948,0.0824334127900447,1.0212409944248835,0.7901390790939331,-0.07251432538032532,0.00034711207263171673,0.0069548324681818485,-0.024277660995721817,-0.06282687187194824,1.0,0.9718160000034004
60,25,0,0.6264633923499505,0.07614909219274155,0.1924804925626117,0.08956131585320873,1.0158604919847225,0.11697485125348997,0.0813466155805081,1.021346936343922,0.74247807264328,-0.057957347482442856,-0.03277795389294624,0.004722227808088064,-0.029108606278896332,-0.05056413263082504,1.0,0.7166689999849041
60,26,0,0.6423864728776368,0.0761925805768281,0.20248082213068447,0.08812307335885458,1.015751415443317,0.12686231222983038,0.08044704418236541,1.0210645003675922,0.6902470588684082,-0.04393983632326126,-0.06494680047035217,0.004171837121248245,-0.033993009477853775,-0.041462380439043045,1.0,0.8764309999946818
60,27,0,0.6565291415779719,0.07623366124399834,0.21184199058522798,0.08696918098906554,1.0152975985263166,0.13612484264028882,0.079744081913582,1.0204242501722094,0.6299813389778137,-0.02860766090452671,-0.09744314104318619,0.003035028465092182,-0.03879901021718979,-0.03319437801837921,0.9999999403953552,0.7825509999861424
60,28,0,0.6669304722439999,0.0762719420703346,0.22051325792296314,0.08608158903525963,1.0145100558470401,0.1447100878128229,0.07923072231821414,1.0194450506453046,0.5653957724571228,-0.01387775782495737,-0.1307041049003601,0.0016494406154379249,-0.04352382570505142,-0.026531102135777473,0.9999998807907104,0.7441070000027139
60,29,0,0.670914485815369,0.07630709713694284,0.22846636480174234,0.08542722078102238,1.0134068912122982,0.15258725920080227,0.07889651370990992,1.018148649516929,0.4981118142604828,-0.00023167289327830076,-0.16271521151065826,0.0009523012558929622,-0.048329826444387436,-0.02362894080579281,0.9999996423721313,0.7126780000135113
60,30,0,0.6679640287522062,0.0763387851658631,0.2356617709635647,0.08498349501937098,1.0120042090545118,0.15971511450336595,0.07874025250167735,1.016558044359133,0.42536211013793945,0.010562111623585224,-0.1945614218711853,0.0012565285433083773,-0.05290241539478302,-0.02167382277548313,0.9999990463256836,0.7958079999639267
60,31,0,0.661266855493006,0.07636668329780553,0.2420517934173175,0.08471815794062518,1.0103046345022657,0.16604561255184763,0.07874044319458764,1.0146861541664711,0.34997227787971497,0.018962252885103226,-0.22570335865020752,0.0012618063483387232,-0.056185103952884674,-0.020341146737337112,0.9999973177909851,0.8822120000218092
60,32,0,0.6537556965706958,0.0763906402556042,0.24760991332516527,0.08460001786512683,1.0083157133738194,0.17155226151571484,0.07886826459673008,1.0125477961192018,0.27537646889686584,0.02421034872531891,-0.25437551736831665,0.001341455732472241,-0.05837668105959892,-0.018371986225247383,0.9999929070472717,0.8949150000034933
60,33,0,0.6467697415175477,0.07641071233220706,0.25234073771338295,0.08460312485797562,1.0060647889621945,0.176239412872713,0.07909656949346608,1.010171267335171,0.20320966839790344,0.02865024283528328,-0.2797639071941376,0.0017329734982922673,-0.06025724112987518,-0.016399221494793892,0.9999819397926331,0.7356720000188943
60,34,0,0.6408329565347577,0.07642714858158571,0.25626381336968124,0.08473465295476669,1.0035791420221731,0.18012611958858046,0.07943007909066901,1.007581906332926,0.13577918708324432,0.03161497414112091,-0.3019811809062958,0.0033552520908415318,-0.06122858449816704,-0.013967113569378853,0.999955952167511,0.7527490000143189
60,35,0,0.6360805437983812,0.07644039122840547,0.259416694388195,0.08498562737285403,1.0008713752646705,0.18324890069058766,0.07986040447044135,1.0047870750221857,0.07322319597005844,0.03351267799735069,-0.3240169286727905,0.00565160671249032,-0.06228013336658478,-0.012032848782837391,0.9998961687088013,0.735431000009612
60,36,0,0.6324745713779429,0.07645101768076684,0.261852384816543,0.08532217033730158,0.9979432249843523,0.18565968139497457,0.08035110184908027,1.0017796983419103,0.018309444189071655,0.03283892944455147,-0.34424450993537903,0.0073078651912510395,-0.06306309252977371,-0.008960115723311901,0.9997655153274536,0.9300820000248677
60,37,0,0.6291665214271819,0.0764596799749544,0.2636167057642187,0.0857003022382129,0.994783817919182,0.18740366761719757,0.08085407910415075,0.9985480707810427,-0.028738413006067276,0.0303205456584692,-0.3630504608154297,0.008408276364207268,-0.06305821985006332,-0.006041009910404682,0.9994904398918152,1.3372730000469346
60,38,0,0.6199635939266204,0.07646704795751094,0.2647841422765958,0.08609086059778744,0.9914058292550033,0.18855414203395604,0.08133939490146204,0.9950963658122077,-0.06918621808290482,0.027909737080335617,-0.3797509968280792,0.009023234248161316,-0.0631718635559082,-0.0031075619626790285,0.9989264607429504,0.8773459999815714
60,39,0,0.611165815916511,0.0764737314747294,0.2654116578613121,0.08647109986949492,0.9878095606282717,0.18916674658533,0.08178688119463953,0.9914155564120701,-0.10396233946084976,0.024827338755130768,-0.3945223391056061,0.009132955223321915,-0.06262117624282837,-0.0005211457028053701,0.9977903366088867,0.8990439999934097
60,40,0,0.602778160034355,0.07648027004111338,0.2655451501931125,0.08682932066706707,0.9840021856188697,0.18928547001872426,0.0822027668610887,0.9875075936039738,-0.13310158252716064,0.02181197702884674,-0.40681329369544983,0.00939678680151701,-0.06198553740978241,0.0014817387564107776,0.9955399036407471,1.468912999996519
60,41,0,0.5948512854265143,0.07648709556399338,0.26526785374658063,0.08716852528498802,0.9800310926660367,0.18899255982589105,0.0825912980076726,0.9834081202909861,-0.15494298934936523,0.01817757450044155,-0.41575342416763306,0.009815601631999016,-0.06184086203575134,0.0025437865406274796,0.9911744594573975,1.066833000038514
60,42,0,0.5874223671913923,0.07649452566625618,0.26463776614178064,0.08747400156699606,0.9759216545122215,0.18834566792374752,0.0829362716223619,0.9791368082169585,-0.17167627811431885,0.014440820552408695,-0.42185935378074646,0.009861310012638569,-0.061943016946315765,0.003053787862882018,0.9828741550445557,0.7393879999995079
60,43,0,0.5805475036062127,0.07650280021220583,0.26370543657660594,0.0877408496892921,0.971700200483803,0.18739478098630258,0.08323686430531332,0.9747129068000057,-0.1822361946105957,0.011780588887631893,-0.42477360367774963,0.00978731457144022,-0.06219277158379555,0.003260610159486532,0.9675591588020325,0.6816580000190697
60,44,0,0.5742717216040877,0.07651207024421983,0.2625233999159055,0.08796180401105753,0.9673951362877543,0.1861921429109241,0.08348951376879327,0.9701582354689007,-0.1882106512784958,0.009336446411907673,-0.4252292215824127,0.009213771671056747,-0.06274959444999695,0.0033792799804359674,0.9399387240409851,0.8380109999848173
60,45,0,0.5686358412033066,0.07652239042673575,0.2611284288545286,0.08813025208594347,0.9630269242967927,0.18477481589981806,0.08368909324891766,0.9654923113999367,-0.19067859649658203,0.006393969990313053,-0.4229409992694855,0.008592898957431316,-0.06273315846920013,0.0035722830798476934,0.890868067741394,0.8508429999665168
60,46,0,0.5642916515965444,0.07654583110237678,0.2600614804964368,0.0882243612075537,0.9594424583830069,0.18366792455545655,0.08382154721322375,0.9614183376245719,-0.18786472082138062,0.004119438119232655,-0.41663849353790283,0.007917890325188637,-0.06213308498263359,0.00298647815361619,0.8084520101547241,0.8785169999896425
60,47,0,0.563102960838315,0.07652782160089931,0.25998321252585477,0.08819298604331889,0.9586305294957087,0.18358759129729996,0.08384099555454887,0.9597604475758863,-0.18038296699523926,0.002871342469006777,-0.40588364005088806,0.00719416094943881,-0.06098872423171997,0.0014268448576331139,0.694753885269165,1.1790259999884256
60,48,0,0.5630207794160949,0.07649855308595668,0.25993057306688405,0.08813894135726427,0.9585392737683632,0.18355495515726103,0.0838128446731544,0.9588194534391756,-0.17205990850925446,0.00454246299341321,-0.3966447412967682,0.006724151782691479,-0.05904798209667206,-0.0003363136202096939,0.6258329749107361,0.8232860000134679
60,49,0,0.563218704605715,0.07646558736300135,0.25988046939338066,0.08808231381824103,0.9586253449903256,0.1835372365916829,0.08379528995437556,0.9580611796375983,-0.16367413103580475,0.006598220206797123,-0.38849616050720215,0.006286290939897299,-0.056969232857227325,-0.0015991725958883762,0.5781140923500061,0.8725679999770364
60,50,0,0.5635279846851244,0.0764290861588001,0.2598333834761598,0.08802754385833875,0.9587802113846624,0.1835352776507082,0.08378042232790123,0.9573779927058638,-0.15549170970916748,0.007951876148581505,-0.3787667453289032,0.005694591905921698,-0.05493848770856857,-0.0030341744422912598,0.5273170471191406,1.3411330000394628
60,51,0,0.5638728714366802,0.07638308928546376,0.2597869192165885,0.08797066470052842,0.9589640650646327,0.18355304844449385,0.0837557930095502,0.9567261793384848,-0.14842817187309265,0.008656131103634834,-0.3691859841346741,0.005341406911611557,-0.05281176418066025,-0.004141899291425943,0.4818851053714752,1.155299999993531
60,52,0,0.5640036794034651,0.07635237609509775,0.25974445563128723,0.0879207908705829,0.9590203838951257,0.18356083971371828,0.0838433025648252,0.9560010975211628,-0.1437399983406067,0.010806472972035408,-0.36182793974876404,0.0053590512834489346,-0.05027947947382927,-0.004044611472636461,0.4949910640716553,1.1113319999935811
60,53,0,0.5641907424740424,0.0763216596194632,0.25970908150549155,0.08787434975879789,0.9591117015588444,0.1835871123025764,0.08385638259714039,0.9553305017985196,-0.13784636557102203,0.01060805656015873,-0.35045236349105835,0.0047837551683187485,-0.04734960198402405,-0.004212751053273678,0.45533326268196106,1.0805610000375054
60,54,0,0.564470892360458,0.07628994991336913,0.2596775404257449,0.0878266068768132,0.9592621477882938,0.18362450707140215,0.08386259442688028,0.9547478171973454,-0.1318371295928955,0.010080069303512573,-0.33809274435043335,0.004242559429258108,-0.044449977576732635,-0.0035447534173727036,0.40770065784454346,0.9507610000127897
60,55,0,0.564808911955051,0.07625774960802066,0.2596493942446943,0.08777885663171642,0.9594503774008818,0.1836706168938574,0.08387183380343304,0.9542345418809671,-0.12587830424308777,0.009677713736891747,-0.3262835443019867,0.0037824169266968966,-0.04172064736485481,-0.002917463891208172,0.364418089389801,0.782065999999304
60,56,0,0.5651723746868198,0.0762252444152522,0.2596251005530425,0.08773222907663011,0.959656791737574,0.18372490916461268,0.08388339716124363,0.9537716132142187,-0.12033801525831223,0.009252035059034824,-0.31526657938957214,0.003341901348903775,-0.0391911081969738,-0.002355746226385236,0.3250328600406647,1.0038319999807754
60,57,0,0.5655446931737105,0.07619211858759772,0.25960564460290914,0.08768743674393363,0.9598720699724153,0.1837879103655807,0.08389761673932984,0.9533492351349311,-0.11442449688911438,0.009642836637794971,-0.3043176233768463,0.002895401557907462,-0.036911219358444214,-0.0020512649789452553,0.29324692487716675,0.8720029999835788
60,58,0,0.5659164725652918,0.07615828767168165,0.25959150688265215,0.08764420551426286,0.9600910663706564,0.18385951385055335,0.083914387647657,0.9529609561926364,-0.10899794101715088,0.010662621818482876,-0.2940235137939453,0.002519196132197976,-0.03484216332435608,-0.0019677646923810244,0.270829975605011,0.9440149999591085
60,59,0,0.5662822360854771,0.07612379944206975,0.2595828677408403,0.08760247190485694,0.9603107779634851,0.1839394171556395,0.08393101600542217,0.9526022348690182,-0.1036192923784256,0.011586586013436317,-0.2841082513332367,0.0020106430165469646,-0.03287099301815033,-0.0020802326034754515,0.2545055150985718,0.8883119999723021
60,60,0,0.5666378073579545,0.07608865272475276,0.25957982346860875,0.08756183146298074,0.9605289543482063,0.18402733021699502,0.08394510811164348,0.9522692237755556,-0.09837883710861206,0.012536718510091305,-0.2746521532535553,0.0015181393828243017,-0.031053468585014343,-0.0022550225257873535,0.2411218285560608,0.7881180000026689
60,61,0,0.5669850557434665,0.07605272843474861,0.25958206691457636,0.0875221192727261,0.960746363142744,0.18412249467859268,0.08395987667146482,0.9519610977522313,-0.09350689500570297,0.013664470054209232,-0.265578031539917,0.0011024191044270992,-0.029456090182065964,-0.0023080515675246716,0.2308294028043747,1.0304560000236052
60,62,0,0.5673218411202745,0.07601622955589733,0.25958923852324395,0.08748362929113872,0.9609614405086029,0.18422401164971347,0.08397569542333753,0.9516746685088555,-0.08890334516763687,0.014741726219654083,-0.2570110559463501,0.0007179303793236613,-0.027967402711510658,-0.002379362704232335,0.22205069661140442,1.0188069999799154
60,63,0,0.5676455547248545,0.07597935405352381,0.25960105612450085,0.08744656930860172,0.9611723194945815,0.18433114691726804,0.08399234779569595,0.9514064931565068,-0.08466017991304398,0.01579221710562706,-0.24894851446151733,0.00035846137325279415,-0.026577705517411232,-0.0024828058667480946,0.21464656293392181,0.8981180000091626
60,64,0,0.5679543575588519,0.07594222099517006,0.2596173055045198,0.08741105846551696,0.9613777375150773,0.18444334130538292,0.08400995887602995,0.9511538166503342,-0.08066227287054062,0.016794651746749878,-0.24140618741512299,2.5345012545585632e-05,-0.02528354898095131,-0.002585392212495208,0.20850346982479095,0.9791499999778353
60,65,0,0.5682469368115963,0.07590489727794394,0.2596378019041928,0.08737724950187852,0.9615767356903445,0.18456012973320096,0.08402933794094702,0.950914275357922,-0.07694419473409653,0.017898205667734146,-0.23438335955142975,-0.00027152616530656815,-0.024079041555523872,-0.002633690368384123,0.20397956669330597,1.1993640000014238
60,66,0,0.5685332796319272,0.07586760745954552,0.2596616269471774,0.08734471360443505,0.9617739416781534,0.18468018799133584,0.08404981269264043,0.9506914644402548,-0.07368157058954239,0.018958745524287224,-0.22695855796337128,-0.00040119324694387615,-0.022979922592639923,-0.0030656063463538885,0.2007223516702652,1.0897110000200882
60,67,0,0.5688297440314224,0.07583078850358602,0.25968706355039817,0.08731271735567511,0.9619772955180776,0.1848011779362347,0.08407099548939653,0.9504923549348743,-0.07062674313783646,0.020061204209923744,-0.220000758767128,-0.0005094967200420797,-0.021979032084345818,-0.0034598831553012133,0.19865721464157104,0.759113000015077
60,68,0,0.5691264407600096,0.07579464057588735,0.25971414212262944,0.08728184792551542,0.9621816948832648,0.18492288740473314,0.08409395391222227,0.9503101705704096,-0.06794854998588562,0.021403657272458076,-0.21366019546985626,-0.0006019258289597929,-0.02107592672109604,-0.003694772720336914,0.1979047656059265,0.7137050000096679
60,69,0,0.5694138482868196,0.07575912972279632,0.25974339518149897,0.08725259626935028,0.9623818510453283,0.1850459012487396,0.08411836541241538,0.950138210514167,-0.06547974795103073,0.02260591648519039,-0.2077690213918686,-0.0006869471399113536,-0.020238347351551056,-0.003936329856514931,0.19775733351707458,0.8813059999965844
60,70,0,0.5696892695134108,0.07572416659949552,0.25977503320904943,0.08722503110591408,0.9625762983270785,0.18517048244809245,0.08414417707727898,0.9499739671380409,-0.06311781704425812,0.0237730722874403,-0.20219503343105316,-0.000764465716201812,-0.019443731755018234,-0.00416390597820282,0.19818469882011414,0.8232790000306522
60,71,0,0.5699526538495656,0.07568964176085793,0.2598090431034904,0.0871991500626743,0.9627650476792845,0.18529666365678266,0.08417200584117919,0.9498165505873776,-0.06086396053433418,0.024990743026137352,-0.19697433710098267,-0.000803341914433986,-0.01865983195602894,-0.0043540396727621555,0.199226513504982,0.8980889999747887
60,72,0,0.570205811388157,0.07565543448484639,0.25984528706532894,0.0871748661389525,0.9629490113237216,0.1854243805175964,0.08420189671677812,0.9496661317970767,-0.058739498257637024,0.02621329016983509,-0.19205611944198608,-0.0008113047224469483,-0.017892958596348763,-0.004491788800805807,0.20068523287773132,0.95435999998017
60,73,0,0.570449874847485,0.07562152194717749,0.25988359670141836,0.08715210352090001,0.9631287614197377,0.18555343949543182,0.0842333445791947,0.9495227643015185,-0.056723423302173615,0.02739734575152397,-0.18736301362514496,-0.0008095612865872681,-0.017152933403849602,-0.004619177896529436,0.20246385037899017,0.974487999997109
60,74,0,0.5706848451507126,0.07558790331314884,0.2599238636250775,0.08713082498129292,0.9633042561087453,0.1856836817843982,0.08426608386324239,0.9493859305676697,-0.05483323708176613,0.028530428186058998,-0.18293330073356628,-0.0007971383747644722,-0.01645313762128353,-0.0047362130135297775,0.2046048939228058,0.9239259999844762
60,75,0,0.5709103575166903,0.07555456611670595,0.2599660334229529,0.08711102072198648,0.9634752816103204,0.18581502836845618,0.08430006239639233,0.9492548940001506,-0.05304602161049843,0.029654398560523987,-0.178755521774292,-0.0007788192597217858,-0.015810435637831688,-0.004839112516492605,0.20704960823059082,1.0209050000185016
60,76,0,0.571125805923474,0.07552148945104616,0.26001009221729576,0.08709270638140976,0.9636415215791716,0.18594746301627768,0.08433529574301034,0.9491288026296356,-0.05127357318997383,0.0308123417198658,-0.1747499406337738,-0.0007601052639074624,-0.015188885852694511,-0.004939579404890537,0.20955221354961395,0.946016000000327
60,77,0,0.571330799021389,0.07548867581978204,0.26005598741526853,0.08707589436281844,0.9638027281182016,0.1860809074925267,0.08437173703544619,0.949006942887369,-0.04963292181491852,0.03189845755696297,-0.1710016429424286,-0.00074314686935395,-0.01459577213972807,-0.004998450633138418,0.21229389309883118,0.8727210000074592
60,78,0,0.5715313628726335,0.07545586839905752,0.2601033016087325,0.08706032530799611,0.9639608974780196,0.18621526361495952,0.08440918540377737,0.9488904835986697,-0.048251040279865265,0.032800570130348206,-0.16766193509101868,-0.0007359663723036647,-0.014028221368789673,-0.004946392495185137,0.21546021103858948,0.7980659999589079
60,79,0,0.5718006987949501,0.07542062635987831,0.2601467861011261,0.08704154431398516,0.964154216698946,0.18634847663310358,0.08444510624748117,0.9488134569542281,-0.046947356313467026,0.03367422893643379,-0.16450433433055878,-0.0007267686305567622,-0.013490241952240467,-0.004893139004707336,0.21886174380779266,0.7282639999743878
60,80,0,0.5720530043860386,0.07538696773867885,0.2601903225706915,0.08702463646248848,0.964338666219933,0.18647950756795045,0.08448102052335715,0.9487360807156493,-0.04568909481167793,0.03453940898180008,-0.16171705722808838,-0.0007095615146681666,-0.012994195334613323,-0.0048393080942332745,0.22521868348121643,0.6728400000497459
60,81,0,0.5722632526692457,0.07535448030361575,0.2602363096159702,0.08701103795754653,0.9645006883095267,0.18661117457518986,0.08451873411567218,0.9486442822345472,-0.04448150098323822,0.035374715924263,-0.15903320908546448,-0.0006937774596735835,-0.012518001720309258,-0.004784884862601757,0.231196328997612,0.6895170000120743
60,82,0,0.5724390703289689,0.07532278707247655,0.2602849426934792,0.08700019060290065,0.9646447598574007,0.18674400800346252,0.0845581214703865,0.9485422918590979,-0.04338306188583374,0.03616543859243393,-0.15643438696861267,-0.0006772381020709872,-0.012055768631398678,-0.004740949720144272,0.23565398156642914,0.8782749999909356
60,83,0,0.5725900394719567,0.07529167744468006,0.2603361533777155,0.08699147734233123,0.9647763851722361,0.1868781235541038,0.08459881440980353,0.9484353414185945,-0.04236437752842903,0.03692605718970299,-0.1539074331521988,-0.0006602340145036578,-0.011608127504587173,-0.004680707585066557,0.23920103907585144,0.9183649999613408
60,84,0,0.5727238314458887,0.0752610257329941,0.2603898791488255,0.08698443015371786,0.9648999524189443,0.18701358848412455,0.08464046462272476,0.9483274514531504,-0.04143771156668663,0.03764088824391365,-0.15147030353546143,-0.0006382949068211019,-0.011189510114490986,-0.00459578400477767,0.24221035838127136,0.7655230000409574
60,85,0,0.5728453275440717,0.07523076138656332,0.26044590995738365,0.08697874190229621,0.9650181322417024,0.1871502786831669,0.08468271954787944,0.9482209248468971,-0.040572747588157654,0.03832658380270004,-0.14913484454154968,-0.0006091128452681005,-0.010791286826133728,-0.004516254179179668,0.24495510756969452,0.930614000026253
60,86,0,0.5729570477848829,0.07520085485940105,0.26050410898599496,0.08697423385672631,0.965132293877993,0.1872881036436476,0.0847253259080437,0.948116784883772,-0.039762746542692184,0.038990434259176254,-0.14690370857715607,-0.000583026499953121,-0.01040711160749197,-0.0044409786351025105,0.24755942821502686,0.8335960000067644
60,87,0,0.5730599574541798,0.07517129845545291,0.2605643620011185,0.0869707975103763,0.9652429458951366,0.1874269725165958,0.08476792856945427,0.9480152432248115,-0.038989655673503876,0.03962933272123337,-0.14479757845401764,-0.0005785086541436613,-0.010016405954957008,-0.004391040187329054,0.2501060366630554,0.7545530000356848
60,88,0,0.5731556678736149,0.07514208271941002,0.26062650022603673,0.08696828133111008,0.9653508398306695,0.18756675397322742,0.08481019644420298,0.9479167140279033,-0.038389500230550766,0.04024907201528549,-0.14280730485916138,-0.000609012262430042,-0.009716451168060303,-0.004363753367215395,0.2526530921459198,0.9066829999824222
60,89,0,0.5732454980843966,0.07511322231553032,0.26069028721805726,0.08696661444202745,0.9654565491381274,0.187707223357933,0.08485235668813272,0.947821400418556,-0.037838757038116455,0.04085217043757439,-0.14091332256793976,-0.0006392038776539266,-0.009433640167117119,-0.0043365610763430595,0.25520822405815125,1.0121450000042387
60,90,0,0.5733297475663329,0.07508473025925912,0.2607555825580953,0.08696581966577784,0.9655601030563514,0.18784825302191396,0.08489458830609986,0.9477290061001052,-0.03732667490839958,0.0414382703602314,-0.1391068994998932,-0.0006671546725556254,-0.009163045324385166,-0.004308346193283796,0.25776830315589905,0.8903560000135258
60,91,0,0.5734112595400005,0.07505651702023645,0.26082207509326716,0.08696573762585717,0.9656627857747792,0.1879896804119697,0.08493685327188273,0.9476403924688124,-0.036849021911621094,0.04201039671897888,-0.13737724721431732,-0.000693531590513885,-0.008901972323656082,-0.004280818626284599,0.26032763719558716,0.8133979999911389
60,92,0,0.573491004076622,0.07502860119766883,0.2608895432127311,0.08696632981067007,0.9657649992325268,0.18813128769691012,0.08497911623561737,0.9475557094555898,-0.036406632512807846,0.042569708079099655,-0.13571825623512268,-0.000717245857231319,-0.008647703565657139,-0.004254170227795839,0.2629711329936981,0.935093999999026
60,93,0,0.5735685729665162,0.07500100594496682,0.26095790671978764,0.08696763789482898,0.9658664525147954,0.18827298534179393,0.08502141122347376,0.947474462443693,-0.0359952487051487,0.04311592876911163,-0.13413788378238678,-0.0007384129567071795,-0.008403198793530464,-0.004227169789373875,0.26573842763900757,1.0427670000012768
60,94,0,0.5736432707000723,0.07497375176680039,0.26102711176805543,0.08696972254557538,0.9659667124636313,0.18841469997785365,0.08506385601188182,0.9473960694818787,-0.035628676414489746,0.043680474162101746,-0.13265839219093323,-0.0007588693988509476,-0.00815298967063427,-0.004194484557956457,0.26858580112457275,1.211612000020068
60,95,0,0.5737145371235645,0.07494684340557621,0.26109713987544986,0.08697262938779111,0.9660654474065548,0.18855640710013555,0.08510649002518482,0.9473200760109346,-0.0352926030755043,0.04423823207616806,-0.13125814497470856,-0.0007778516155667603,-0.00790997501462698,-0.004160011187195778,0.271499365568161,1.0008929999685279
60,96,0,0.5737821145550658,0.0749202741095659,0.2611679871757227,0.08697636930633294,0.9661625145924677,0.18869810572613846,0.08514926847017969,0.947246239645475,-0.03493156656622887,0.044755615293979645,-0.12986505031585693,-0.0007974019390530884,-0.007659937255084515,-0.004120643250644207,0.27455687522888184,1.2227979999579475
60,97,0,0.5738458109078269,0.07489403429508433,0.26123965206101557,0.08698093471002886,0.9662578219360362,0.1888397985943952,0.08519211607242336,0.9471743809756925,-0.03459829464554787,0.04525534808635712,-0.12854470312595367,-0.0008169615757651627,-0.007420703303068876,-0.004092927556484938,0.27764391899108887,1.0154610000085995
60,98,0,0.5739054951374376,0.07486811368182517,0.2613121188388997,0.08698630124863167,0.9663513006297335,0.1889814851405327,0.08523493293032386,0.9471043116683147,-0.03429451957345009,0.045733559876680374,-0.12729838490486145,-0.0008377803605981171,-0.007192197255790234,-0.004087848123162985,0.2807522416114807,0.8485949999794684
60,99,0,0.5739612183275552,0.07484249903034067,0.26138534585184886,0.0869924563988371,0.9664429507581878,0.18912313932636443,0.08527781739086307,0.9470359112558032,-0.034015800803899765,0.04620000347495079,-0.12611684203147888,-0.0008569450583308935,-0.006973894778639078,-0.004080384504050016,0.28386929631233215,0.858786999970107
60,100,0,0.5740131237767054,0.07481717995654204,0.26145928094967064,0.08699939505593586,0.9665328122693768,0.18926472727668037,0.08532082173781266,0.9469690900207093,-0.03376152738928795,0.04665457829833031,-0.12499595433473587,-0.0008744893129914999,-0.006765480153262615,-0.004070814698934555,0.2869805693626404,1.1323409999590694
60,101,0,0.574061347051662,0.07479214873363649,0.26153387296236436,0.08700710928228789,0.9666209238828193,0.18940621706066388,0.08536396066327966,0.9469037529666826,-0.033531200140714645,0.04709779471158981,-0.12393555045127869,-0.0008904587011784315,-0.006566653493791819,-0.004059044644236565,0.2900989353656769,1.3884790000133762
60,102,0,0.5741056242157302,0.07476741656281369,0.26160909095493806,0.08701553994510489,0.9667072865157359,0.18954755678514806,0.08540744693550281,0.946839827960451,-0.03333074972033501,0.04751557111740112,-0.1229391023516655,-0.0009096048306673765,-0.006383213214576244,-0.004049522802233696,0.2932239770889282,0.9322999999881176
60,103,0,0.5741370063232855,0.07474457487888256,0.2616861188657361,0.08702354724969728,0.966788365205834,0.18968597966248713,0.08547718214239503,0.9467798624259515,-0.03315432742238045,0.047916896641254425,-0.12199636548757553,-0.0009288580040447414,-0.0062102158553898335,-0.0040391855873167515,0.29628345370292664,0.8698729999991883
60,104,0,0.5741701515292053,0.07472208001261808,0.2617632120763758,0.08703396894442741,0.9668693773027583,0.18982469886613274,0.08552924964147736,0.9467205466088667,-0.03302448242902756,0.048206087201833725,-0.12098363041877747,-0.0009542961488477886,-0.006042917259037495,-0.004028283525258303,0.29659590125083923,0.858631999960835
60,105,0,0.574207338881334,0.07469999241136699,0.26183935109472833,0.08704478267216392,0.9669514358684782,0.18996220100716588,0.08557502081726864,0.9466634107886879,-0.03289227560162544,0.04853034391999245,-0.12006144225597382,-0.0009756010840646923,-0.005882899276912212,-0.00400859210640192,0.29773780703544617,0.8375689999979841
60,106,0,0.5742473146796858,0.07467835385719584,0.26191449663350175,0.08705591714226887,0.9670339605381091,0.19009824664458141,0.0856193453571053,0.9466080203184881,-0.032759733498096466,0.048825472593307495,-0.11922817677259445,-0.0009891834342852235,-0.005715138278901577,-0.003960032016038895,0.29964905977249146,0.7379200000059427
60,107,0,0.5742884749245404,0.07465720254177852,0.26198872590358685,0.08706744737452819,0.9671161332854853,0.19023286033963965,0.0856634279912427,0.946553488073737,-0.03261738643050194,0.04911964386701584,-0.11844315379858017,-0.0009976454311981797,-0.005549603141844273,-0.003905354766175151,0.30204546451568604,0.9098830000198177
60,108,0,0.5743299369837812,0.07463655317355666,0.26206210649990735,0.08707943575071282,0.9671975144640906,0.19036610932680423,0.08570742835523547,0.9464992861657484,-0.032476454973220825,0.049409713596105576,-0.11769280582666397,-0.0010057153413072228,-0.005387602373957634,-0.003849517088383436,0.3046792149543762,0.876444999960313
60,109,0,0.574371313097668,0.07461640703038638,0.2621346820148319,0.08709190569719859,0.9672779256918747,0.19049804409288418,0.08575138044488413,0.9464451798956057,-0.032336872071027756,0.04969501495361328,-0.11696914583444595,-0.0010137927019968629,-0.0052286116406321526,-0.003791999537497759,0.30743640661239624,0.7810060000110752
60,110,0,0.5744124607925281,0.07459675644369025,0.2622064851730792,0.08710486325930585,0.9673573188340727,0.19062870801143408,0.08579528840006505,0.9463910864065439,-0.03219851478934288,0.04997521638870239,-0.11626680940389633,-0.0010222370037809014,-0.005072254221886396,-0.0037337199319154024,0.31023889780044556,1.0662309999815989
60,111,0,0.5744532540012255,0.07457758739832222,0.26227755917699763,0.0871183108702467,0.9674356671280854,0.1907581535589939,0.08583919545803344,0.9463369698705748,-0.03205970302224159,0.05025606229901314,-0.11558765918016434,-0.0010300917783752084,-0.004917591344565153,-0.0036732556764036417,0.31304246187210083,0.9240560000307596
60,112,0,0.5744935683122813,0.07455888065043657,0.2623479642580159,0.08713225092364094,0.9675129591733977,0.19088645181329789,0.08588311033134842,0.9462828256189392,-0.03192206844687462,0.05053345859050751,-0.11492647975683212,-0.0010381505126133561,-0.004765033256262541,-0.00361167942173779,0.31583258509635925,1.0803260000216142
60,113,0,0.574533194856884,0.07454060769926518,0.26241779620134054,0.08714668359787586,0.9675891728775807,0.19101370972108864,0.08592704374146347,0.9462286694023087,-0.0317830890417099,0.05080635845661163,-0.11427821964025497,-0.0010467745596542954,-0.004614242352545261,-0.003550490364432335,0.3186073303222656,1.0456879999765079
60,114,0,0.5745716526462346,0.07452272061843548,0.26248723332454593,0.08716162217513906,0.9676642286759368,0.19114012431255772,0.0859710334246673,0.9461745003753717,-0.0316447876393795,0.05107389762997627,-0.11364490538835526,-0.001056042150594294,-0.004465572535991669,-0.0034886884968727827,0.32135337591171265,1.2210360000040055
60,115,0,0.5746083322088126,0.07450517587908509,0.2625564625113046,0.08717708581424757,0.9677379879521149,0.19126587823335564,0.08601510895012805,0.946120318423479,-0.03151067718863487,0.05133591964840889,-0.1130291298031807,-0.0010657977545633912,-0.004319584928452969,-0.0034261285327374935,0.32406431436538696,0.9917209999912302
60,116,0,0.5746419751286772,0.07448790489414624,0.26262584440504905,0.08719313488353114,0.9678100623596754,0.19139131089031897,0.08605934254330827,0.9460660120151001,-0.031382251530885696,0.051592353731393814,-0.11243319511413574,-0.0010759704746305943,-0.004176707938313484,-0.003362706396728754,0.3267349600791931,0.9956189999797971
60,117,0,0.574672355069098,0.0744708744852583,0.2626955120737273,0.08720977084389456,0.9678804432769292,0.1915165251975573,0.08610372062160529,0.9460117527174356,-0.03126388415694237,0.05184295400977135,-0.11186046898365021,-0.0010862653143703938,-0.0040376451797783375,-0.0032985687721520662,0.32934415340423584,0.9222930000305496
60,118,0,0.574698391628852,0.07445411431080727,0.26276571557395323,0.08722708942860645,0.9679488016569677,0.19164168558302386,0.0861482673901674,0.9459573569871532,-0.031157441437244415,0.05208771675825119,-0.11131466925144196,-0.0010965843684971333,-0.0039031084161251783,-0.003233388066291809,0.33190077543258667,0.9629420000010214
60,119,0,0.5747200708811075,0.07443756439381759,0.26283652065197716,0.08724505410935732,0.968015102332837,0.1917669012142915,0.08619300939723173,0.9459028119089583,-0.03106306679546833,0.05233440175652504,-0.11079686880111694,-0.0011048833839595318,-0.0037705644499510527,-0.00317619601264596,0.3341899812221527,1.0467179999977816
60,120,0,0.5747396701854296,0.0744211629577592,0.26290761938350926,0.08726346515541694,0.968080378940111,0.19189192935566768,0.08623781442095396,0.9458491102757777,-0.030983377248048782,0.05257520079612732,-0.11030594259500504,-0.0011131293140351772,-0.0036427888553589582,-0.0031185310799628496,0.33639606833457947,0.7804169999872101
60,121,0,0.5747672857449426,0.07440373233995058,0.2629779071271781,0.08728553593314048,0.9681476755422377,0.19201940967850084,0.08624922551666674,0.9457929649276541,-0.03091590292751789,0.052810631692409515,-0.10985004901885986,-0.0011214609257876873,-0.0035199341364204884,-0.0030594298150390387,0.3386121690273285,0.7474090000414435
60,122,0,0.5747890949316281,0.07438606068587178,0.2630485440259244,0.08730565123852572,0.9682132502271816,0.19214692512951517,0.08627185044961494,0.9457370913436137,-0.030824817717075348,0.053148504346609116,-0.10968265682458878,-0.0011158543638885021,-0.0034061630722135305,-0.002973130438476801,0.3445699214935303,0.9261779999860664
60,123,0,0.5748030457926232,0.07436869618638234,0.2631200208214083,0.08732569591356741,0.9682754258216597,0.19227374369078054,0.0863127368763123,0.9456815792438507,-0.03076537325978279,0.05344877392053604,-0.109550841152668,-0.0011130091734230518,-0.003301258198916912,-0.002892757998779416,0.35032033920288086,0.9414000000447231
60,124,0,0.5748112352890855,0.07435157300551479,0.2631921955928777,0.08734647375199957,0.9683348981778122,0.19240058722883974,0.0863562630751782,0.9456253390354031,-0.03074362315237522,0.05369630828499794,-0.10936570167541504,-0.001116191502660513,-0.0032044558320194483,-0.0028240401297807693,0.3546254336833954,1.0070069999983389
60,125,0,0.5748158384552676,0.0743346385723717,0.26326484373369624,0.08736786876488195,0.9683926669375208,0.19252742542606363,0.08640028649848648,0.9455689966057382,-0.03073892556130886,0.05392661690711975,-0.10915908217430115,-0.0011218753643333912,-0.003112283768132329,-0.0027584065683186054,0.35810521245002747,1.8373890000020765
60,126,0,0.5748181471523957,0.074317863413328,0.26333781299427506,0.0873897607877129,0.9684493337953489,0.19265417975903332,0.08644449923131185,0.9455130024501252,-0.03074655495584011,0.0541476234793663,-0.10895342379808426,-0.0011287773959338665,-0.0030237939208745956,-0.0026929834857583046,0.3611295223236084,0.8366000000137319
60,127,0,0.5748187308592626,0.07430122756495473,0.2634110322739081,0.08741208664595437,0.9685051695930809,0.19278082640145208,0.08648883588006158,0.9454575223357805,-0.030746856704354286,0.05436377972364426,-0.10874854773283005,-0.0011340775527060032,-0.00293897558003664,-0.0026278975419700146,0.3639180064201355,0.8332400000199414
60,128,0,0.5748654187192761,0.07428614708110877,0.26348140876660836,0.08745985921054833,0.9685739767357978,0.19291601779575895,0.086383209218783,0.9453835030432981,-0.030735226348042488,0.054576512426137924,-0.10854772478342056,-0.0011370438151061535,-0.002857761224731803,-0.0025631655007600784,0.36658722162246704,0.9203170000091632
60,129,0,0.5748890352778914,0.07427009435256784,0.26355281850056494,0.08748393946491138,0.9686391300993474,0.19304204179069873,0.0864123519569745,0.9453340022704007,-0.030637746676802635,0.05515655130147934,-0.10604095458984375,-0.0012850009370595217,-0.0027538896538317204,-0.0024623542558401823,0.31477853655815125,0.7969929999944725
60,130,0,0.5749276165904145,0.07425376165766734,0.26362240041353,0.08751013381367435,0.9687102654878443,0.19316500480768123,0.08646161324957334,0.945294947224339,-0.030692102387547493,0.05523663014173508,-0.10606995970010757,-0.0013263627188280225,-0.002736444352194667,-0.002357012825086713,0.3113391101360321,1.136028000018996
60,131,0,0.5749577153993792,0.07423761115304084,0.2636924156119709,0.08753768225801642,0.9687771822232536,0.19328860542257426,0.08649956724095889,0.9452516909906169,-0.030768046155571938,0.05530059337615967,-0.10646776109933853,-0.0013470613630488515,-0.0027334473561495543,-0.0022521018981933594,0.3150058388710022,1.0103989999947771
60,132,0,0.5749755413911688,0.0742216003927234,0.2637633146087317,0.08756597485581638,0.9688382718879804,0.19341285093891242,0.08653777156587575,0.9452035299961571,-0.030840549618005753,0.05538720637559891,-0.10689190775156021,-0.0013657949166372418,-0.002729330910369754,-0.002138261217623949,0.31902098655700684,0.9480819999794221
60,133,0,0.5749825414821248,0.07420572249046788,0.2638350680864901,0.08759493574452407,0.9688942557032993,0.19353775984135183,0.08657642327494441,0.9451510390684443,-0.03092149645090103,0.055480215698480606,-0.10730373859405518,-0.0013839798048138618,-0.002724445192143321,-0.002028536982834339,0.3229995369911194,0.8667309999736972
60,134,0,0.5749809382091225,0.07418996474483094,0.2639075430157124,0.08762439395696224,0.9689462297845179,0.19366323501623794,0.08661565225337173,0.945095223460053,-0.03100796975195408,0.055578477680683136,-0.10768984258174896,-0.0014021964743733406,-0.0027178197633475065,-0.0019239201210439205,0.32680007815361023,0.728878000018085
60,135,0,0.5749726693326274,0.07417431461387078,0.2639806004291612,0.08765421815755542,0.9689951343149197,0.1937891673566094,0.08665562590752078,0.9450369523059038,-0.031116364523768425,0.055707115679979324,-0.10807894915342331,-0.001415248028934002,-0.0027110620867460966,-0.00182712625246495,0.33049166202545166,0.9245349999673635
60,136,0,0.574959289534855,0.07415876218525681,0.2640541230120663,0.08768432366086878,0.9690417088027147,0.19391547270429205,0.08669630163999593,0.9449768889542408,-0.03123309463262558,0.055842071771621704,-0.10845410823822021,-0.0014243097975850105,-0.00270125363022089,-0.0017318000318482518,0.33402979373931885,0.9374279999860846
60,137,0,0.5749421174839318,0.07414329953789779,0.26412800992127367,0.08771463431053397,0.9690865782668995,0.194042076045283,0.08673758464702248,0.9449156015995877,-0.03135432302951813,0.05598011985421181,-0.10880563408136368,-0.0014332151040434837,-0.0026891836896538734,-0.0016383923357352614,0.33742082118988037,2.0330479999870477
60,138,0,0.5749222282575416,0.07412792162820252,0.26420217482094766,0.08774508843554675,0.9691302498807474,0.194168907105118,0.08677939975128401,0.9448535609935669,-0.031478848308324814,0.056121572852134705,-0.10913506150245667,-0.0014419638318940997,-0.002674713032320142,-0.0015469981590285897,0.34070083498954773,1.1604260000126487
60,139,0,0.574900462596498,0.07411262590868986,0.2642765468093011,0.08777564226702946,0.9691731152991123,0.19429590341345843,0.08682168783997088,0.9447911375299403,-0.031605880707502365,0.056266140192747116,-0.10944212228059769,-0.0014504966093227267,-0.0026577927637845278,-0.0014574871165677905,0.3438831865787506,1.2492789999782872
60,140,0,0.5748774398141194,0.07409741246061721,0.26435106950219145,0.08780628457083359,0.9692154542089388,0.1944230048822843,0.0868644930337095,0.9447286140580838,-0.03172791376709938,0.05639426037669182,-0.10972558706998825,-0.001457285019569099,-0.0026359627954661846,-0.0013481631176546216,0.34711864590644836,1.0682180000003427
60,141,0,0.5748548975211327,0.0740810166119359,0.2644249897423856,0.08783060407920369,0.9692592705505121,0.1945494553910073,0.08693769732358753,0.9446704633632358,-0.03187030553817749,0.05651875585317612,-0.109975166618824,-0.0014607430202886462,-0.00260846852324903,-0.0012408321490511298,0.3501233160495758,0.9057390000180021
60,142,0,0.57484460835762,0.07406268802884716,0.26449684260352,0.0878544641482016,0.9693079201200265,0.1946775221581895,0.08703122378417852,0.9446124443012933,-0.031991902738809586,0.05653593689203262,-0.11077304929494858,-0.0013984283432364464,-0.0025837549474090338,-0.0011270246468484402,0.3654206395149231,0.8238500000175009
60,143,0,0.5748229686827666,0.07404529221488573,0.2645700076158381,0.08788380535796667,0.9693504727984203,0.19480888695149362,0.08707268252616053,0.9445425421593221,-0.03209397941827774,0.05665479972958565,-0.11129117757081985,-0.0013263040455058217,-0.0025267249438911676,-0.0010386646026745439,0.3797258734703064,1.387115999989419
60,144,0,0.5747966282496522,0.07402815588182993,0.2646437402200356,0.08791294913436588,0.9693909663691659,0.1949402556673967,0.08711988915470162,0.9444718339534257,-0.03219486027956009,0.05688764899969101,-0.11134107410907745,-0.0012992185074836016,-0.0024526126217097044,-0.0009455901454202831,0.38442519307136536,1.0590100000058555
60,145,0,0.5747713493058704,0.07401119391683207,0.2647174808764732,0.08794216761862754,0.9694319591206383,0.19507134183900182,0.08716842714792171,0.9444025071120121,-0.032310642302036285,0.05709604173898697,-0.11132216453552246,-0.0012802418787032366,-0.0023797370959073305,-0.0008653344120830297,0.3879272937774658,1.0431860000039705
60,146,0,0.5747484200679316,0.07399437747883417,0.26479105725757307,0.08797143673210858,0.9694740174879193,0.19520203350373214,0.08721722038215676,0.9443350670491076,-0.03244440257549286,0.05725427344441414,-0.11129415780305862,-0.00126939476467669,-0.00230887858197093,-0.0007956994813866913,0.39090263843536377,0.7332499999961328
60,147,0,0.5747278055641774,0.07397769679881293,0.26486442853171893,0.08800077958871994,0.9695170963882801,0.19533229027976934,0.08726621696640995,0.9442694867683028,-0.0325813852250576,0.05740952491760254,-0.11126494407653809,-0.0012597974855452776,-0.0022389888763427734,-0.0007269306806847453,0.39368608593940735,0.7270739999967191
60,148,0,0.5747090570354518,0.07396115014627587,0.26493760521284226,0.08803025349342676,0.9695609599552519,0.19546211674355313,0.08731541431951528,0.9442055416414264,-0.03272135928273201,0.05756179243326187,-0.11124037206172943,-0.0012507813517004251,-0.0021704959217458963,-0.0006587858079001307,0.39639121294021606,0.9511460000339866
60,149,0,0.5746916213735511,0.07394474348605952,0.2650106026532021,0.08805992389902136,0.9696053192168526,0.19559151381714807,0.0873648944549564,0.9441429523107092,-0.032881688326597214,0.05769215151667595,-0.11125318706035614,-0.0012395078083500266,-0.0021060078870505095,-0.0005748047842644155,0.39912623167037964,1.357456999983242
60,150,0,0.5746749921758434,0.07392848454804217,0.2650834334967182,0.08808985274396608,0.969649905449654,0.19572048323400532,0.08741472745965945,0.9440814451074078,-0.03306135535240173,0.05780189856886864,-0.11130216717720032,-0.0012260054936632514,-0.0020454665645956993,-0.0004760510928463191,0.4019090235233307,1.0915739999859397
60,151,0,0.5746588200457421,0.07391237697772432,0.2651561101650062,0.08812007484606559,0.9696945372042088,0.19584903609765558,0.08746489894889492,0.9440208210870633,-0.033245012164115906,0.05790990591049194,-0.11136136204004288,-0.0012124361237511039,-0.0019868325907737017,-0.00037821006844751537,0.4046975374221802,1.0877569999934167
60,152,0,0.5746428576475553,0.07389642314004673,0.2652286427792855,0.08815059541750958,0.9697390941513732,0.195977183726951,0.08751535084353378,0.9439609399050563,-0.03343243896961212,0.058016128838062286,-0.11143084615468979,-0.0011988043552264571,-0.0019300983985885978,-0.0002815723419189453,0.40749770402908325,1.3846479999983785
60,153,0,0.574626914708045,0.07388062366515523,0.2653010406954404,0.0881813956626419,0.969783492396965,0.19610494258608033,0.08756594620668479,0.9439016883338927,-0.03361992537975311,0.05812208727002144,-0.11150546371936798,-0.001185362576507032,-0.0018747184658423066,-0.0001863967627286911,0.41031160950660706,0.8906799999977011
60,154,0,0.5746108875674778,0.07386497735722666,0.26537331125383884,0.08821250992424208,0.9698276754175913,0.19623231423735799,0.08761689938131709,0.9438430134103273,-0.03379587456583977,0.05823294073343277,-0.11157077550888062,-0.0011727394303306937,-0.0018190796254202724,-9.454041719436646e-05,0.4131777286529541,0.8642909999707626
60,155,0,0.5745946758659382,0.07384948303888701,0.26544546236622146,0.08824395918626651,0.9698715937547422,0.19635930881120445,0.08766821838941176,0.9437848527812456,-0.03397322818636894,0.05834106355905533,-0.11164308339357376,-0.001160008367151022,-0.001765858381986618,-4.870817065238953e-06,0.41604289412498474,1.050089000045773
60,156,0,0.5745781921139882,0.07383413964264691,0.26551750022994997,0.08827574770467864,0.9699152071761694,0.19648593718594684,0.08771987180107765,0.9437271472546803,-0.034151121973991394,0.058446530252695084,-0.11172208189964294,-0.0011470611207187176,-0.0017152021173387766,8.249469101428986e-05,0.4189075231552124,1.0651759999973365
60,157,0,0.574561384498726,0.07381894725292601,0.2655894238109507,0.08830787377849013,0.9699584901142877,0.19661220279535196,0.08777184811952449,0.9436698493927052,-0.03433316573500633,0.058550093322992325,-0.11180993169546127,-0.0011340263299643993,-0.001666302210651338,0.00016879290342330933,0.4217737913131714,0.9992359999841938
60,158,0,0.5745442264623601,0.07380390629392684,0.2656612292074514,0.08834033539937666,0.9700014269305214,0.19673810417363527,0.08782414230945979,0.9436129263192777,-0.03451913222670555,0.05865219235420227,-0.1119057685136795,-0.0011209542863070965,-0.001619091723114252,0.00025441311299800873,0.42463478446006775,0.9478489999992235
60,159,0,0.5745270249149287,0.0737890325086384,0.2657328657737947,0.08837301259031397,0.9700441539184466,0.19686361769288976,0.08787716641702652,0.9435563808164263,-0.034709274768829346,0.05875271558761597,-0.11200914531946182,-0.0011078049428761005,-0.0015735687920823693,0.00033890828490257263,0.4274887442588806,0.9352589999593874
60,160,0,0.5745097624472386,0.07377432001795253,0.2658043223705479,0.08840606156021538,0.9700866333452511,0.19698876039636629,0.08793055651218885,0.9435001213657127,-0.03490288183093071,0.05885141342878342,-0.11211609840393066,-0.0010947245173156261,-0.001529243541881442,0.000422386423451826,0.43031343817710876,0.8944189999624541
60,161,0,0.5744921438241835,0.07375975473639514,0.26587563929893515,0.0884394615469507,0.9701287446956964,0.1971135536932567,0.08798377301356539,0.9434441171005612,-0.03510023653507233,0.058949343860149384,-0.11222736537456512,-0.0010815761052072048,-0.0014861066592857242,0.0005049015744589269,0.4331243336200714,1.0917480000216528
60,162,0,0.5744741711568353,0.0737453407487986,0.2659468099536543,0.08847317214930296,0.9701704966025059,0.19723796932251086,0.0880372206710579,0.9433884046829196,-0.03529992699623108,0.05904652550816536,-0.11234724521636963,-0.0010681968415156007,-0.0014443927211686969,0.0005868207081221044,0.4359561800956726,0.8365840000124081
60,163,0,0.5744558287070609,0.07373107973305834,0.26601783178590444,0.08850720462469022,0.9702118768179132,0.19736200324873113,0.08809095696015884,0.943332961952193,-0.03550294041633606,0.05914255976676941,-0.11247533559799194,-0.001054618158377707,-0.0014042938128113747,0.0006679369835183024,0.43880695104599,0.8851150000168673
60,164,0,0.5744370108063799,0.07371697605617981,0.2660887024994275,0.08854160133206208,0.9702528225717204,0.1974856416973013,0.08814520165222167,0.9432777326786175,-0.03570690378546715,0.05925383418798447,-0.11261563003063202,-0.0010357951978221536,-0.0013604044215753675,0.0007973758620209992,0.4416588544845581,1.0350230000426563
60,165,0,0.5744174528081657,0.07370303640803241,0.2661594313363785,0.08857649064002236,0.9702931778251196,0.19760886472443245,0.08820045342813643,0.9432226035984768,-0.035910122096538544,0.059396713972091675,-0.11277294903993607,-0.0010064566740766168,-0.0013075519818812609,0.0010234933579340577,0.44451820850372314,1.0513369999785027
60,166,0,0.5743970319176859,0.07368925675674755,0.26623004256937194,0.0886119630453616,0.970332872625227,0.19773169633267607,0.08825670382982984,0.9431675102111274,-0.036118026822805405,0.05953720957040787,-0.11293662339448929,-0.0009771693730726838,-0.001256509916856885,0.0012477051932364702,0.4473642408847809,0.9474830000044676
60,167,0,0.5743757529705694,0.07367563159531984,0.2663005512184368,0.08864800038900092,0.9703719293610688,0.197854160620795,0.08831370176550048,0.943112462206433,-0.03633055090904236,0.05967540293931961,-0.11310767382383347,-0.0009479650179855525,-0.001207170425914228,0.0014699854655191302,0.4502025246620178,0.8893589999843243
60,168,0,0.574353618421071,0.07366215605357679,0.26637096765581036,0.08868455246180773,0.970410374594422,0.19797627430630818,0.08837124191904483,0.9430574772599009,-0.03654755279421806,0.05981197580695152,-0.11328727006912231,-0.0009187634568661451,-0.0011595147661864758,0.0016913118306547403,0.45303428173065186,1.103102999991279
60,169,0,0.5743305848372467,0.07364882511363888,0.26644130695287693,0.08872153212364313,0.9704482241395394,0.19809806190156562,0.08842900159786915,0.9430025555856989,-0.03676857054233551,0.059947140514850616,-0.11347569525241852,-0.0008895972277969122,-0.0011130417697131634,0.001912690233439207,0.4558599591255188,0.8284410000101161
60,170,0,0.5743066011780095,0.07363563573651857,0.2665115796322819,0.08875886890269172,0.9704854816500789,0.1982195362281513,0.08848686721733018,0.9429476953720798,-0.03699248656630516,0.06008113920688629,-0.11367522180080414,-0.0008604906033724546,-0.0010671984637156129,0.0021353554911911488,0.45868340134620667,0.7880219999947258
60,171,0,0.5742816953010883,0.07362259254718913,0.2665817703401848,0.08879652172305288,0.9705221579631834,0.19834066509323925,0.08854480157632441,0.9428929284224876,-0.037223849445581436,0.06018630415201187,-0.11387766152620316,-0.000821947876829654,-0.0010095626348629594,0.002370258094742894,0.46147620677948,0.8580699999924946
60,172,0,0.574246052784385,0.07361084216609583,0.26665308319905956,0.08883127449429175,0.9705554134981208,0.1984587978299344,0.08863600458235767,0.942841565027407,-0.03745770826935768,0.060290269553661346,-0.11409112066030502,-0.0007836872828193009,-0.0009522360633127391,0.002606775378808379,0.464253693819046,0.8553659999961383
60,173,0,0.5742125505969713,0.07359971941500879,0.26672446530566457,0.08887061193620359,0.9705881430515896,0.19857547616992333,0.08872793017725172,0.9427922149386392,-0.03778957203030586,0.06028110906481743,-0.11418385058641434,-0.0007792923715896904,-0.0009153166320174932,0.002802087226882577,0.46332284808158875,0.8302360000129738
60,174,0,0.5741855101984785,0.07358811068335354,0.26679493429721524,0.08891178044197356,0.9706230914340238,0.19869319877514535,0.08879002881679268,0.9427421153146462,-0.03813710808753967,0.0602547861635685,-0.11432739347219467,-0.0007827838999219239,-0.00089800707064569,0.002980461809784174,0.46146759390830994,0.9734199999797966
60,175,0,0.574160824429646,0.0735764044616764,0.2668648589960023,0.08895213696775021,0.9706590978706525,0.19881063421731393,0.08884854315031358,0.9426930639795027,-0.03840888664126396,0.06029225140810013,-0.11458966881036758,-0.0007681528222747147,-0.0008725204970687628,0.003180576954036951,0.46187469363212585,1.061082000035185
60,176,0,0.5741359706988645,0.07356472451568521,0.26693448998270614,0.08899258976859199,0.9706948347829588,0.1989277262034698,0.08890790634561346,0.9426441377851714,-0.03866919130086899,0.06033250689506531,-0.11492487043142319,-0.0007447859970852733,-0.0008443182450719178,0.0033926796168088913,0.46347448229789734,0.7715369999914401
60,177,0,0.5741095090206768,0.07355311031635879,0.2670040095978842,0.08903342561712782,0.9707296325620953,0.19904461994210873,0.08896763186296754,0.9425946531591023,-0.038927946239709854,0.060372721403837204,-0.11529646813869476,-0.000716790440492332,-0.000814560626167804,0.0036126216873526573,0.4656614661216736,0.7754390000513922
60,178,0,0.5740809769535481,0.07354157671927403,0.2670735011124442,0.08907467548671107,0.9707633071745272,0.19916136846892968,0.08902762574357283,0.9425444565160006,-0.039190780371427536,0.0604180283844471,-0.11568041145801544,-0.0006858556298539042,-0.0007837990415282547,0.0038353612180799246,0.4681433141231537,0.7927199999926415
60,179,0,0.5740502854910154,0.0735301263475487,0.26714300320079915,0.08911629421329853,0.9707958569514481,0.19927799672026436,0.08908780012322808,0.9424935679244051,-0.039455290883779526,0.060467347502708435,-0.11607742309570312,-0.0006538796005770564,-0.0007516703335568309,0.004062645137310028,0.4707023501396179,0.8981120000157716
60,180,0,0.5740174292718867,0.07351875653447223,0.2672125414383943,0.0891582440526706,0.970827310960886,0.19939452538922708,0.08914811693956344,0.9424420302863624,-0.039721500128507614,0.060521092265844345,-0.11648555099964142,-0.0006213392480276525,-0.0007179992971941829,0.004294003825634718,0.4732731878757477,1.2260309999874153
60,181,0,0.5739824045737696,0.07350745889822806,0.2672821431362123,0.0892004942024151,0.9708577002849765,0.1995109923712789,0.08920851977394323,0.9423898662742627,-0.03998776152729988,0.06053532660007477,-0.11691620200872421,-0.0005926768644712865,-0.0006915162084624171,0.004548876080662012,0.4758976995944977,1.1987030000000232
60,182,0,0.5739452014213071,0.07349623568362929,0.2673518136892061,0.08924313308971074,0.9708870047822,0.1996273872296955,0.08926968714579486,0.9423370833238837,-0.040258437395095825,0.0605500154197216,-0.11736038327217102,-0.0005644382326863706,-0.0006629599956795573,0.004806794226169586,0.4785485863685608,0.8484060000455429
60,183,0,0.5739060595106794,0.07348508872972181,0.2674215307005922,0.08928641655397943,0.9709152587266361,0.19974369043494852,0.08933214062967601,0.9422837007546708,-0.0405406579375267,0.060563139617443085,-0.11781037598848343,-0.0005391723825596273,-0.0006340629770420492,0.005068832542747259,0.48117655515670776,0.9194069999693966
60,184,0,0.5738653215371536,0.07347401427670239,0.2674912689475011,0.08933033029621129,0.9709426240747929,0.19985989685312755,0.08939552360124303,0.9422298389016608,-0.04082716628909111,0.06057792901992798,-0.11826659739017487,-0.0005135852261446416,-0.0006037353887222707,0.005336062517017126,0.48381248116493225,0.8725260000232993
60,185,0,0.5738231733853807,0.07346301097093937,0.26756101699257934,0.08937487473296081,0.9709691905455958,0.1999759967315654,0.08945988179665514,0.9421755837719765,-0.04111602157354355,0.060594674199819565,-0.11872924864292145,-0.000487478420836851,-0.0005719102337025106,0.005608291365206242,0.4864669740200043,0.8408279999798651
60,186,0,0.5737690411934226,0.0734532305515581,0.2676323109383561,0.08942402591251392,0.9709903058816686,0.20009303490074754,0.08947750300615562,0.9421143572223342,-0.04140720143914223,0.060613103210926056,-0.11919978260993958,-0.00046080906759016216,-0.0005386154516600072,0.005885991267859936,0.4891541302204132,0.8356250000360887
60,187,0,0.5737158360995581,0.07344400256531612,0.267703310555838,0.08946648957120396,0.9710126919846399,0.20020638016997697,0.08954361327442516,0.9420613543085533,-0.041646622121334076,0.060939300805330276,-0.11894869804382324,-0.0004794094420503825,-0.00045060922275297344,0.006124971434473991,0.4818404018878937,0.9048869999901399
60,188,0,0.5736702278883146,0.07343474289345625,0.2677734422310882,0.0895100398970543,0.9710381339760931,0.20031873823119922,0.08961135605639302,0.9420120404195835,-0.04189083352684975,0.061034396290779114,-0.1190696731209755,-0.0004549696750473231,-0.0003660749353002757,0.006417626049369574,0.4822804927825928,1.0023050000427247
60,189,0,0.5736267914034142,0.07342552874459854,0.26784324904239515,0.08955441295158699,0.9710643303279842,0.20043058036940198,0.08967829263414198,0.941964072122371,-0.04213205352425575,0.0611138753592968,-0.11929162591695786,-0.000421894685132429,-0.00028624944388866425,0.006722710561007261,0.4841764569282532,0.8161419999623831
60,190,0,0.573583326905995,0.07341639688566987,0.2679129769127499,0.08959952575310294,0.9710903636067064,0.20054203077922672,0.08974557508879301,0.9419167176511585,-0.042373236268758774,0.06119007244706154,-0.11956256628036499,-0.00038533189217559993,-0.00020868517458438873,0.007034440990537405,0.4865853488445282,0.8646599999906357
60,191,0,0.5735387587612333,0.07340735320183774,0.2679827556817971,0.08964528642360237,0.9711158089337306,0.20065319186531028,0.08981304801881096,0.941869592145432,-0.04261840879917145,0.06126321479678154,-0.11986838281154633,-0.00034708064049482346,-0.00013291649520397186,0.007350398227572441,0.4892311096191406,0.7582209999554834
60,192,0,0.5734920378591635,0.07340133924932521,0.2680526094289452,0.08968281465061533,0.9711420729828998,0.2007601053847645,0.08992981127932465,0.9418263008504135,-0.04286796227097511,0.06133423000574112,-0.12020154297351837,-0.00030815601348876953,-5.843304097652435e-05,0.00766947353258729,0.4919677674770355,0.9448480000173731
60,193,0,0.5734684996760392,0.07339504098696525,0.2681195761634905,0.08972345100592392,0.9711765103737681,0.20086613415617335,0.09004313640583675,0.9417876624737258,-0.04318109154701233,0.0612792931497097,-0.11922939866781235,-0.0004115160263609141,7.994100451469421e-05,0.007807356771081686,0.47558966279029846,1.2432080000053247
60,194,0,0.573456790505218,0.07338705674648882,0.26818488241936855,0.08976624854776317,0.9712153742846725,0.20097355765246233,0.09010596057331556,0.9417504372114405,-0.04346272721886635,0.061376847326755524,-0.1186622753739357,-0.0004480378411244601,0.0002086590975522995,0.008022605441510677,0.46686410903930664,0.9263260000125229
60,195,0,0.5734460365074114,0.07337935624010145,0.2682495897536578,0.08980936224304063,0.9712544622200484,0.20107933485374382,0.09017502975886953,0.9417154529922466,-0.04367649555206299,0.06150965765118599,-0.11887489259243011,-0.0004063900269102305,0.0003088638186454773,0.008351928554475307,0.4698570966720581,1.0998580000318725
60,196,0,0.5734286802465236,0.07337186356896203,0.2683146126431615,0.08985345404321358,0.9712903728188553,0.20118472457809325,0.09024413434426658,0.9416786207454613,-0.04390176385641098,0.061622343957424164,-0.11916009336709976,-0.0003610951534938067,0.00040258278022520244,0.008682971820235252,0.4735717475414276,0.7255060000375124
60,197,0,0.5734038053155269,0.07336457758652082,0.268380126666708,0.08989844029170391,0.9713227599830422,0.20128991548428055,0.09031366184266712,0.9416395593636762,-0.04413759335875511,0.06173136830329895,-0.11947688460350037,-0.0003161672502756119,0.0004932581796310842,0.009014608338475227,0.4772721529006958,0.8852959999785526
60,198,0,0.5733718870482751,0.07335748328412056,0.26844614379271897,0.08994423186399035,0.971351887053645,0.20139495690210163,0.09038346030812287,0.9415984709688758,-0.04438617825508118,0.061838116496801376,-0.11981525272130966,-0.0002725347876548767,0.0005815289332531393,0.009345877915620804,0.4808136522769928,0.7643619999839757
60,199,0,0.5733336425500029,0.07335056724237819,0.2685126353233837,0.08999074604751846,0.971378113625084,0.20149985511892818,0.09045342880074628,0.9415556568396707,-0.04464628919959068,0.0619429349899292,-0.12017244100570679,-0.00023041479289531708,0.0006678866920992732,0.009677000343799591,0.4841650426387787,0.9312009999575821
60,200,0,0.573289812025167,0.07334382440403023,0.26857954676702345,0.0900379147044162,0.9714017852356918,0.20160457773228224,0.09052349270329488,0.941511413625227,-0.0449383482336998,0.062052417546510696,-0.12056087702512741,-0.00019318051636219025,0.0007529685972258449,0.010012120939791203,0.48734816908836365,0.7061609999823304
80,1,0,0.4996851850392331,0.07600149657728736,0.14983185347646977,0.07265632052898721,0.9659906727780057,0.07529838373276543,0.05970566047119291,0.9732892873053789,0.7647189497947693,-0.0025934039149433374,0.07745803147554398,0.012007253244519234,-0.020516160875558853,-0.1244678720831871,0.9999996423721313,1.20036999999229
80,2,0,0.49722816382745333,0.07603248954292878,0.14892527959641505,0.06516925107652004,0.9658739010047994,0.0742606205197914,0.05388586838930635,0.9747515936217479,0.7312617301940918,0.03959280624985695,0.06283584237098694,0.017401335760951042,-0.02545766904950142,-0.10961152613162994,0.9999991655349731,1.0455230000161464
80,3,0,0.5093751525426916,0.07605019626861675,0.1574060502705318,0.06384377757699503,0.9682973181492237,0.0825672875584839,0.053497802927563204,0.9770009241133187,0.714372992515564,0.06490537524223328,0.05240046605467796,0.021400082856416702,-0.029084453359246254,-0.09651612490415573,0.9999994039535522,0.809920999984115
80,4,0,0.5207076381954494,0.07607358999116058,0.1665266187103342,0.06333363640144628,0.9695019904670443,0.09151069363130755,0.05381912385886759,0.9778252187925308,0.6794725656509399,0.07563106715679169,0.024145962670445442,0.021169377490878105,-0.032332293689250946,-0.08382429927587509,0.9999991059303284,0.7961029999705715
80,5,0,0.5311740996816783,0.07609849456911774,0.1752867911848914,0.06324523495264449,0.9700467047739703,0.10011693205950978,0.0544643034334741,0.978007131672822,0.6334648132324219,0.08384781330823898,-0.007379502989351749,0.02025173045694828,-0.036015868186950684,-0.07127847522497177,0.9999982714653015,0.7714569999848209
80,6,0,0.5408942122296444,0.07612634329890601,0.18358681068546587,0.06343146747044916,0.9702002950662635,0.10827759407542163,0.05533066440146144,0.9778238786908988,0.5796276330947876,0.08961642533540726,-0.0400947742164135,0.01925007812678814,-0.040133196860551834,-0.0609406940639019,0.9999963045120239,0.9750560000156838
80,7,0,0.5496196418732124,0.07615308276173062,0.19133808312442713,0.06384299730657955,0.9700167559643827,0.1159080222371909,0.05634747243496916,0.9773253150263251,0.5200632214546204,0.09491683542728424,-0.0743013247847557,0.0184266809374094,-0.04394850879907608,-0.05278433486819267,0.9999909996986389,1.0842439999692033
80,8,0,0.5570251190571358,0.07617792831770841,0.19846395661921892,0.06443582000869748,0.9694972280079934,0.12292958680403711,0.0574789404257759,0.9765141764807984,0.4562106132507324,0.09710173308849335,-0.10776088386774063,0.01834823377430439,-0.04698990285396576,-0.046148840337991714,0.9999774694442749,1.0695729999952164
80,9,0,0.5628240173666025,0.07620045854567993,0.20490138173612213,0.06517518883820668,0.9686260319291629,0.12927724932345205,0.05869994828665777,0.9753767162798347,0.38854601979255676,0.09888885915279388,-0.14380720257759094,0.01871243305504322,-0.04964623227715492,-0.04060981795191765,0.9999438524246216,0.9607610000443856
80,10,0,0.5668550595119305,0.07622046218008471,0.2106129798592611,0.06602754302159683,0.9673900067548381,0.13491182224572326,0.05998318709481328,0.9738984130379754,0.32076501846313477,0.09952784329652786,-0.1789420247077942,0.018963703885674477,-0.05199599638581276,-0.0355973057448864,0.9998618364334106,0.9405480000168609
80,11,0,0.5691098201284588,0.07623790517304803,0.21558359774422906,0.06695643549546004,0.9657918984896815,0.13981643999789722,0.061297057138763954,0.972078982776765,0.2547072470188141,0.09906858205795288,-0.2121010422706604,0.01896245963871479,-0.05382613092660904,-0.03125191479921341,0.9996652007102966,0.9122129999923345
80,12,0,0.5697444283739408,0.07625291312329675,0.21982129706819295,0.06793358973272591,0.9638504125708438,0.14399766969368127,0.06261389542095012,0.9699319538219994,0.19337402284145355,0.09790444374084473,-0.24133916199207306,0.0182525422424078,-0.05518121272325516,-0.02642606757581234,0.9992141127586365,0.9534989999906429
80,13,0,0.5690103995042997,0.07626575765227864,0.22335162724862306,0.06893652682799602,0.9615866923390488,0.14747930392340305,0.06391485576228262,0.9674721968388474,0.1367875635623932,0.09610903263092041,-0.2682884931564331,0.017596794292330742,-0.05620645731687546,-0.022914618253707886,0.9982025027275085,0.7518529999970269
80,14,0,0.5674135389000683,0.07626422517153025,0.2262298292437419,0.06991201460180119,0.9591565162134283,0.15032554870396503,0.0651541798487015,0.9648253119598734,0.08569325506687164,0.0935695692896843,-0.29282277822494507,0.0166317168623209,-0.05660748481750488,-0.019427908584475517,0.9959902763366699,1.0414700000183075
80,15,0,0.5661476245961056,0.0761560918725164,0.22853474286065545,0.07046600417925923,0.9575853336520314,0.15268601570393664,0.06604260156929866,0.9627963246663184,0.04313848912715912,0.08802609890699387,-0.3120676279067993,0.015940861776471138,-0.056921910494565964,-0.015757519751787186,0.9915845394134521,0.9753499999760606
80,16,0,0.564951353312614,0.07600053353403577,0.23025359194250572,0.07079445507036203,0.9564673784478885,0.15449728505859123,0.066670892324869,0.960946138884912,0.012230983935296535,0.08844796568155289,-0.3230109214782715,0.01644882932305336,-0.05689476057887077,-0.013293328694999218,0.9856350421905518,0.8727700000008554
80,17,0,0.5631937649617569,0.07584270238954527,0.2314736087307536,0.0710032128743802,0.9551960656347477,0.1558150434379575,0.06724745212224477,0.9589097248487255,-0.010775014758110046,0.0945068895816803,-0.32669103145599365,0.016997454687952995,-0.05576574057340622,-0.010678739286959171,0.9802817702293396,0.7548809999775585
80,18,0,0.5612922018649833,0.07570252516191166,0.23224805422378383,0.07117016108406779,0.9538658546188845,0.15668740966057468,0.06764367826241426,0.9568700563416088,-0.03332468867301941,0.09595935046672821,-0.3172451853752136,0.017350686714053154,-0.05192010849714279,-0.0067497435957193375,0.9742603302001953,0.8363059999965117
80,19,0,0.5594050424456721,0.07556454656490404,0.23260449544730397,0.07120984141686061,0.9526367079172842,0.15714779725732986,0.06789396164968212,0.9549372159473342,-0.050954535603523254,0.08945122361183167,-0.30253908038139343,0.016682786867022514,-0.047596532851457596,-0.0037297396920621395,0.9574333429336548,1.068433999989793
80,20,0,0.5579848733860264,0.07545310726309702,0.23280133187232716,0.07122940434514757,0.951691757921334,0.15743517911924013,0.06798318336215801,0.9532968947330656,-0.06087351217865944,0.08188602328300476,-0.28255969285964966,0.016025852411985397,-0.04258054867386818,-0.0017451365711167455,0.9312697052955627,0.8341230000041833
80,21,0,0.5569475763387859,0.0753878553913503,0.23297433787950553,0.0712891178987947,0.9509432585909093,0.15766520930465008,0.06800088636181881,0.951968649814917,-0.06600874662399292,0.07632862776517868,-0.2614527940750122,0.015908250585198402,-0.03708571940660477,-0.0005736201419495046,0.9003849029541016,0.8376600000019607
80,22,0,0.556227051420197,0.07534119066172494,0.2331299871391926,0.0713558698950178,0.9503887221371728,0.15786357776337123,0.06803229679478452,0.9508540089788764,-0.06676310300827026,0.0711924135684967,-0.2466994822025299,0.015259486623108387,-0.03289752081036568,-4.27979975938797e-05,0.8669427037239075,0.769660000003114
80,23,0,0.5557969831338367,0.07530000940798208,0.23326992578931402,0.07141869099083313,0.9500324958214259,0.15804478751686835,0.06806302546778277,0.9499350400312963,-0.06655789911746979,0.06525035947561264,-0.23389101028442383,0.014406953938305378,-0.02942841313779354,0.0002361871302127838,0.8265314102172852,0.8520260000182134
80,24,0,0.5555651322862865,0.07526361873621201,0.23339738606394467,0.07147950850708115,0.9498134181170553,0.1582132092725488,0.06808421343497584,0.9491623905881794,-0.06371018290519714,0.06001817435026169,-0.21979007124900818,0.013364297337830067,-0.026242855936288834,0.000572454126086086,0.7828865051269531,0.9109560000410966
80,25,0,0.5554542529711641,0.07523225575503584,0.2335160060402088,0.07153904586747292,0.9496787458724278,0.1583712574827443,0.06810842583133135,0.9484997987174701,-0.060311365872621536,0.054943881928920746,-0.20623594522476196,0.012341117486357689,-0.023199034854769707,0.0009151042904704809,0.7358241081237793,1.138093999998091
80,26,0,0.5554172604241793,0.07520552786899319,0.2336296769253597,0.07159903821491032,0.9495946224043732,0.1585227101373731,0.06813309469006859,0.9479206458678606,-0.05572165548801422,0.05053490400314331,-0.19254711270332336,0.011095349676907063,-0.02017042599618435,0.0012090628733858466,0.6866899728775024,0.9048009999901296
80,27,0,0.5554338221756749,0.07518172302762269,0.23374140527812137,0.07165912956389694,0.9495474743208429,0.15867158068299433,0.06815883230474838,0.9474118639264525,-0.051077015697956085,0.046697307378053665,-0.17970137298107147,0.00989057868719101,-0.017409056425094604,0.0014079129323363304,0.6369944214820862,1.1149789999649329
80,28,0,0.5555053398499201,0.07515855279343533,0.23385182767164528,0.07171739763573201,0.9495396652511271,0.1588203033334786,0.06818343586076432,0.9469726577194327,-0.047055263072252274,0.04330383613705635,-0.1681731939315796,0.008730669505894184,-0.015042757615447044,0.0015845937887206674,0.5877240896224976,0.9723520000193275
80,29,0,0.5556715026479627,0.07513311863312971,0.23395584368172734,0.07176871559667283,0.9496057335275434,0.15896653342896358,0.06819904733704249,0.9466314551493699,-0.04365930333733559,0.040141452103853226,-0.1568610519170761,0.007773140445351601,-0.012925858609378338,0.0014039678499102592,0.5394115447998047,2.6153299999691626
80,30,0,0.555868115131293,0.075110664317206,0.2340554983393656,0.07181946256902431,0.9496938421304141,0.159105822209461,0.06821732511758294,0.9463498104356872,-0.04060232266783714,0.03738582134246826,-0.1446964144706726,0.007032262627035379,-0.010795623064041138,0.0009128095116466284,0.49462178349494934,1.0977010000488008
80,31,0,0.5560981462543926,0.07508807381714622,0.2341495635793997,0.07186754209350125,0.9498070036259086,0.15924000316925296,0.06823325654136464,0.9461234513657517,-0.0378975048661232,0.03517090901732445,-0.13369527459144592,0.006393215619027615,-0.008864709176123142,0.0005252379341982305,0.4531554877758026,0.9018220000029942
80,32,0,0.556338403692142,0.07506697314378613,0.23424008139300276,0.07191438005982938,0.9499291538441079,0.15936865716468068,0.06825152790859239,0.945941196332961,-0.03531120344996452,0.03334752842783928,-0.12352129817008972,0.0059377108700573444,-0.007122593466192484,0.00016853585839271545,0.41652706265449524,0.8172090000471144
80,33,0,0.5565839636029987,0.07504802922593092,0.23432823258259117,0.07196191998751017,0.9500535234177921,0.15949196082528383,0.06827279810070849,0.9457956483765367,-0.033012062311172485,0.031625524163246155,-0.11445190012454987,0.005555378273129463,-0.005577191710472107,-0.00014454126358032227,0.3825015127658844,0.7487459999993007
80,34,0,0.5568362224560773,0.07503033802264687,0.2344136956170152,0.07200937689462313,0.9501822293796046,0.15961038304912675,0.06829637758799977,0.9456844867444101,-0.030974669381976128,0.03008962795138359,-0.10659011453390121,0.005233583971858025,-0.0042502847500145435,-0.0004191379703115672,0.35130995512008667,0.807375000022148
80,35,0,0.5570915578705793,0.07501319774983496,0.23449631109643157,0.07205603991218161,0.9503136374314312,0.15972437351537502,0.06832238972142336,0.9456022636101897,-0.029184715822339058,0.0289946086704731,-0.09985162317752838,0.004989148583263159,-0.003100483911111951,-0.0007148253498598933,0.3253771960735321,1.0165610000285596
80,36,0,0.5573410184373213,0.0749969440918765,0.2345763352778305,0.07210168902042417,0.9504420173453252,0.15983352615255703,0.06835438470870592,0.9455418318816551,-0.027750544250011444,0.02807297743856907,-0.09399872273206711,0.0048522911965847015,-0.0020777962636202574,-0.000998833798803389,0.3037422001361847,1.0362990000203354
80,37,0,0.5575840234237421,0.07498120243642761,0.2346537525605838,0.0721471233893326,0.9505658548533498,0.15993860973687385,0.06838649244192654,0.9454977381890874,-0.026581060141324997,0.027236919850111008,-0.08892971277236938,0.004757103975862265,-0.0011593564413487911,-0.0011886091670021415,0.2840004861354828,1.120762000027753
80,38,0,0.5578168873906928,0.0749660919509503,0.23472881777713434,0.07219234634677713,0.9506827560765418,0.1600397806153771,0.06841762976068895,0.9454660344103328,-0.025792483240365982,0.02658672071993351,-0.0846007913351059,0.004734851885586977,-0.0003964490897487849,-0.0012270839652046561,0.2692325711250305,0.9323099999960505
80,39,0,0.5580388405223892,0.07495154349483042,0.23480160562852426,0.07223735838725116,0.9507921778290908,0.1601372554243091,0.06844734503513145,0.9454438622409336,-0.025185633450746536,0.026002798229455948,-0.08086603134870529,0.004717835690826178,0.0002582874149084091,-0.001247252570465207,0.2566760778427124,0.8089069999641652
80,40,0,0.5582469983897025,0.07493762269624608,0.23487241640002873,0.07228170123380419,0.9508929055478906,0.16023114348435996,0.06847721071602725,0.9454290676299311,-0.024689652025699615,0.025498583912849426,-0.07756819576025009,0.004704900551587343,0.000831795681733638,-0.0012805138248950243,0.24582239985466003,0.9620110000128079
80,41,0,0.5584412307244718,0.0749243972401146,0.23494150284448237,0.07232545947065219,0.9509847228656925,0.16032160780076016,0.0685079846073261,0.9454202416566088,-0.02432447113096714,0.025046350434422493,-0.07473130524158478,0.004691538400948048,0.0013243920402601361,-0.0013026103843003511,0.23632442951202393,0.9980259999906593
80,42,0,0.5586241203716056,0.07491194305393462,0.23500949272004157,0.07236920841391037,0.9510687942517831,0.16040936183913646,0.06853897711933718,0.9454164484646039,-0.024085378274321556,0.024630846455693245,-0.07235150039196014,0.004672337789088488,0.0017358196200802922,-0.001317511429078877,0.22790956497192383,0.9524750000196036
80,43,0,0.5587999156936068,0.07490109079639834,0.235071914570949,0.07241236960503393,0.9511475175557693,0.16048935185912067,0.068569149081879,0.9454165143419418,-0.023967331275343895,0.02424599602818489,-0.07039978355169296,0.0046473476104438305,0.002069341717287898,-0.0013322505401447415,0.22046563029289246,1.173083999958635
80,44,0,0.5589722416472206,0.07489169137906163,0.23512932232473427,0.07245527347222593,0.9512232360785935,0.16056251687921344,0.06859909029338845,0.945419201743951,-0.023899175226688385,0.023906856775283813,-0.06875784695148468,0.004619025159627199,0.0023499198723584414,-0.0013411632971838117,0.21400482952594757,1.1844079999718815
80,45,0,0.5591388829996355,0.0748834763329202,0.2351834533410949,0.07249837342383582,0.9512943305923763,0.16063091731559134,0.06862934812590597,0.9454219338829404,-0.02385125122964382,0.023614153265953064,-0.06735905259847641,0.004587984643876553,0.002589039271697402,-0.0013501002686098218,0.20834991335868835,1.0423279999827173
80,46,0,0.55929803354565,0.07487622742290193,0.23523551359168687,0.07254191738332802,0.9513595435543525,0.16069597695288113,0.06866016122103426,0.9454233090698698,-0.023822728544473648,0.023358363658189774,-0.06616733968257904,0.004554098471999168,0.0027923418674618006,-0.0013589441077783704,0.20324541628360748,0.7850639999560372
80,47,0,0.559448953479132,0.07486978413870987,0.23528621432627952,0.07258601329129671,0.9514183991322245,0.16075855957590104,0.06869165571931438,0.9454227979541153,-0.023819321766495705,0.02313368208706379,-0.06516347825527191,0.004517623223364353,0.002963044447824359,-0.0013666871236637235,0.19857658445835114,0.7285519999982171
80,48,0,0.5595913600183974,0.07486405426841589,0.23533602343101492,0.07263077358965336,0.9514707008617556,0.16081922463791243,0.06872394265836718,0.9454200817854178,-0.023829791694879532,0.022932779043912888,-0.0643145963549614,0.004474871791899204,0.0031089105177670717,-0.001378626562654972,0.1942862570285797,0.6914709999819024
80,49,0,0.5597246915010661,0.07485899788911698,0.23538533931387073,0.07267641436666021,0.9515159187811767,0.16087840799829714,0.06875730360585154,0.9454144991313137,-0.023866530507802963,0.02275264263153076,-0.06362033635377884,0.0044287750497460365,0.003228388726711273,-0.0013898098841309547,0.1903046816587448,1.0818139999742016
80,50,0,0.5598490591312082,0.07485453433948928,0.23543445824322393,0.07272304202584953,0.9515540619746674,0.1609365007518949,0.06879189016613624,0.9454057544142258,-0.02393735758960247,0.022590741515159607,-0.06307880580425262,0.004381224513053894,0.0033205440267920494,-0.0013973908498883247,0.18655522167682648,0.9796429999937573
80,51,0,0.559965286204877,0.07485056319338487,0.2354835550789909,0.07277062419156229,0.9515857560452797,0.16099380475951364,0.06882769795806909,0.9453940486534476,-0.02404106967151165,0.02244275063276291,-0.06267394125461578,0.004332277923822403,0.003388097509741783,-0.0014014067128300667,0.18297673761844635,0.9759409999787749
80,52,0,0.560074515012624,0.07484698856134746,0.23553270575828977,0.07281905497318816,0.9516119099609277,0.16105052368013548,0.06886464517870264,0.945379824214051,-0.0241756159812212,0.02230752445757389,-0.062389448285102844,0.004282352048903704,0.0034339684061706066,-0.0014020809903740883,0.17956668138504028,0.885302000028787
80,53,0,0.560177890536019,0.07484373124076528,0.23558191807078724,0.07286819130816441,0.9516334656145039,0.16110677705636642,0.06890262192763567,0.9453635584054416,-0.024337729439139366,0.02218276634812355,-0.06220736354589462,0.00423189764842391,0.0034614719916135073,-0.0013995571061968803,0.17631687223911285,1.0075750000169137
80,54,0,0.5602764241880767,0.07484073025099527,0.23563115754543545,0.07291788423433354,0.9516512712739084,0.16116262176143412,0.06894152809508178,0.9453456646779507,-0.024524172767996788,0.022067958489060402,-0.06211262568831444,0.004181124735623598,0.003473370335996151,-0.0013945018872618675,0.1732272207736969,0.9607750000100168
80,55,0,0.5603709765462329,0.07483793964888263,0.23568036714689017,0.07296800281371664,0.9516660466310707,0.16121807557821188,0.06898126598447336,0.9453264666224819,-0.02472977712750435,0.02196209877729416,-0.06208919361233711,0.004130826331675053,0.0034727463498711586,-0.0013879509642720222,0.17030318081378937,0.7967810000195641
80,56,0,0.5604622741165428,0.07483531938463596,0.23572952008597214,0.07301843962252719,0.9516783977424152,0.1612731836934328,0.06902174738499604,0.9453061571976814,-0.024952126666903496,0.021864045411348343,-0.0621260367333889,0.004080759361386299,0.003461397485807538,-0.0013798801228404045,0.1675264686346054,0.9451739999803976
80,57,0,0.5605507676300208,0.07483285102250056,0.23577851084053927,0.07306909874089201,0.9516887217931461,0.16132791644988878,0.06906291139294542,0.9452844224584993,-0.025187326595187187,0.021773723885416985,-0.062212783843278885,0.004030945245176554,0.0034411768428981304,-0.0013705446617677808,0.16488884389400482,1.1896049999791103
80,58,0,0.5606370912521901,0.07483055024244609,0.23582705148412011,0.07311986603362435,0.9516974905316595,0.1613819902455654,0.06910465448770896,0.9452614837715143,-0.0254280436784029,0.021690336987376213,-0.06233193725347519,0.0039815460331737995,0.003415021812543273,-0.0013611085014417768,0.1623421609401703,0.8679860000029294
80,59,0,0.5607218076968342,0.07482840425611655,0.23587508911402294,0.07317067754439814,0.9517051432729873,0.16143537130972477,0.0691469021559503,0.9452377072774342,-0.025670858100056648,0.021613892167806625,-0.06247681379318237,0.00393257848918438,0.0033842308912426233,-0.0013520411448553205,0.1598871499300003,1.19888000000401
80,60,0,0.5608050197953602,0.07482638107446359,0.23592262875961253,0.07322138051170261,0.9517119445139204,0.1614880763787177,0.06918995794234407,0.9452133024539258,-0.02591504529118538,0.021544355899095535,-0.06264444440603256,0.003884180448949337,0.0033493326045572758,-0.0013435269938781857,0.15753480792045593,0.9737750000340384
80,61,0,0.5608873085977847,0.07482445847690082,0.23596970062679384,0.07327203019528639,0.9517181781113464,0.16154015965222246,0.06923407269763604,0.9451884066051431,-0.02616138383746147,0.021483039483428,-0.06284060329198837,0.0038363237399607897,0.0033092712983489037,-0.0013354840921238065,0.15532518923282623,0.9352380000109406
80,62,0,0.5609688073945961,0.07482267167249039,0.23601640012437708,0.073322796949376,0.9517238047510208,0.1615917695848442,0.06927792225155671,0.945162893690637,-0.026411529630422592,0.021433891728520393,-0.06307581067085266,0.00378894479945302,0.0032623927108943462,-0.001328543876297772,0.15332043170928955,0.7982070000025487
80,63,0,0.5610491322607762,0.07482098696531589,0.23606276022318684,0.07337353075084614,0.9517287405237473,0.16164293599793558,0.06932191705976029,0.9451367545373482,-0.026660388335585594,0.02138972468674183,-0.06332027167081833,0.0037423025351017714,0.0032139308750629425,-0.0013215831713750958,0.15137270092964172,1.02185800000143
80,64,0,0.561128335186538,0.07481938328990072,0.23610880646364768,0.07342418350878165,0.9517330773968805,0.16169369578574277,0.06936620778486736,0.945110068133686,-0.026907648891210556,0.02134883776307106,-0.06357184797525406,0.0036953752860426903,0.0031641654204577208,-0.001315011759288609,0.14947234094142914,0.7663780000370934
80,65,0,0.5612065783306304,0.07481784894556415,0.23615455448103834,0.07347472692566673,0.9517369573294179,0.16174407918899464,0.06941079376577895,0.9450829258502789,-0.02715153992176056,0.02130967751145363,-0.0638236328959465,0.0036462212447077036,0.0031141669023782015,-0.0013093941379338503,0.1476219743490219,1.0090760000025512
80,66,0,0.5612840063033859,0.07481637597088633,0.23620000464455684,0.07352514625782718,0.9517404906096563,0.1617940983510045,0.06945569464612655,0.9450553738842615,-0.027394546195864677,0.021274473518133163,-0.0640823096036911,0.003597839968279004,0.0030628570821136236,-0.0013042774517089128,0.14583364129066467,1.1226469999883193
80,67,0,0.5613607514416258,0.07481495973534197,0.2362451483356926,0.07357544454813975,0.9517437586686365,0.16184376089333927,0.06950090536825403,0.9450273699570412,-0.027636060491204262,0.021241117268800735,-0.06434451043605804,0.003550165332853794,0.003010759362950921,-0.00129968230612576,0.14407536387443542,0.812580000001617
80,68,0,0.5614369507661758,0.07481360065440353,0.23628995480930967,0.07362561586308411,0.9517468477824549,0.16189304473239205,0.0695464162280735,0.9449989040792717,-0.02787497267127037,0.021210789680480957,-0.06460856646299362,0.0035032997839152813,0.002958181081339717,-0.0012957763392478228,0.14235973358154297,0.7949210000219864
80,69,0,0.5615127351798477,0.07481230004795615,0.23633439934349212,0.07367565762668131,0.9517498394627665,0.16194193166591384,0.06959220775413615,0.9449699848592886,-0.028109973296523094,0.02118266001343727,-0.06487183272838593,0.00345723913051188,0.002905589761212468,-0.001292818458750844,0.14067062735557556,1.0476410000137548
80,70,0,0.5615882078178267,0.07481105811526445,0.23637846582662062,0.07372556746644997,0.9517527980182772,0.16199041070485382,0.06963827422510262,0.9449406246877096,-0.028340816497802734,0.02115808241069317,-0.06513331830501556,0.003412033664062619,0.0028531101997941732,-0.0012910303194075823,0.1390216201543808,0.7229029999962222
80,71,0,0.5616634579989023,0.07480987536170453,0.23642214598229797,0.07377534958266213,0.9517557729667032,0.1620384776335256,0.06968460896608368,0.9449108349960943,-0.028566520661115646,0.02113564871251583,-0.06539150327444077,0.003367632394656539,0.002801168942824006,-0.0012901511508971453,0.1373969465494156,0.6846990000326514
80,72,0,0.5617385545947066,0.07480875191500848,0.23646543859875502,0.0738250095703629,0.951758801109214,0.1620861349550653,0.06973120441162983,0.9448806246151553,-0.02878686971962452,0.021116171032190323,-0.06564614176750183,0.0033240641932934523,0.002749613020569086,-0.001290488289669156,0.13580287992954254,0.9297790000459827
80,73,0,0.5618135739833611,0.07480768685922796,0.2365083480035683,0.07387455596575378,0.951761920380823,0.16213339024338105,0.06977806563075807,0.94485001483069,-0.02899923548102379,0.021101832389831543,-0.06589169055223465,0.003280766075477004,0.0026990147307515144,-0.0012910135556012392,0.13425007462501526,1.0334550000266063
80,74,0,0.5618886210378665,0.07480667978218267,0.2365508841258988,0.07392400229620336,0.9517651845614312,0.16218025585320497,0.06982519305197647,0.9448190523183588,-0.029200956225395203,0.021094612777233124,-0.06612268835306168,0.003236929653212428,0.002649803878739476,-0.0012906037736684084,0.13274049758911133,1.0977900000170848
80,75,0,0.561963625259583,0.07480574188926088,0.23659305963699595,0.07397332128547816,0.9517685873803086,0.16222673790254788,0.06987247294759998,0.944787738277155,-0.029397090896964073,0.02109058015048504,-0.06634946167469025,0.0031939304899424314,0.002601234009489417,-0.0012912929523736238,0.1312658041715622,0.9167709999928775
80,76,0,0.5620385074343499,0.07480487628589348,0.236634880289168,0.07402247968800522,0.9517721139985427,0.16227284435589495,0.06991980580736275,0.9447560470778574,-0.029586849734187126,0.02108871005475521,-0.06657170504331589,0.0031515497248619795,0.002553509548306465,-0.0012932040262967348,0.12980611622333527,0.8675759999619004
80,77,0,0.5621105883300765,0.07480397828523923,0.23667569186192647,0.07407040658970111,0.9517752066221734,0.16231800112088413,0.06996653326705467,0.9447234537401079,-0.029770124703645706,0.021089693531394005,-0.06678960472345352,0.003109678393229842,0.0025067704264074564,-0.0012963127810508013,0.12836460769176483,0.8240490000162026
80,78,0,0.5621788380810274,0.07480303971575393,0.23671495838612897,0.07411639461962592,0.9517776314394444,0.16236169366389525,0.0700117337465186,0.9446897167264363,-0.029939813539385796,0.02108941413462162,-0.06696557998657227,0.0030691076535731554,0.002466535894200206,-0.0013032846618443727,0.12688076496124268,1.3183649999746194
80,79,0,0.5622452256814238,0.07480211191603695,0.23675312242718446,0.07416111942839607,0.9517800803227437,0.16240431531816432,0.07005598860016048,0.9446555642375558,-0.030093520879745483,0.02108769118785858,-0.06709248572587967,0.003030085936188698,0.0024343233089894056,-0.0013131846208125353,0.12533992528915405,1.1973460000263003
80,80,0,0.5623100037642279,0.07480119659616365,0.23679017365969587,0.0742046002508232,0.9517826950951472,0.16244584769714024,0.07009934937768378,0.9446211921341908,-0.030237242579460144,0.02108786813914776,-0.06720103323459625,0.0029920819215476513,0.0024051042273640633,-0.001324229990132153,0.12379087507724762,0.8615200000008372
80,81,0,0.5623731990533295,0.07480029407679493,0.23682611123530975,0.07424684269055146,0.9517854818811106,0.162486287128937,0.07014181360135162,0.9445866429479639,-0.03037133812904358,0.021090883761644363,-0.06729603558778763,0.0029550667386502028,0.0023783568758517504,-0.0013362421886995435,0.1222616583108902,0.998753000033048
80,82,0,0.5624347725990071,0.0747994029096136,0.23686093535570732,0.07428784051222838,0.9517884153432573,0.1625256332392142,0.07018336485409284,0.9445519234821289,-0.030496209859848022,0.02109711803495884,-0.06737750768661499,0.0029191100038588047,0.0023537699598819017,-0.0013495638268068433,0.12075086683034897,0.9971690000156741
80,83,0,0.5624946587977298,0.07479852018020457,0.23689464269458607,0.07432757571865355,0.9517914655677292,0.16256388366047092,0.07022397618275654,0.9445170340841172,-0.030611854046583176,0.021106095984578133,-0.06744714081287384,0.002884071785956621,0.0023312862031161785,-0.0013639155076816678,0.11925693601369858,1.0170420000008562
80,84,0,0.5625527809732263,0.07479764169294416,0.23692722431377394,0.07436601981539437,0.9517946055857774,0.16260103141941867,0.07026361546621701,0.9444819773843028,-0.030719006434082985,0.02111821062862873,-0.06750483065843582,0.0028500861953943968,0.0023107691667973995,-0.0013792896643280983,0.11778481304645538,1.0111720000054447
80,85,0,0.5626090459294288,0.07479676198690133,0.23695866738885057,0.07440313505771229,0.95179780785894,0.16263706711658893,0.0703022425521374,0.9444467523324835,-0.03081764094531536,0.021134041249752045,-0.06755330413579941,0.002817013766616583,0.002291969722136855,-0.001395667903125286,0.11634475737810135,0.9517120000168688
80,86,0,0.5626633533036497,0.07479587452245783,0.23698895370894105,0.07443887409083348,0.9518010492040377,0.16267197724966542,0.07033980789719937,0.9444113596387763,-0.030907774344086647,0.02115285024046898,-0.06759124249219894,0.0027848861645907164,0.0022748520132154226,-0.0014131544157862663,0.11492451280355453,0.741732999983924
80,87,0,0.562715600150707,0.07479497181844368,0.2370180581383049,0.07447318145087686,0.9518043123232336,0.16270574212274735,0.0703762593554751,0.9443758045949007,-0.030990032479166985,0.02117588371038437,-0.06762000173330307,0.0027538053691387177,0.0022593194153159857,-0.001431410200893879,0.11354085803031921,0.9824709999861625
80,88,0,0.5627654360019501,0.0747940595653187,0.23704598794485351,0.07450595562415485,0.9518074895285084,0.1627383276625936,0.07041180940655543,0.9443401649483383,-0.031064044684171677,0.021202243864536285,-0.06763970851898193,0.0027236684691160917,0.0022452548146247864,-0.0014508356107398868,0.11218543350696564,1.0478359999979148
80,89,0,0.5628137526362553,0.07479317524020236,0.23707272638567622,0.0745376537010919,0.9518105479927168,0.16276966366861034,0.07044689057401388,0.9443045776747945,-0.031132100149989128,0.021231355145573616,-0.06765258312225342,0.00269437488168478,0.002231236547231674,-0.001469765673391521,0.1108260378241539,1.1550780000106897
80,90,0,0.5628615637031584,0.07479230021638922,0.23709815227534314,0.0745687405679471,0.9518136186757746,0.1627997329618049,0.07048105940656349,0.9442688243186693,-0.031192444264888763,0.02125975862145424,-0.06765617430210114,0.002665616339072585,0.002218252047896385,-0.0014893048210069537,0.10943762212991714,1.105551000023297
80,91,0,0.5629087777348543,0.07479141677410435,0.2371222715096617,0.07459919826268394,0.9518166542756304,0.16282853507346262,0.07051462182119685,0.9442329226928269,-0.03124217689037323,0.021290304139256477,-0.06765372306108475,0.002636771183460951,0.0022063443902879953,-0.00150783802382648,0.10812398791313171,0.9156440000310795
80,92,0,0.5629554185587732,0.07479051863716542,0.23714511018653836,0.07462905004673917,0.9518196441173181,0.1628560942996268,0.07054770810439262,0.9441968857897812,-0.0312834158539772,0.021322572603821754,-0.06764499098062515,0.0026081784162670374,0.0021954758558422327,-0.0015264011453837156,0.10685460269451141,0.8796860000188644
80,93,0,0.5630015378975067,0.07478960450189744,0.2371666998055932,0.07465832873649828,0.9518225881704624,0.16288244151896503,0.0705803723558508,0.9441607225939018,-0.031317971646785736,0.02135738916695118,-0.0676308423280716,0.002580241532996297,0.002185566583648324,-0.001545725972391665,0.10562538355588913,0.7746140000222113
80,94,0,0.5630471921576202,0.07478867422606122,0.2371870787595703,0.07468706899185458,0.9518254888668528,0.1629076148106211,0.07061265040804322,0.9441244408113888,-0.031345874071121216,0.02139442041516304,-0.06761181354522705,0.0025529363192617893,0.0021765457931905985,-0.0015656264731660485,0.10443554818630219,0.9510049999903458
80,95,0,0.5630924821004677,0.07478772981298357,0.23720630369534657,0.07471532519651405,0.951828358653452,0.16293166967897077,0.07064458046342094,0.9440880544196858,-0.03136730194091797,0.021433433517813683,-0.06758797913789749,0.002526183845475316,0.002168316626921296,-0.0015861490974202752,0.10328451544046402,1.0802350000176375
80,96,0,0.563137544129255,0.07478677612466811,0.23722445318942098,0.0747431755923075,0.9518312209084075,0.16295468067025656,0.07067622514994118,0.9440515880653915,-0.031382836401462555,0.02147449553012848,-0.06755924224853516,0.0025000148452818394,0.0021609612740576267,-0.0016071447171270847,0.10216863453388214,0.8916190000149982
80,97,0,0.563182494752998,0.07478581679004077,0.2372416048046944,0.07477069235974508,0.9518340913212443,0.16297672168297134,0.07070764905046875,0.9440150628050343,-0.03139248117804527,0.021517133340239525,-0.06752604991197586,0.0024742991663515568,0.0021544345654547215,-0.0016286694444715977,0.10108545422554016,0.9159210000007079
80,98,0,0.5632273751740885,0.07478483811361185,0.23725789847140882,0.07479794319073586,0.9518369686004345,0.1629979436266674,0.07073892734179352,0.9439785012896843,-0.03139682859182358,0.021560996770858765,-0.06748901307582855,0.0024490414652973413,0.0021486529149115086,-0.0016505069797858596,0.10003242641687393,0.8561600000120961
80,99,0,0.5632718866600758,0.07478378863969004,0.2372736259414504,0.07482496472656358,0.9518397070416696,0.16301867210283053,0.07077010816906183,0.9439419217807025,-0.031397026032209396,0.021606381982564926,-0.06744848191738129,0.002424276899546385,0.002143456134945154,-0.0016727730398997664,0.0990099310874939,0.8422020000011798
80,100,0,0.5633159973749682,0.074782674770757,0.23728880313420997,0.07485176838306319,0.9518422697897433,0.16303890622293993,0.07080117733845948,0.9439053959263155,-0.03139540180563927,0.02165219746530056,-0.06740786135196686,0.0023998082615435123,0.0021384567953646183,-0.0016949682030826807,0.09801510721445084,0.851409999995667
80,101,0,0.5633597615114061,0.0747815013036041,0.23730343058900794,0.0748783662710755,0.9518446771525091,0.16305863875056634,0.0708321461831543,0.9438689687145382,-0.03139407932758331,0.021698882803320885,-0.06736975163221359,0.0023757030721753836,0.0021330812014639378,-0.001716746250167489,0.09705352783203125,0.9658800000238443
80,102,0,0.5634031988350418,0.07478026918439759,0.2373175268230221,0.0749047705292632,0.9518469396832021,0.16307788713727137,0.0708630274687361,0.9438326479706707,-0.03139287605881691,0.021746205165982246,-0.0673345997929573,0.002351949689909816,0.0021273591555655003,-0.0017383882077410817,0.09613275527954102,0.8332240000186175
80,103,0,0.5634456551975294,0.07477890543289475,0.2373308929074517,0.07493061866110112,0.9518489878211472,0.16309651250103294,0.07089360489899568,0.9437964116307908,-0.03139191493391991,0.021794382482767105,-0.06730280071496964,0.0023284810595214367,0.002121260855346918,-0.0017596147954463959,0.09524956345558167,0.7493829999702939
80,104,0,0.5634875834791573,0.07477746422953951,0.23734364016235807,0.07495611203379975,0.9518508977949272,0.16311458310652754,0.07092390863340749,0.9437603118495099,-0.03139080852270126,0.021843675523996353,-0.06727297604084015,0.0023055486381053925,0.0021147956140339375,-0.0017805900424718857,0.09440717101097107,0.8100950000198281
80,105,0,0.5635290641686088,0.07477595013572033,0.23735584217774375,0.07498131520554785,0.9518526808617449,0.16313216971286074,0.07095402478300084,0.9437243294681373,-0.03138973191380501,0.021893823519349098,-0.06724612414836884,0.002282985718920827,0.002107956213876605,-0.0018012820510193706,0.09360560029745102,0.918556999977227
80,106,0,0.5635701231627163,0.07477436580744222,0.23736753632898963,0.07500624924467815,0.9518543406265919,0.1631493084320898,0.0709839795556684,0.9436884495975678,-0.03138895332813263,0.021945465356111526,-0.06722334027290344,0.0022608384024351835,0.0021006434690207243,-0.0018216687021777034,0.092851422727108,0.8362009999700604
80,107,0,0.5636107920523963,0.07477271417022811,0.23737875521117868,0.07503093347881469,0.9518558849043728,0.16316603044650474,0.07101378900322873,0.9436526649483036,-0.031388331204652786,0.02199774608016014,-0.06720232218503952,0.0022390387021005154,0.002093075541779399,-0.0018417851533740759,0.09212743490934372,0.9319279999999708
80,108,0,0.5636511025963195,0.07477099879274379,0.23738952894903553,0.07505538529572532,0.9518573234585862,0.1631823637768121,0.07104346510501458,0.9436169718914373,-0.03138759359717369,0.022050311788916588,-0.06718303263187408,0.0022175288759171963,0.0020853120367974043,-0.0018615254666656256,0.09143320471048355,0.9917879999647994
80,109,0,0.5636910820007407,0.07476922306063569,0.23739988711526908,0.07507962091365578,0.9518586644272141,0.16319833605741663,0.07107301957686894,0.943581365143748,-0.03138693422079086,0.022103823721408844,-0.06716608256101608,0.0021963806357234716,0.002077267272397876,-0.0018812880152836442,0.09077239036560059,0.8491730000059761
80,110,0,0.5637307538874439,0.0747673901650313,0.23740985860164307,0.07510365558816073,0.9518599145468205,0.1632139744012762,0.07110246416626578,0.9435458381085671,-0.0313863642513752,0.022157909348607063,-0.06715147942304611,0.002175492001697421,0.0020689654629677534,-0.0019005215726792812,0.09013998508453369,0.7910859999924469
80,111,0,0.5637701413611093,0.07476550334847205,0.23741947042847664,0.07512750333478939,0.9518610810597886,0.1632293039191068,0.07113180884196747,0.9435103858921754,-0.03138597682118416,0.022212620824575424,-0.0671384260058403,0.0021548974327743053,0.002060566795989871,-0.0019196677021682262,0.08953563123941422,0.9449629999949138
80,112,0,0.5638092659906806,0.07476356571465685,0.23742874849721587,0.0751511769674837,0.9518621714078427,0.16324434870543494,0.07116106212646921,0.9434750044571648,-0.03138533979654312,0.022267671301960945,-0.06712675839662552,0.0021345620043575764,0.002051946707069874,-0.0019385976484045386,0.08895692974328995,0.9154090000151882
80,113,0,0.5638481479687637,0.07476158054647415,0.23743771715749065,0.07517468821707955,0.9518631928915013,0.16325913097460137,0.07119023288835874,0.9434396904460789,-0.031384970992803574,0.0223231203854084,-0.06711637228727341,0.0021145245991647243,0.0020432723686099052,-0.0019572630990296602,0.08839897066354752,0.9924450000085017
80,114,0,0.5638868054366302,0.07475955057577092,0.237446399241798,0.07519804828256767,0.9518641517180334,0.1632736719560088,0.07121932839143867,0.9434044402981842,-0.031384486705064774,0.022379186004400253,-0.06710729002952576,0.0020947253797203302,0.0020344825461506844,-0.00197588955052197,0.08786749094724655,1.0793150000267815
80,115,0,0.5639252537559343,0.07475747848763857,0.23745481668943774,0.07522126729962253,0.9518650532566754,0.16328799206034578,0.0712483547654238,0.943369249571157,-0.03138382360339165,0.022435346618294716,-0.06709945946931839,0.002075111260637641,0.002025648020207882,-0.0019942123908549547,0.08735350519418716,0.9705280000389394
80,116,0,0.5639635035946278,0.07475536529541783,0.23746298466300056,0.07524435173693785,0.9518659019419512,0.1633021061114278,0.07127731966771245,0.9433341149385166,-0.03138332441449165,0.0224920641630888,-0.06709232181310654,0.0020558619871735573,0.002016722224652767,-0.00201247725635767,0.08686568588018417,1.2449470000319707
80,117,0,0.5640015613917368,0.07475320868055615,0.23747090807151033,0.07526730046332157,0.951866704497462,0.16331602176748206,0.07130624357229273,0.9432990284075617,-0.031382687389850616,0.022549089044332504,-0.06708625704050064,0.002036747056990862,0.002007775940001011,-0.0020303847268223763,0.08639269322156906,1.1834169999929145
80,118,0,0.5640394405052689,0.07475100447751121,0.23747858874005862,0.07529011484252421,0.9518674681697046,0.16332974682257967,0.07133513995472684,0.9432639754876301,-0.03138187527656555,0.022605909034609795,-0.06708105653524399,0.002017807215452194,0.0019988298881798983,-0.002048271708190441,0.08593171834945679,1.0959279999838145
80,119,0,0.5640771504612412,0.0747487537833954,0.23748603365023058,0.07531279988055867,0.9518681954162995,0.16334328939799478,0.07136399099779042,0.9432289491919119,-0.031381119042634964,0.02266344614326954,-0.06707601249217987,0.001999179134145379,0.001989924581721425,-0.002065955428406596,0.08549346774816513,0.8411609999825487
80,120,0,0.5641146988396439,0.07474645749941237,0.23749324886995074,0.07533535912468797,0.9518688887998777,0.163356655887567,0.07139278737749717,0.9431939468580498,-0.031380053609609604,0.022720549255609512,-0.06707107275724411,0.0019807119388133287,0.001981093781068921,-0.0020835462491959333,0.08506369590759277,0.8373439999900256
80,121,0,0.5641520887823588,0.07474411633851041,0.2375002410013314,0.07535779487873094,0.9518695497428009,0.16336985274445182,0.0714215289186014,0.9431589656980773,-0.031379085034132004,0.022778403013944626,-0.06706716120243073,0.0019624631386250257,0.0019722480792552233,-0.0021009601186960936,0.08465646952390671,1.086864000001242
80,122,0,0.5641893227005703,0.07474173069592137,0.23750701717877756,0.07538011021268841,0.9518701782962588,0.16338288726221592,0.07145021654834745,0.9431240015703231,-0.03137785568833351,0.022836651653051376,-0.06706415116786957,0.0019444398349151015,0.0019633800256997347,-0.0021182787604629993,0.08426804095506668,0.9270639999954255
80,123,0,0.5642264048824377,0.07473930108550426,0.23751358363861713,0.07540230813018477,0.9518707755044771,0.16339576552804044,0.07147885254880229,0.9430890523490794,-0.03137676790356636,0.02289530448615551,-0.06706145405769348,0.0019266651943325996,0.001954592065885663,-0.0021353610791265965,0.08389949798583984,0.9995570000000953
80,124,0,0.5642633394395477,0.07473682809931416,0.23751994637708995,0.07542439133499043,0.9518713427142336,0.16340849337014218,0.0715074376791851,0.9430541163020516,-0.031375281512737274,0.022954115644097328,-0.06705915182828903,0.0019090939313173294,0.001945834024809301,-0.0021523521281778812,0.08354414999485016,0.7789679999632426
80,125,0,0.5643001306385267,0.07473431254529599,0.2375261108681974,0.07544636161992858,0.9518718822095956,0.16342107585368879,0.07153597151391998,0.9430191929947147,-0.03137364611029625,0.023012958467006683,-0.06705650687217712,0.0018916615517809987,0.001937221153639257,-0.00216930010356009,0.0831984430551529,0.9316009999906782
80,126,0,0.5643367807505761,0.0747317549587001,0.23753208282538293,0.07546822151262135,0.9518723943553453,0.16343351842248,0.07156445692217575,0.9429842801201194,-0.03137202188372612,0.023072436451911926,-0.06705519556999207,0.0018745759734883904,0.001928559853695333,-0.002186114201322198,0.08287684619426727,1.030574000026263
80,127,0,0.5643732923645477,0.07472915576696736,0.23753786843410546,0.0754899740360964,0.9518728789550246,0.16344582727315446,0.07159289587813394,0.9429493740338434,-0.031370311975479126,0.023132581263780594,-0.06705453246831894,0.001857629744336009,0.0019199489615857601,-0.0022026991937309504,0.08257485926151276,0.9671180000054846
80,128,0,0.5644096689840438,0.07472651556702092,0.23754347310248977,0.0755116216083338,0.9518733373536574,0.16345800759237608,0.07162128945129716,0.9429144733271247,-0.0313684456050396,0.023192811757326126,-0.06705386936664581,0.0018408747855573893,0.001911382656544447,-0.002219170331954956,0.08228429406881332,0.7870079999747759
80,129,0,0.5644459134477994,0.0747238350121064,0.23754890204221923,0.0755331661656251,0.9518737704939052,0.163470064314674,0.07164963789171662,0.9428795763666766,-0.03136641904711723,0.023253459483385086,-0.06705369800329208,0.0018242931691929698,0.0019028852693736553,-0.0022356584668159485,0.08201202750205994,0.7808259999819711
80,130,0,0.5644820315827763,0.07472111481987448,0.23755415919118392,0.07555461014179439,0.951874180571834,0.16348200083521452,0.07167794313828653,0.9428446839437282,-0.031364139169454575,0.023314358666539192,-0.06705272197723389,0.0018079796573147178,0.0018946860218420625,-0.0022520460188388824,0.0817493423819542,0.8017209999593433
80,131,0,0.5645180297266945,0.07471835626349108,0.2375592464036212,0.0755759547816001,0.9518745704896985,0.1634938178777387,0.07170620254801893,0.9428097992490073,-0.03136037662625313,0.023376191034913063,-0.06704948097467422,0.0017917091026902199,0.001887447782792151,-0.0022691914346069098,0.08149468898773193,0.8094410000012431
80,132,0,0.5645539135200301,0.07471556027495865,0.23756416635184852,0.07559720191293647,0.9518749428224823,0.16350551725418244,0.07173441654511269,0.9427749246778921,-0.03135630488395691,0.02343819849193096,-0.06704599410295486,0.0017755650915205479,0.001880271011032164,-0.002286176895722747,0.0812520682811737,0.9983789999523651
80,133,0,0.5645896850800595,0.07471272743880839,0.2375689235535911,0.07561835355404327,0.9518752977209992,0.16351710301445063,0.07176258884617137,0.9427400585505049,-0.03135252371430397,0.023501094430685043,-0.06704364717006683,0.0017597191035747528,0.0018731110030785203,-0.002303154906257987,0.08103374391794205,1.0689189999766313
80,134,0,0.5646253481751698,0.0747098583177481,0.23757352253175532,0.07563941244356732,0.9518756360562826,0.16352857950934718,0.07179071978636134,0.9427051994528979,-0.03134819120168686,0.023563606664538383,-0.06704081594944,0.001743970555253327,0.0018660776549950242,-0.002319886814802885,0.08081698417663574,1.200468999968507
80,135,0,0.5646609044289328,0.07470695350766268,0.23757796767966186,0.07566038050948608,0.9518759579971016,0.1635399507182866,0.07181881222316573,0.9426703455826709,-0.031344179064035416,0.02362697385251522,-0.06703901290893555,0.0017284901114180684,0.001859061187133193,-0.002336531411856413,0.08062604814767838,1.0943820000193227
80,136,0,0.5646963565955947,0.07470401351111002,0.23758226372508337,0.07568126005165104,0.9518762639819565,0.1635512212324468,0.07184686723510957,0.9426354948662387,-0.031339846551418304,0.02369062602519989,-0.06703723222017288,0.0017131848726421595,0.0018520799931138754,-0.002353134797886014,0.08044774830341339,0.8638749999931861
80,137,0,0.564731711344542,0.07470103944526103,0.2375864125050168,0.07570205250412562,0.9518765570987168,0.163562391973444,0.0718748818726592,0.9426006504852706,-0.03133593499660492,0.023753412067890167,-0.06703390181064606,0.0016978939529508352,0.0018454433884471655,-0.002369716065004468,0.08026677370071411,0.9740630000010242
80,138,0,0.5647670012173799,0.07469803689544383,0.23759039786183767,0.07572275066960808,0.9518768601731832,0.16357344039656446,0.07190282306899956,0.9425658518097924,-0.031335048377513885,0.02380749210715294,-0.06701601296663284,0.001681518042460084,0.0018409544136375189,-0.0023873739410191774,0.0799870565533638,0.8920930000044791
80,139,0,0.5648022499575835,0.0746950097321488,0.2375942062171426,0.07574335280702021,0.9518771856189758,0.1635843466391544,0.07193069188031945,0.9425311286541228,-0.03133450448513031,0.023862013593316078,-0.06699839979410172,0.0016653876518830657,0.0018364561256021261,-0.0024048564955592155,0.07972170412540436,0.7654259999867463
80,140,0,0.5648374923189663,0.07469195941659985,0.23759783600437653,0.0757638827401039,0.9518775272502504,0.16359510744846625,0.07195851115284092,0.9424964764107062,-0.031333766877651215,0.023916980251669884,-0.06698154658079147,0.0016494713490828872,0.0018320137169212103,-0.0024221939966082573,0.0794738158583641,0.8965220000050067
80,141,0,0.5648727709873043,0.07468888674902137,0.23760128737717717,0.07578437663269728,0.9518778716035424,0.1636057224781962,0.07198631333365947,0.9424618801918355,-0.03133298084139824,0.023972418159246445,-0.06696616858243942,0.001633737701922655,0.0018274056492373347,-0.002439430681988597,0.07924804091453552,0.88179400000854
80,142,0,0.5649080864158764,0.07468579185006695,0.23760456706816147,0.07580483983385915,0.9518782150350766,0.16361619839073294,0.0720141093579192,0.9424273332146739,-0.031332146376371384,0.02402796782553196,-0.06695184111595154,0.001618164125829935,0.0018227359978482127,-0.0024563956540077925,0.07903948426246643,1.0214540000106354
80,143,0,0.564943435762834,0.07468267515126732,0.2376076814433257,0.07582527391720012,0.9518785559366818,0.16362654141218205,0.07204190223929847,0.9423928305459229,-0.03133130818605423,0.024083679541945457,-0.06693848222494125,0.0016027376987040043,0.001818101736716926,-0.0024731517769396305,0.07884576916694641,1.0130279999884806
80,144,0,0.5649788163321541,0.07467953701284297,0.23761063693710444,0.07584568052624908,0.9518788927756806,0.16363675795408592,0.07206969482311425,0.9423583671269554,-0.031330570578575134,0.024139977991580963,-0.06692641228437424,0.00158753024879843,0.0018133389530703425,-0.00248979264870286,0.0786733478307724,0.9433780000449588
80,145,0,0.5650142254770338,0.07467637783370719,0.23761343991188805,0.07586606118054942,0.9518792241720643,0.1636468544264544,0.07209748840625416,0.9423239378219085,-0.03132989630103111,0.02419651672244072,-0.06691537797451019,0.0015724381664767861,0.001808520290069282,-0.0025062302593141794,0.07851750403642654,0.9064760000114802
80,146,0,0.5650496528478557,0.07467319773480524,0.2376161004897858,0.07588641637496955,0.9518795466288442,0.16365684242250042,0.07212527415944311,0.9422895301892029,-0.03133118525147438,0.024251945316791534,-0.06690968573093414,0.0015573619166389108,0.0018023549346253276,-0.002523938426747918,0.07836572825908661,0.8176759999969363
80,147,0,0.5650850888483087,0.07466999622628319,0.23761862903101663,0.07590674692700916,0.9518798563229366,0.16366673365837098,0.07215305428726151,0.942255133013006,-0.031332507729530334,0.02430782839655876,-0.06690569221973419,0.0015424700686708093,0.0017959269462153316,-0.0025416407734155655,0.07823504507541656,0.8726049999836505
80,148,0,0.5651205312262919,0.07466677334539712,0.23762103159508752,0.07592705403311642,0.9518801523039202,0.16367653435802862,0.072180833576286,0.9422207422567009,-0.03133377805352211,0.024363799020648003,-0.06690200418233871,0.0015277497004717588,0.0017896201461553574,-0.002559119835495949,0.07811373472213745,1.1139810000031503
80,149,0,0.5651559802178212,0.07466352953479691,0.2376233123652407,0.0759473386756823,0.9518804349672576,0.1636862484600526,0.07220861353216029,0.9421863564667079,-0.03133513405919075,0.0244198739528656,-0.06689874827861786,0.0015131037216633558,0.0017833244055509567,-0.0025764107704162598,0.07800471782684326,0.9213339999973869
80,150,0,0.5651914398546806,0.07466026570480741,0.2376254730555024,0.07596760132282329,0.9518807067643262,0.16369587675967967,0.07223639373757311,0.9421519783476787,-0.031338468194007874,0.024476725608110428,-0.06689538061618805,0.0014985750894993544,0.0017770621925592422,-0.002594314282760024,0.07790973782539368,0.7535940000025221
80,151,0,0.5652269207393371,0.07465698286202924,0.23762751349073122,0.07598784213696506,0.9518809741002904,0.16370541756595064,0.07226417515977676,0.9421176176901278,-0.03134296461939812,0.02453434467315674,-0.06688961386680603,0.001484040985815227,0.0017705298960208893,-0.0026122811250388622,0.07781577110290527,0.762413000018114
80,152,0,0.5652624316166931,0.07465368062913562,0.2376294386309354,0.0760080628163988,0.9518812426093101,0.16371487580295369,0.07229196589298101,0.9420832807252708,-0.03134682774543762,0.024594610556960106,-0.06688278913497925,0.0014694089768454432,0.0017625726759433746,-0.0026295906864106655,0.07774162292480469,0.8996820000106709
80,153,0,0.565297974050906,0.0746503591826209,0.2376312538872793,0.07602826509540685,0.9518815133311687,0.16372425717157393,0.0723197658185868,0.9420489655599724,-0.03135072812438011,0.024654582142829895,-0.06687608361244202,0.0014548607869073749,0.0017546528251841664,-0.002646900014951825,0.07767268270254135,0.8329180000146152
80,154,0,0.5653335461145955,0.07464701884611805,0.23763296364813002,0.07604845046845275,0.9518817848379912,0.16373356608501996,0.07234757635892225,0.9420146680733273,-0.03135443106293678,0.024715406820178032,-0.0668705627322197,0.0014405538095161319,0.0017467309953644872,-0.002664077328518033,0.07762780785560608,0.7166699999743287
80,155,0,0.5653691474274217,0.07464366010015096,0.23763457164904003,0.07606861998009447,0.9518820568416182,0.16374280616083112,0.07237539677095406,0.9419803858457775,-0.03135790675878525,0.024775544181466103,-0.06686468422412872,0.00142630934715271,0.001738947001285851,-0.002680920995771885,0.07758146524429321,0.8069099999943319
80,156,0,0.5654047769849032,0.07464028336655765,0.23763608129773522,0.07608877463730472,0.9518823287345143,0.16375198059629595,0.07240322818246295,0.9419461165835583,-0.03136162459850311,0.024836411699652672,-0.0668598860502243,0.0014122845605015755,0.001731123891659081,-0.002697897143661976,0.07755647599697113,1.0657590000278105
80,157,0,0.5654404340643789,0.07463688905038414,0.23763749621960883,0.07610891528202113,0.9518826002644285,0.16376109293473445,0.07243107022458803,0.9419118580381212,-0.03136485442519188,0.024896938353776932,-0.06685484945774078,0.0013983501121401787,0.0017234274419024587,-0.00271473522298038,0.07753483951091766,1.0908259999951042
80,158,0,0.5654763828108051,0.07463354856765904,0.23763849978274906,0.07612888093743292,0.9518831041681719,0.16376980390108858,0.07246011537163612,0.941876981054443,-0.03136814385652542,0.024957777932286263,-0.06685036420822144,0.0013845395296812057,0.001715762773528695,-0.0027314319740980864,0.07752837240695953,0.8349589999738782
80,159,0,0.5655126148884295,0.07463023686626384,0.2376392936614087,0.07614891095329385,0.9518836464199092,0.16377836843346827,0.07248930271703972,0.9418415725930357,-0.031373586505651474,0.02501756139099598,-0.06685011833906174,0.0013713642256334424,0.0017081948462873697,-0.0027475119568407536,0.07755684107542038,0.7667609999657543
80,160,0,0.5655489597004817,0.07462692738844029,0.23764001608366095,0.0761689944843038,0.9518841766440427,0.16378692636135583,0.07251797090575535,0.9418060093137404,-0.03137939050793648,0.02508038654923439,-0.06685298681259155,0.0013591536553576589,0.0017012341413646936,-0.002762748394161463,0.07766618579626083,0.7104809999987083
80,161,0,0.5655853365105401,0.07462360735762444,0.23764066479124268,0.07618909145044464,0.9518846856501693,0.16379545792497055,0.072546467411594,0.941770364711324,-0.031384505331516266,0.025145739316940308,-0.066857248544693,0.0013473565923050046,0.001694543519988656,-0.002777505898848176,0.07781694829463959,0.8723030000510335
80,162,0,0.565621716301209,0.0746202722644752,0.2376412467009311,0.07620919239466907,0.9518851672451616,0.16380396381149973,0.07257492879181524,0.9417346590610625,-0.031389620155096054,0.025213146582245827,-0.06686397641897202,0.0013358156429603696,0.0016877169255167246,-0.002792369807139039,0.0780138447880745,0.9051339999928132
80,163,0,0.5656580910123364,0.07461692129304656,0.2376417678742794,0.07622929628432765,0.9518856191510635,0.16381244755025975,0.07260340245190111,0.9416988975164071,-0.03139469400048256,0.02528143860399723,-0.06687121838331223,0.0013244982110336423,0.0016809517983347178,-0.0028070658445358276,0.0782291367650032,0.9806560000242825
80,164,0,0.5656944579893252,0.07461355458108888,0.23764223383994404,0.07624940426302987,0.9518860403225781,0.16382091375617322,0.07263190483658916,0.9416630795863585,-0.03140091896057129,0.025349633768200874,-0.0668812245130539,0.001313594402745366,0.0016735646640881896,-0.0028216037899255753,0.0784716010093689,1.071226000021852
80,165,0,0.5657308173396517,0.07461017235888596,0.23764264971264962,0.07626951774745842,0.9518864309338844,0.16382936734496364,0.07266044212891828,0.9416272039303236,-0.03140730783343315,0.025417037308216095,-0.06689191609621048,0.0013031226117163897,0.001665922231040895,-0.0028357577975839376,0.07872505486011505,1.2524320000011357
80,166,0,0.5657671707892366,0.07460677525400525,0.23764301835747903,0.07628963749678266,0.9518867922609608,0.16383781078129755,0.07268901414657798,0.9415912709080436,-0.03141385689377785,0.02548464760184288,-0.06690279394388199,0.0012927206698805094,0.0016583449905738235,-0.0028499921318143606,0.07898542284965515,1.1017980000360694
80,167,0,0.5658035212009124,0.07460336379151106,0.23764334170763152,0.07630976403756565,0.951887126224677,0.16384624554617166,0.07271762135319217,0.9415552823389084,-0.03142034262418747,0.025552699342370033,-0.06691345572471619,0.0012824435252696276,0.001650791964493692,-0.002864289563149214,0.07925386726856232,0.8914809999964746
80,168,0,0.5658398690027577,0.07459993829641937,0.23764362219712193,0.07632989811637977,0.9518874332211825,0.16385467396991174,0.07274626459351295,0.9415192374222281,-0.03142665699124336,0.02562117762863636,-0.06692513078451157,0.0012722790706902742,0.0016433059936389327,-0.0028785611502826214,0.07953909784555435,1.4510139999970306
80,169,0,0.5658762166279478,0.07459649908285161,0.23764386169338195,0.07635004023150879,0.9518877148109829,0.16386309777670544,0.07277494386567218,0.9414831371038144,-0.03143271058797836,0.02568943053483963,-0.06693608313798904,0.0012621704954653978,0.0016359578585252166,-0.0028926257509738207,0.07982155680656433,0.8416950000196266
80,170,0,0.5659125672246897,0.07459304647028185,0.23764406143687117,0.07637019074841706,0.951887973107911,0.16387151797930705,0.07280365906786733,0.9414469834378137,-0.031438663601875305,0.025758087635040283,-0.06694692373275757,0.0012521531898528337,0.0016286284662783146,-0.002906854497268796,0.08011428266763687,0.8839299999863215
80,171,0,0.5659489225117756,0.07458958143461923,0.23764421712534003,0.0763903528973075,0.9518882037147465,0.1638799277295755,0.07283243089277777,0.9414107775260646,-0.031444430351257324,0.02582211047410965,-0.06696043163537979,0.001240434474311769,0.0016226978041231632,-0.0029094696510583162,0.08041193336248398,0.966624000000138
80,172,0,0.5659852899808472,0.07458610579755769,0.23764432036478858,0.07641053292802663,0.9518884008236347,0.16388831447122415,0.07286128639433398,0.9413745232460695,-0.03144994005560875,0.02587977610528469,-0.0669766217470169,0.0012265493860468268,0.001618268433958292,-0.002898306818678975,0.08070790022611618,0.8429389999946579
80,173,0,0.5660216794286853,0.07458262081290701,0.23764436950073808,0.07643073547995914,0.9518885648236783,0.16389667520385626,0.07289022650057926,0.941338223152317,-0.031455084681510925,0.025937721133232117,-0.06699320673942566,0.0012128971284255385,0.00161391356959939,-0.0028873677365481853,0.08101443201303482,0.7942940000020826
80,174,0,0.5660580968549351,0.0745791272948358,0.23764436630287547,0.07645096209689102,0.9518886984933437,0.16390501178423958,0.0729192406488001,0.9413018780619133,-0.031460247933864594,0.025995785370469093,-0.06700915843248367,0.0011993622174486518,0.0016096406616270542,-0.002876679878681898,0.08132731169462204,0.8471140000096966
80,175,0,0.5660945459370783,0.07457562581723795,0.23764431209269357,0.07647121331403423,0.9518888041539454,0.16391332544719991,0.07294832305002345,0.9412654892992278,-0.0314650796353817,0.026054110378026962,-0.06702487915754318,0.001186072244308889,0.0016055894084274769,-0.0028663831762969494,0.08164655417203903,0.8725450000497403
80,176,0,0.5661310290945853,0.07457211673895683,0.23764420845823828,0.07649148942687145,0.9518888836248894,0.16392161777064548,0.0729774705782147,0.9412290576990336,-0.03146996721625328,0.026112675666809082,-0.06704064458608627,0.0011728903045877814,0.001601597759872675,-0.0028563064988702536,0.0819743275642395,0.8270779999861588
80,177,0,0.5661675504364496,0.07456860044230462,0.23764405621459253,0.07651179050623512,0.9518889397229613,0.16392988932167354,0.07300668112456613,0.9411925861653466,-0.03147446736693382,0.02617097832262516,-0.06705522537231445,0.0011599031277000904,0.0015978668816387653,-0.002846561139449477,0.08230108767747879,1.385787000003802
80,178,0,0.5662041124800559,0.07456507760524372,0.23764385580260214,0.07653211598598987,0.9518889749910857,0.163938140212637,0.07303594824986281,0.9411560770223144,-0.03147832676768303,0.026229683309793472,-0.0670689269900322,0.0011464799754321575,0.0015944545157253742,-0.002837294479832053,0.08264396339654922,1.23906200002466
80,179,0,0.5662407179849747,0.07456154897793985,0.2376436073427608,0.07655246477954665,0.9518889924716254,0.1639463700325374,0.07306526537801036,0.9411195338425085,-0.031481172889471054,0.026288511231541634,-0.0670805498957634,0.0011323695071041584,0.00159146124497056,-0.002828327938914299,0.08300331979990005,1.0443399999644498
80,180,0,0.5662773697815231,0.07455801482419765,0.23764331122919516,0.07657283691081139,0.9518889941343668,0.16395457864475782,0.07309463528851567,0.9410829597970524,-0.031483665108680725,0.02634754404425621,-0.06709201633930206,0.0011183950118720531,0.0015886431792750955,-0.0028196051716804504,0.08336971700191498,1.5697659999887037
80,181,0,0.5663140709557367,0.07455447535538808,0.2376429683329678,0.07659323294798465,0.9518889816135611,0.16396276668574672,0.07312405952609508,0.9410463566310735,-0.03148619458079338,0.026406703516840935,-0.06710316240787506,0.0011045499704778194,0.0015859721461310983,-0.0028112679719924927,0.08373993635177612,1.0207110000237662
80,182,0,0.5663508250826177,0.07455093081270259,0.23764257929459606,0.0766136535262605,0.9518889567087647,0.1639709345378679,0.07315353927810203,0.9410097263468087,-0.03148839250206947,0.02646595798432827,-0.06711374968290329,0.0010909629054367542,0.001583502278663218,-0.0028031636029481888,0.08411981910467148,1.1865019999959259
80,183,0,0.5663876345562526,0.07454738145061632,0.23764214522773716,0.07663409919905231,0.9518889207838335,0.16397908325021723,0.073183073773439,0.9409730697060877,-0.03149062395095825,0.026525629684329033,-0.0671243742108345,0.001077453140169382,0.0015810622135177255,-0.002795459935441613,0.08450677990913391,1.2171150000312991
80,184,0,0.5664245016510627,0.07454382750061161,0.237641667143761,0.07665457052386372,0.9518888750046599,0.16398721370215022,0.07321266332849811,0.9409363875466885,-0.031492266803979874,0.026585008949041367,-0.06713438779115677,0.0010641474509611726,0.0015788922319188714,-0.00278776534833014,0.08489827066659927,1.1930750000033186
80,185,0,0.5664614291437087,0.07454026930047243,0.2376411456418914,0.07667506788929819,0.951888820931038,0.16399532625789087,0.07324230707784053,0.9408996813897706,-0.031494006514549255,0.02664451114833355,-0.06714405864477158,0.0010509589919820428,0.0015768191078677773,-0.0027804470155388117,0.08529359102249146,1.356082000029346
80,186,0,0.5664984194507131,0.07453670709840278,0.23764058150918788,0.07669559175247594,0.9518887598940876,0.16400342150997557,0.07327200527380172,0.9408629525337836,-0.03149542957544327,0.026704279705882072,-0.06715333461761475,0.0010379363084211946,0.0015748819569125772,-0.0027733484748750925,0.08569549024105072,1.0848080000300797
80,187,0,0.5665354732021377,0.07453314111090349,0.2376399761213084,0.0767161426198849,0.9518886922701084,0.16401150085291996,0.0733017572793149,0.9408262004054215,-0.03149671107530594,0.026764297857880592,-0.0671629086136818,0.0010250430786982179,0.0015730491140857339,-0.002766635734587908,0.08610905706882477,0.9776130000318517
80,188,0,0.5665725922131988,0.07452957148265034,0.23763933058112366,0.07673672108520269,0.9518886188681427,0.16401956530227793,0.07333156434333166,0.9407894255083332,-0.03149799630045891,0.026824522763490677,-0.06717212498188019,0.0010123621905222535,0.001571316854096949,-0.002760008443146944,0.08653003722429276,0.9221760000173163
80,189,0,0.566609776944125,0.07452599844965961,0.23763864617446961,0.07675732763692207,0.9518885399724726,0.16402761616843728,0.07336142536977318,0.94075262716024,-0.031498976051807404,0.026884926483035088,-0.06718163192272186,0.0009997651213780046,0.0015697019407525659,-0.002753716427832842,0.08695992082357407,1.4236060000030193
80,190,0,0.566647030678274,0.07452242227073161,0.2376379233419241,0.07677796255119869,0.9518884574003158,0.16403565361893632,0.07339134039241568,0.9407158076217077,-0.03149973973631859,0.0269450880587101,-0.06718970090150833,0.0009874120587483048,0.0015682900557294488,-0.0027476237155497074,0.08739003539085388,1.0712030000377126
80,191,0,0.5666843550752376,0.07451884331807686,0.2376371622744865,0.07679862617987401,0.9518883720075826,0.16404367750906143,0.0734213089964732,0.9406789680007702,-0.03150035813450813,0.027005527168512344,-0.06719806790351868,0.0009751074831001461,0.0015670160064473748,-0.0027416017837822437,0.08782646059989929,0.9710690000019895
80,192,0,0.5667217499137857,0.07451526172128344,0.23763636450209125,0.07681931907631374,0.9518882835689173,0.16405168945899815,0.07345133135933749,0.940642107021661,-0.03150104358792305,0.027066364884376526,-0.06720689684152603,0.0009629947016946971,0.001565751270391047,-0.0027359582018107176,0.08827712386846542,0.7260900000005677
80,193,0,0.5667592180752069,0.07451167778318948,0.23763553044857313,0.07684004139948508,0.9518881937998679,0.1640596896427062,0.07348140635050138,0.9406052267085697,-0.03150121867656708,0.027126766741275787,-0.06721407175064087,0.0009509918163530529,0.0015647528925910592,-0.0027304503601044416,0.08872097730636597,0.7260220000375739
80,194,0,0.5667967599135773,0.07450809147314233,0.23763466346705533,0.076860792366275,0.9518881053155106,0.16406768222501808,0.07351152548379225,0.9405683271704325,-0.03150080889463425,0.027186540886759758,-0.0672210082411766,0.0009390466730110347,0.0015628939727321267,-0.002726702718064189,0.08918426930904388,0.7678959999566359
80,195,0,0.5668343744202651,0.07450450250088776,0.23763376727835991,0.07688157105591997,0.9518880198774946,0.16407567175888635,0.07354168484900124,0.9405314078572824,-0.031499650329351425,0.027245735749602318,-0.0672265887260437,0.0009272561292164028,0.0015609009424224496,-0.002723895711824298,0.08964699506759644,1.0600400000271293
80,196,0,0.5668720611978093,0.07450091084849772,0.2376328429162847,0.07690237731993416,0.9518879377951125,0.16408365923109497,0.07357188671181551,0.9404944691043555,-0.031498510390520096,0.027305150404572487,-0.06723228096961975,0.000915540149435401,0.0015590308466926217,-0.0027211110573261976,0.0901225358247757,1.0165639999968334
80,197,0,0.5669098200013067,0.07449731653793688,0.23763189125555634,0.07692321156151322,0.9518878587534486,0.1640916454937128,0.07360213335075108,0.9404575103703406,-0.03149726241827011,0.02736503630876541,-0.06723813712596893,0.0009039973374456167,0.0015572445699945092,-0.0027186654042452574,0.09060561656951904,0.9320650000290698
80,198,0,0.5669476523260064,0.07449371974467285,0.23763091273743164,0.07694407393863353,0.9518877836317172,0.16409963087628854,0.07363242427004221,0.9404205326216666,-0.0314955972135067,0.027424558997154236,-0.06724297255277634,0.0008925504516810179,0.001555612892843783,-0.0027163370978087187,0.09108529984951019,0.7520629999930861
80,199,0,0.5669855582717966,0.07449012063426423,0.23762990774384246,0.0769649648224504,0.9518877122698318,0.16410761561731743,0.0736627604352143,0.9403835356911248,-0.031493887305259705,0.027484627440571785,-0.06724829226732254,0.0008812507148832083,0.0015540929744020104,-0.00271415407769382,0.09157932549715042,0.9532949999879747
80,200,0,0.5670235393538985,0.07448651943268286,0.23762887655892165,0.07698588434949763,0.9518876455055882,0.16411559985770746,0.0736931407911298,0.9403465205298769,-0.03149205818772316,0.02754441648721695,-0.06725266575813293,0.0008700618054717779,0.001552686677314341,-0.0027122467290610075,0.09207229316234589,0.8843800000022384
100,1,0,0.16596764123019486,0.08543605176785025,0.21881896068655934,0.11300986078093082,0.9530182250113274,0.13477158439559309,0.09783784969092706,0.9552914517418396,0.020813604816794395,-0.098664790391922,-0.3397562801837921,-0.0010331586236134171,-0.06543780863285065,-0.011421067640185356,0.9904521107673645,1.2309779999668535
100,2,0,0.17391326873311114,0.10904977279714086,0.22873446049508922,0.11307079031779962,0.9641661643708427,0.12229683154102787,0.0914706888814182,0.9543519039461528,0.019933398813009262,-0.09512048214673996,-0.3477492034435272,0.0026117409579455853,-0.058169737458229065,-0.015664005652070045,0.9045953154563904,0.8340480000015305
100,3,0,0.15318649580343346,0.13398630448046128,0.24845682450251091,0.11404651118957303,0.9659232878946004,0.11777645521481062,0.08936949264869973,0.9496133023920147,0.07022102177143097,-0.08902008086442947,-0.3453749716281891,0.0026838653720915318,-0.07150334864854813,-0.001063393079675734,0.99885493516922,0.7758250000051703
100,4,0,0.13271629827273004,0.1499768984308826,0.2616075142652963,0.11487240248320295,0.9546559956823875,0.11457868907983929,0.08764427690493232,0.9430704959078626,0.034093569964170456,-0.09106866270303726,-0.36656317114830017,0.0040666586719453335,-0.07508134841918945,0.01348182838410139,0.9996846914291382,0.9271199999716373
100,5,0,0.1312845964835781,0.15504169203587279,0.26256253782703437,0.11487416311120097,0.954398541363476,0.11125971741107686,0.08630988454907315,0.9362473762838427,-0.11794736236333847,-0.09521932899951935,-0.4148348271846771,0.01211757306009531,-0.07670359313488007,0.03435482084751129,0.9983595609664917,1.2485130000072786
100,6,0,0.1308925597369023,0.1593341166071265,0.26266684899060583,0.11520229225548892,0.9524926088421063,0.10780060091125199,0.08546060580182883,0.9297058142520461,-0.16154007613658905,-0.01818402111530304,-0.4189934730529785,0.003374051535502076,-0.0818440392613411,0.05583541467785835,0.999977707862854,1.0574259999884816
100,7,0,0.13085027085427156,0.16369393459967493,0.2626219827445459,0.1153724942559934,0.9509583701913238,0.10408583525127087,0.0853199964892055,0.9234112915678035,-0.23720437288284302,0.04190891981124878,-0.43026742339134216,0.0006007328047417104,-0.07830816507339478,0.08316405862569809,0.999997615814209,1.1875739999709367
100,8,0,0.1309845240106003,0.16840150677692795,0.2624811439999782,0.11550289791049015,0.949603395861761,0.09986759477249177,0.08601774676153244,0.9172533270194436,-0.3103266954421997,0.10282065719366074,-0.4475865066051483,0.00019443128257989883,-0.07554777711629868,0.10902881622314453,0.9999993443489075,0.900051000030544
100,9,0,0.13131831702531688,0.17348886259499552,0.26221136483140944,0.11564287963009982,0.9482461486731476,0.09508257898108262,0.08752655946907129,0.9111540076550914,-0.382805734872818,0.1610407531261444,-0.4672042429447174,0.0009391891653649509,-0.0751572996377945,0.12896136939525604,0.9999995827674866,0.8270469999729357
100,10,0,0.13176563338130612,0.17916319998070665,0.26187064861756526,0.11576342870255213,0.9469776378696204,0.08964057147981036,0.08974937455239072,0.9050309843306055,-0.4576220214366913,0.21840795874595642,-0.48794883489608765,0.0022411546669900417,-0.07335779815912247,0.14109109342098236,0.9999996423721313,0.9282639999810272
100,11,0,0.13227028364693508,0.1855242710187363,0.26149526283079644,0.11587030252694656,0.9457518709446604,0.0835197451773205,0.09262230864533312,0.8988104070402266,-0.5219950079917908,0.2724618911743164,-0.5112737417221069,0.00606363033875823,-0.07239769399166107,0.14468012750148773,0.9999995827674866,1.061937000031321
100,12,0,0.13279740154265915,0.19263391826654627,0.26112391801481416,0.11595255259208007,0.9445750606327442,0.07674953712038099,0.0960777794900669,0.8924319160146796,-0.571906566619873,0.31754499673843384,-0.5280281901359558,0.009892762638628483,-0.06897657364606857,0.14710617065429688,0.9999995827674866,1.0313640000276791
100,13,0,0.13335021322020296,0.20046846225334364,0.2607370645281631,0.11601831153604691,0.9433994511111473,0.06936740422520722,0.10003844344824944,0.8858677095274952,-0.613334596157074,0.35367095470428467,-0.5422375202178955,0.013889745809137821,-0.06437350064516068,0.14957191050052643,0.9999995231628418,0.9248110000044107
100,14,0,0.13403592064491668,0.20891498779783688,0.2602968325418945,0.11603125208889453,0.9419941169807721,0.06141241703752922,0.10442184593237504,0.8790998955868293,-0.649728536605835,0.38154369592666626,-0.5559900999069214,0.017757674679160118,-0.05885308235883713,0.15196625888347626,0.9999994039535522,0.9171650000325826
100,15,0,0.134682847584002,0.21818061477688194,0.25989428381545876,0.11603310620462638,0.9406698808079766,0.05288059406382507,0.10919486988852273,0.8721034790946183,-0.6902589201927185,0.4103044867515564,-0.5724997520446777,0.021214349195361137,-0.05249667540192604,0.15672151744365692,0.9999992847442627,0.7670159999975112
100,16,0,0.1353248274867206,0.22796218545738597,0.25949523375298683,0.11600736039199458,0.9388621824461927,0.04387643240819354,0.11430002130630774,0.8648866763756784,-0.7254126071929932,0.44424882531166077,-0.593822181224823,0.025802381336688995,-0.0514097698032856,0.15120112895965576,0.9999991059303284,0.804763000019193
100,17,0,0.13601284716216536,0.23835175228636987,0.2590839279897352,0.11595858173080513,0.9371081953718072,0.03447667620195449,0.11985656710566313,0.857434197277442,-0.7588743567466736,0.49301037192344666,-0.6165887713432312,0.033328961580991745,-0.051110077649354935,0.14627337455749512,0.999998927116394,1.0308180000038192
100,18,0,0.1372995859847552,0.2488106391690172,0.2583207147014741,0.11589355382330317,0.9349890836495836,0.024783779351751585,0.1259416085662282,0.8497466611884781,-0.7792604565620422,0.5531064867973328,-0.634818971157074,0.04302676394581795,-0.05072541907429695,0.12620747089385986,0.9999988079071045,0.8606630000258519
100,19,0,0.13959616875052894,0.259087411457636,0.2569357914773774,0.11582457543883297,0.9325408453288399,0.014840419040376852,0.13263602240975073,0.8418022500611568,-0.797555685043335,0.6123541593551636,-0.653698205947876,0.054149530827999115,-0.04779662936925888,0.1080222874879837,0.9999985098838806,1.1162590000139971
100,20,0,0.14340243067320776,0.2689809341313497,0.2545594831100085,0.11576760545067104,0.9300777345870944,0.004618958897916348,0.1400838021838146,0.833697239365327,-0.8260881900787354,0.669745922088623,-0.6603721976280212,0.06719516962766647,-0.049539852887392044,0.0990009605884552,0.9999980330467224,1.0831219999545283
100,21,0,0.14632370210758766,0.27378281066632393,0.2525344277415929,0.11576296670710981,0.9285397151684881,-0.0010994677445123544,0.14789512259207305,0.8305887119317675,-0.8536278009414673,0.7170435786247253,-0.6578121781349182,0.08300851285457611,-0.04865891858935356,0.1122046411037445,0.9999964237213135,0.9076359999653505
100,22,0,0.14570957662555437,0.2766499523614718,0.2528785839997974,0.11585745647830847,0.9287467510041458,-0.003338672636589591,0.15512439992402996,0.8320719316572294,-0.8823275566101074,0.7203868627548218,-0.6440764665603638,0.09011468291282654,-0.040744371712207794,0.11473419517278671,0.999963641166687,0.7777829999895403
100,23,0,0.14560543306065532,0.2793603399122028,0.2529430288355307,0.11587335322693085,0.9287917341490184,-0.005538241483029102,0.16154023781231844,0.8331665906843939,-0.8968536257743835,0.6765837669372559,-0.6134849190711975,0.09025152027606964,-0.03500790894031525,0.10950199514627457,0.999323308467865,1.019813000027625
100,24,0,0.14559738027674393,0.2819690043593396,0.25294794603019416,0.11587453304043878,0.9287962208441054,-0.007653343532422707,0.16707882787318884,0.8340776509204669,-0.9090865850448608,0.630720853805542,-0.5819814205169678,0.09174131602048874,-0.029601864516735077,0.10323898494243622,0.9903919100761414,0.8674549999909686
100,25,0,0.14559412015935033,0.28461074781939355,0.25294982231396573,0.11587494483939222,0.928798963230905,-0.009784978144650677,0.17221375159544297,0.8349925601680555,-0.9177870154380798,0.5875585079193115,-0.5508370399475098,0.09325165301561356,-0.025192301720380783,0.09889311343431473,0.9034416079521179,0.8160320000456522
100,26,0,0.14559112140765093,0.2872790817867701,0.2529515346537034,0.1158753180860824,0.9288012654732277,-0.011936531350514902,0.1770076584503781,0.8359227411396741,-0.9231209754943848,0.5470088124275208,-0.5181093215942383,0.0929732620716095,-0.020762693136930466,0.09335795044898987,0.4381371736526489,0.8857459999944695
100,27,0,0.14558814976946696,0.2897754641109353,0.252953228849613,0.11587568977213336,0.9288032168670785,-0.014010572700326282,0.18113159370051715,0.8369238651867248,-0.9268408417701721,0.5100308060646057,-0.48767510056495667,0.09424655884504318,-0.014283140189945698,0.09000587463378906,-0.38730713725090027,1.109907000000021
100,28,0,0.14558518432458412,0.2936574284640848,0.25295491785088575,0.11587606283876709,0.928804858289373,-0.017477654264290782,0.18445162763619327,0.8371626128780837,-0.929061770439148,0.47357285022735596,-0.45489501953125,0.09638148546218872,-0.009129822254180908,0.08776822686195374,-0.8243021368980408,0.9552550000080373
100,29,0,0.14558222221990588,0.2976887690609288,0.25295660356591637,0.11587643744322222,0.9288062230606595,-0.020989597523101526,0.18835291453607747,0.8375963420053967,-0.9290669560432434,0.45341211557388306,-0.44154247641563416,0.0969819650053978,-0.008035069331526756,0.08320587128400803,-0.8957787752151489,0.7762299999853894
100,30,0,0.14557926294013288,0.3018995127475867,0.252958286470113,0.11587681341971662,0.9288073405105414,-0.024654288982330328,0.19234950691642363,0.8381072804375158,-0.9296210408210754,0.41908106207847595,-0.4190267026424408,0.09838923811912537,-0.004941140301525593,0.08054175972938538,-0.9604026079177856,0.8724920000418024
100,31,0,0.1455763063780251,0.30679473992214656,0.2529599667741555,0.11587719057279783,0.9288082367557641,-0.02894554555392227,0.19643537447215387,0.838460721185168,-0.9304156303405762,0.37869492173194885,-0.39375951886177063,0.09961622953414917,-0.0028772572986781597,0.07735186070203781,-0.9870293736457825,0.7505600000285995
100,32,0,0.1455733525397962,0.3120243023656182,0.25296164460372345,0.11587756871780229,0.9288089351084685,-0.03358120398782764,0.2004852685318305,0.8388428397170965,-0.93099445104599,0.3422754108905792,-0.3764413893222809,0.10031091421842575,-0.002886607777327299,0.07212527841329575,-0.994580090045929,0.7004760000199894
100,33,0,0.14557040148544187,0.3172561053980938,0.25296332003743893,0.11587794768583569,0.9288094563960572,-0.03829508777055548,0.20434134641859591,0.8393991472691612,-0.9316719770431519,0.3002336323261261,-0.3595690131187439,0.10083698481321335,-0.004562078043818474,0.0683312639594078,-0.9979119896888733,0.7819900000072266
100,34,0,0.14556745330770704,0.3226393981901742,0.2529649931212946,0.11587832732349157,0.9288098192368877,-0.043234813713164566,0.20798848757584998,0.8400541204112254,-0.9322553277015686,0.2553614675998688,-0.3407418429851532,0.10215252637863159,-0.00824431236833334,0.06299926340579987,-0.9992733597755432,0.7826209999848288
100,35,0,0.1455645081198934,0.3281913849803221,0.2529666638775325,0.1158787074917848,0.9288100402825027,-0.048506801566980125,0.21105695464048171,0.8406940027077241,-0.9329980611801147,0.20453952252864838,-0.32007142901420593,0.10362903028726578,-0.01394188217818737,0.057631902396678925,-0.999763548374176,0.8650230000171177
100,36,0,0.14556156604732987,0.33394958803039393,0.2529683323111211,0.11587908806499377,0.9288101344315318,-0.05425532033291945,0.2131365371237243,0.8411919673409554,-0.9333298206329346,0.15125742554664612,-0.2955540418624878,0.10416752845048904,-0.01977113075554371,0.05206356942653656,-0.9999205470085144,1.576661999990847
100,37,0,0.1455586272211718,0.33995992780451123,0.25296999841465934,0.11587946892953338,0.9288101150190191,-0.0604420677702842,0.21470640270659902,0.8417534297917688,-0.9324981570243835,0.09920634329319,-0.26423677802085876,0.1043044775724411,-0.0257957112044096,0.04658025875687599,-0.9999715089797974,0.9331449999763208
100,38,0,0.14555569177390218,0.34644584012655416,0.25297166217210976,0.1158798499828869,0.9288099939842921,-0.0672547686829629,0.2158335570233971,0.8422709301363676,-0.9315579533576965,0.05740177631378174,-0.2366631031036377,0.10538361221551895,-0.030786441639065742,0.04240208491683006,-0.9999875426292419,0.9173149999810448
100,39,0,0.14555275983611266,0.353351409764028,0.2529733235616337,0.11588023113260669,0.928809782020016,-0.07461756265833004,0.2165479533158995,0.8427432974962935,-0.9305490255355835,0.024057932198047638,-0.21319371461868286,0.10596112906932831,-0.0348549522459507,0.038561414927244186,-0.9999935030937195,0.7197240000209604
100,40,0,0.145549831534253,0.3605104519352517,0.25297498255773315,0.11588061229538703,0.9288094887047069,-0.08235647150836872,0.2168643549484911,0.8432356282784944,-0.9296897649765015,-0.006138497032225132,-0.1916550099849701,0.10720929503440857,-0.03834759443998337,0.03492377698421478,-0.9999963641166687,0.9139659999846117
100,41,0,0.1455469069811419,0.36787314149627676,0.2529766391370508,0.11588099339766825,0.9288091226225886,-0.09041574242146866,0.21679130277769534,0.8437830678938465,-0.9288821816444397,-0.035820163786411285,-0.16787183284759521,0.10823946446180344,-0.041832827031612396,0.03184057027101517,-0.9999979734420776,0.8428350000144746
100,42,0,0.1455439863076935,0.3755785884892392,0.25297829326235816,0.11588137436893207,0.9288086914605208,-0.09892638377518834,0.21629710066606322,0.8443157549339149,-0.9284266829490662,-0.06771142035722733,-0.1436215490102768,0.10904663801193237,-0.04514198377728462,0.029006261378526688,-0.9999988675117493,0.8617449999519522
100,43,0,0.14554106961154947,0.3836424115771551,0.25297994491014636,0.1158817551500329,0.9288082021146692,-0.1079080974363,0.21534922600097822,0.8448585559295829,-0.9280892610549927,-0.09992697089910507,-0.1163349449634552,0.10993146896362305,-0.04869481921195984,0.026177017018198967,-0.9999994039535522,0.7079650000036963
100,44,0,0.1455381569925046,0.39222785398403337,0.25298159405255405,0.11588213568636672,0.9288076607649082,-0.1175184994154152,0.21390848792658979,0.8453618433285501,-0.9277166128158569,-0.13409768044948578,-0.08572297543287277,0.11073904484510422,-0.052054792642593384,0.02463328093290329,-0.9999997019767761,1.1748980000447773
100,45,0,0.14553524854278266,0.4012593479509773,0.2529832406627968,0.11588251592883952,0.9288070729518187,-0.12769407384337755,0.2119334299377815,0.8459332625141568,-0.9268243312835693,-0.16911230981349945,-0.04875759407877922,0.11211559176445007,-0.056218471378088,0.02323341555893421,-0.9999998211860657,1.0706519999530428
100,46,0,0.14553234434706097,0.4088195171199015,0.25298488471557967,0.11588289583338113,0.9288064436434744,-0.13622352594660195,0.21010478844666858,0.8465115738134652,-0.9254663586616516,-0.20578184723854065,-0.004396344069391489,0.11488278210163116,-0.061353906989097595,0.02278243936598301,-0.9999999403953552,0.8149970000204121
100,47,0,0.14552944448284388,0.4150674765520375,0.2529865261872024,0.11588327536043418,0.9288057772950206,-0.14343767465801455,0.20884757431092743,0.8482669531407618,-0.9235133528709412,-0.21896712481975555,0.01329585537314415,0.11672250926494598,-0.06473589688539505,0.020171495154500008,-0.9999999403953552,0.855397999998786
100,48,0,0.1455265490207937,0.4213367221314434,0.2529881650556515,0.11588365447450767,0.9288050779019725,-0.15086581988729353,0.20725944023127385,0.8508495903497404,-0.920262336730957,-0.21213796734809875,0.008983717299997807,0.11759480834007263,-0.06590829789638519,0.016840780153870583,-0.9999999403953552,1.0121280000134902
100,49,0,0.14552365802508685,0.42761080924949274,0.25298980130064497,0.11588403314377588,0.9288043490479033,-0.15830148372157254,0.205448929150239,0.8535141607420521,-0.9167107343673706,-0.2120608240365982,0.01722565107047558,0.11893979460000992,-0.06753713637590408,0.014625191688537598,-0.9999999403953552,0.8124840000505174
100,50,0,0.1455207715537954,0.43382739419308125,0.2529914349036327,0.11588441133971636,0.928803593947124,-0.1656499592792342,0.20349706625771138,0.8562114888171245,-0.9131672382354736,-0.2123045027256012,0.02685372345149517,0.12038667500019073,-0.06905730813741684,0.01261431910097599,-0.9999999403953552,0.9681340000042837
100,51,0,0.14551788965927925,0.4399657252113007,0.2529930658477655,0.1158847890367832,0.9288028154828901,-0.17288627981948604,0.20143362109589114,0.8589599946058522,-0.9092202186584473,-0.21212084591388702,0.03696829825639725,0.12192148715257645,-0.07054988294839859,0.009934467263519764,-0.9999999403953552,1.2088109999695007
100,52,0,0.1455150123885812,0.44602588302280305,0.25299469411783976,0.1158851662121122,0.9288020162416198,-0.18000851474152263,0.19927358378758864,0.8617670905832396,-0.9050666093826294,-0.21160537004470825,0.04716423526406288,0.12336130440235138,-0.07197511196136475,0.007206598296761513,-0.9999999403953552,1.3201620000131697
100,53,0,0.14551213978381317,0.4520144373286159,0.25299631970022773,0.11588554284525468,0.9288011985435407,-0.1870214265436783,0.19702862100982788,0.8646355113741764,-0.900690495967865,-0.2109135389328003,0.05747326463460922,0.12459878623485565,-0.07339109480381012,0.004748029168695211,-0.9999999403953552,5.570154999986698
100,54,0,0.1455092718825321,0.4579342764513923,0.25299794258279645,0.11588591891793752,0.928800364470149,-0.19392492172631706,0.19470554285638914,0.8675531458475948,-0.8963338136672974,-0.21068860590457916,0.0644286721944809,0.12584061920642853,-0.07502652704715729,0.002074767602607608,-0.9999999403953552,1.213570000004438
100,55,0,0.14550640871809734,0.4637888026560547,0.25299956275482277,0.11588629441384661,0.9287995158888162,-0.20071898788531722,0.19230975867462508,0.8704987064216306,-0.8919801115989685,-0.21071408689022064,0.07003597915172577,0.12704750895500183,-0.07669401913881302,-0.0006734187481924891,-0.9999999403953552,1.2527000000090993
100,56,0,0.1455035503200129,0.4695803284311004,0.25300118020690265,0.11588666931843208,0.9287986544748427,-0.20740471569474642,0.18984447842770885,0.8734602560500978,-0.8873981237411499,-0.21068553626537323,0.07570473104715347,0.12811772525310516,-0.07838320732116699,-0.003589374478906393,-0.9999999403953552,1.2221039999644745
100,57,0,0.14550069671424676,0.47531318092975966,0.253002794930863,0.11588704361873241,0.9287977817312281,-0.21398523310717033,0.18731774935403972,0.8764293187704784,-0.882874071598053,-0.20985323190689087,0.08022456616163254,0.1289883852005005,-0.0800897628068924,-0.006137215998023748,-0.9999999403953552,1.6149900000073103
100,58,0,0.14549784792353082,0.48099433585158974,0.25300440691967335,0.11588741730321604,0.9287968990063954,-0.22046669633407973,0.18473715627012371,0.8793967072135037,-0.8784130215644836,-0.2085534632205963,0.08463045954704285,0.12950381636619568,-0.08167597651481628,-0.008355756290256977,-0.9999999403953552,1.1140120000163733
100,59,0,0.14549500396764065,0.4866304942105134,0.253006016167361,0.11588779036163871,0.9287960075100838,-0.22685606702639102,0.18210708083465516,0.882356535314855,-0.8739334344863892,-0.2071717381477356,0.08881594240665436,0.1299479454755783,-0.08318595588207245,-0.010572665371000767,-0.9999999403953552,1.1585920000243277
100,60,0,0.14549216486365468,0.4922308888531016,0.253007622668929,0.11588816278491476,0.9287951083276015,-0.2331632683239689,0.1794337103381353,0.885308603772192,-0.8692696690559387,-0.20568829774856567,0.09369318932294846,0.13042089343070984,-0.0844731405377388,-0.012596196494996548,-0.9999999403953552,1.1012319999963438
100,61,0,0.14548933062619418,0.4978027858939,0.2530092264202781,0.11588853456500156,0.9287942024326071,-0.23939687509898686,0.17672092790727287,0.8882570003759965,-0.8645011782646179,-0.20431563258171082,0.09899267554283142,0.13090991973876953,-0.0856202021241188,-0.0147214001044631,-0.9999999403953552,1.1000769999895965
100,62,0,0.14548650126764262,0.5033454387734692,0.2530108274181344,0.11588890569479525,0.9287932906985747,-0.24555748452611548,0.17396918797321567,0.8912040652532917,-0.8595535755157471,-0.20307479798793793,0.10397215932607651,0.1314772069454193,-0.08683324605226517,-0.017286336049437523,-0.9999999403953552,0.9801720000268688
100,63,0,0.14548367679835073,0.5088611076287795,0.2530124256599796,0.11588927616803647,0.9287923739090794,-0.2516474625444558,0.17119115982313649,0.894155316313597,-0.8543804287910461,-0.20028209686279297,0.10976678878068924,0.13202708959579468,-0.0883479192852974,-0.01889033243060112,-0.9999999403953552,1.0510559999943325
100,64,0,0.14548085722682225,0.5143526068482234,0.25301402114398674,0.11588964597922624,0.9287914527670211,-0.25767015151095585,0.16839593369843553,0.8971154410034247,-0.8489083051681519,-0.19772064685821533,0.1155376210808754,0.13261492550373077,-0.08985635638237,-0.02043253369629383,-0.9999999403953552,0.6785829999671478
100,65,0,0.14547804255988395,0.5198201231039782,0.25301561386896104,0.11589001512354949,0.9287905279029033,-0.2636269896997739,0.16558259859012628,0.9000846450568496,-0.8433166146278381,-0.19545778632164001,0.12110432237386703,0.13320136070251465,-0.09135536849498749,-0.022261986508965492,-0.9999999403953552,0.9205169999972895
100,66,0,0.14547523280284244,0.5252602661161778,0.2530172038342841,0.11589038359680656,0.9287895998822573,-0.2695159124088703,0.16274734747941666,0.9030619003084531,-0.837711751461029,-0.19356076419353485,0.12637655436992645,0.1338302493095398,-0.09303871542215347,-0.024505583569407463,-0.9999999403953552,1.2235260000466042
100,67,0,0.14547242795962645,0.5306729581110237,0.25301879103986274,0.11589075139535157,0.9287886692123066,-0.2753377910174166,0.1598896794995412,0.9060465278721397,-0.8320661783218384,-0.19167062640190125,0.13142435252666473,0.13446174561977386,-0.0947149246931076,-0.026834145188331604,-0.9999999403953552,0.828179000052387
100,68,0,0.14546962803291727,0.5360632658751657,0.2530203754860815,0.11589111851603674,0.9287877363479441,-0.2810984324684448,0.15701125240618594,0.9090378351117151,-0.8262473344802856,-0.189950630068779,0.13630905747413635,0.13503757119178772,-0.0962139219045639,-0.029140891507267952,-0.9999999403953552,0.9559189999777118
100,69,0,0.14546683302426686,0.5414366301856007,0.25302195717375947,0.11589148495616228,0.9287868016970972,-0.28680398578929267,0.15411385189498972,0.9120348920631414,-0.8201866745948792,-0.18854345381259918,0.14077231287956238,0.13573044538497925,-0.09776218235492706,-0.031355153769254684,-0.9999999403953552,1.1190489999535203
100,70,0,0.14546404293420606,0.5467999991195465,0.25302353610411016,0.11589185071343139,0.9287858656255427,-0.2924621473286077,0.1511990996082236,0.9150379064112464,-0.8141171932220459,-0.1874435991048813,0.14523237943649292,0.13652224838733673,-0.09935811161994934,-0.03339767083525658,-0.9999999403953552,0.9733989999745063
100,71,0,0.14546125776234162,0.5521605454663627,0.2530251122787056,0.11589221578590975,0.9287849284612252,-0.2980809491440662,0.14826624774830763,0.9180471872048468,-0.8079499006271362,-0.18680456280708313,0.1493493765592575,0.13732165098190308,-0.10089674592018127,-0.03551793098449707,-0.9999999403953552,0.9028239999793186
100,72,0,0.14545847750744684,0.5575261041351843,0.253026685699442,0.11589258017198892,0.9287839904981348,-0.3036692037482124,0.14531055692610684,0.9210621961512511,-0.8017660975456238,-0.18722540140151978,0.15312209725379944,0.1381177455186844,-0.10238705575466156,-0.03769221901893616,-0.9999999403953552,1.1969259999773385
100,73,0,0.14545570216754136,0.5629094231207539,0.25302825636850945,0.11589294387035345,0.9287830519997868,-0.3092404687036871,0.1423280302081883,0.9240835143482944,-0.7957581281661987,-0.18840521574020386,0.1565566509962082,0.13897816836833954,-0.10384949296712875,-0.03970295563340187,-0.9999999403953552,1.2503070000207117
100,74,0,0.14545293173996532,0.5683258409826423,0.25302982428836424,0.11589330687995134,0.9287821132023444,-0.3148105757919391,0.13931893905970935,0.9271143835337889,-0.7896584868431091,-0.18974895775318146,0.1602853685617447,0.13985715806484222,-0.10523226857185364,-0.0415358804166317,-0.9999999403953552,2.241561999994701
100,75,0,0.14545016622144558,0.5737917370219371,0.25303138946170284,0.11589366919996741,0.9287811743174185,-0.3203963789209116,0.13628100575733343,0.9301626338655478,-0.7837808728218079,-0.1920844316482544,0.16475267708301544,0.14081139862537384,-0.10669895261526108,-0.04326444864273071,-0.9999999403953552,1.1434510000185583
100,76,0,0.14544740560815672,0.5793229821520787,0.253032951891439,0.11589403082979925,0.9287802355345858,-0.32601407226995033,0.1332083468073989,0.9332384775249823,-0.7778917551040649,-0.1954163908958435,0.16948586702346802,0.14179103076457977,-0.10822046548128128,-0.0451338030397892,-0.9999999403953552,0.8746130000076846
100,77,0,0.14544464989577544,0.5849353006326331,0.25303451158068235,0.11589439176903565,0.9287792970236459,-0.331679362368579,0.13009411118619696,0.9363529028960205,-0.7721169590950012,-0.19996564090251923,0.1746501326560974,0.1428055763244629,-0.10988225042819977,-0.04715433344244957,-0.9999999403953552,0.9197740000104204
100,78,0,0.14544189907952992,0.5906484444668317,0.2530360685327194,0.11589475201743718,0.928778358936646,-0.3374116113447172,0.12692834931518782,0.9395199607311291,-0.7665083408355713,-0.2063417285680771,0.1805422157049179,0.14385811984539032,-0.11169445514678955,-0.04926716163754463,-0.9999999403953552,0.9102330000132497
100,79,0,0.1454391531542457,0.5964893734822184,0.25303762275099567,0.11589511157491877,0.9287774214097003,-0.3432368466776144,0.12369486972384115,0.9427593224842066,-0.7612718939781189,-0.2154308408498764,0.1877398043870926,0.14496180415153503,-0.11375053226947784,-0.05133010819554329,-0.9999999403953552,1.4085999999906562
100,80,0,0.1454364121143854,0.5980821229697929,0.2530391742390999,0.11589547044153387,0.9287764845646223,-0.3447901550002663,0.12054326126688428,0.9455310946080666,-0.756294846534729,-0.22689391672611237,0.19615966081619263,0.1460159569978714,-0.11593393236398697,-0.053683508187532425,-1.0,0.916443999983585
100,81,0,0.14543367595408624,0.5983435199216548,0.2530407230007495,0.11589582861746028,0.9287755485103896,-0.3449789424740751,0.11783072612562133,0.9483639049817069,-0.7611340284347534,-0.2646643817424774,0.2187717705965042,0.14608736336231232,-0.11888094246387482,-0.05563846975564957,-1.0,0.7082120000063696
100,82,0,0.14543094465956583,0.5984391178646185,0.253042269043415,0.11589618610456202,0.9287746133463065,-0.34496694924171456,0.11466931536587224,0.9514207482214141,-0.768822431564331,-0.30829182267189026,0.24465620517730713,0.14632247388362885,-0.12173104286193848,-0.0563502199947834,-1.0,1.1171799999942778
100,83,0,0.14542821821945698,0.5988633635912408,0.25304381237343454,0.11589654290450144,0.9287736791603745,-0.34523029321655074,0.11079117710303618,0.9548381774741937,-0.7784407734870911,-0.35720109939575195,0.2742856442928314,0.1467418372631073,-0.12383031845092773,-0.056185994297266006,-1.0,0.9308410000130607
100,84,0,0.14542549663846757,0.5995547198361181,0.2530453529897744,0.11589689901579953,0.9287727460273008,-0.345683980109075,0.10615680190956835,0.9586755598269125,-0.7888479232788086,-0.4111700654029846,0.3091205060482025,0.14709290862083435,-0.1257980912923813,-0.05530580133199692,-1.0,0.8870279999655395
100,85,0,0.14542277991737548,0.6005858742668044,0.25304689089230364,0.11589725443688734,0.9287718140142999,-0.3463734801231889,0.10084572978598537,0.9630072165408406,-0.7997454404830933,-0.46583202481269836,0.34818390011787415,0.1478230506181717,-0.12685203552246094,-0.05149699002504349,-1.0,0.7088699999826531
100,86,0,0.14542006803591848,0.6020306380642636,0.2530484260911662,0.1158976091710896,0.9287708831864778,-0.34734033556070126,0.09481902365430281,0.9678850402502945,-0.8111778497695923,-0.5226896405220032,0.3924217224121094,0.147608682513237,-0.1275721937417984,-0.04793151840567589,-1.0,0.8928739999873869
100,87,0,0.14541736100516373,0.6044224937717875,0.25304995858297186,0.1158979632153724,0.928769953595561,-0.3490721781735953,0.08782866405770375,0.9733524372613407,-0.8236368298530579,-0.5819621086120605,0.4378550946712494,0.1476389765739441,-0.1296723335981369,-0.044785160571336746,-1.0,0.8104819999630308
100,88,0,0.1454146587973731,0.6078197058019392,0.25305148838022373,0.11589831657440897,0.9287690252950971,-0.35158718859602234,0.07990628710967354,0.9793796850475677,-0.8366843461990356,-0.6413955092430115,0.4730590283870697,0.14708717167377472,-0.13361229002475739,-0.041199393570423126,-1.0,0.8460020000029544
100,89,0,0.14541196141294288,0.6112865576569755,0.25305301548543724,0.11589866924854902,0.9287680983279587,-0.3539147966926476,0.07100873548616558,0.9857437457457181,-0.8500005602836609,-0.6955528855323792,0.4961020350456238,0.14555436372756958,-0.1377556324005127,-0.033121850341558456,-1.0,0.8142440000256101
100,90,0,0.1454092688588031,0.6168411591889773,0.25305453989461146,0.11589902123365675,0.9287671727294803,-0.35806262126828325,0.06148544114965054,0.9925479951155809,-0.8638622760772705,-0.74491947889328,0.5168547630310059,0.14868304133415222,-0.14533819258213043,-0.02687695063650608,-1.0,0.751188999970509
100,91,0,0.14540658111455126,0.6240483221716685,0.2530560616186519,0.11589937253389646,0.9287662485377345,-0.3635870313627415,0.05136608387786404,0.999639790419401,-0.8742620944976807,-0.7837891578674316,0.5267406702041626,0.15235529839992523,-0.15476574003696442,-0.01819085329771042,-1.0,1.0194939999905728
100,92,0,0.14540389817119173,0.631972632393283,0.25305758066337547,0.11589972315113618,0.928765325784244,-0.3695316462424269,0.04048506359443657,1.0067697600099847,-0.883826732635498,-0.816383421421051,0.5335932374000549,0.15639397501945496,-0.16137580573558807,-0.005863506346940994,-1.0,0.9810789999846747
100,93,0,0.14540122001946784,0.6422230779766318,0.2530590970328869,0.1159000730862254,0.9287644044961342,-0.37761376591823714,0.02968274221504033,1.014021625188931,-0.8922625780105591,-0.8457120656967163,0.5398247241973877,0.1585569977760315,-0.1695365160703659,0.011428995057940483,-1.0,0.9746619999759787
100,94,0,0.14539854665603788,0.6545100696505346,0.25306061072964553,0.11590042233888256,0.9287634846966226,-0.3876045315938467,0.01909191284189804,1.021282235091012,-0.8990984559059143,-0.8703083992004395,0.5508702397346497,0.16052977740764618,-0.1756037473678589,0.025112932547926903,-1.0,0.7322179999960099
100,95,0,0.14539587807260412,0.6684461447369153,0.25306212175944004,0.11590077091072314,0.9287625664076037,-0.39920148114397963,0.008990169411013903,1.028474972998086,-0.9043095707893372,-0.890528678894043,0.5614418387413025,0.16411960124969482,-0.18154552578926086,0.037173666059970856,-1.0,0.8466350000162493
100,96,0,0.14539321425677,0.6824286955112412,0.2530636301277418,0.11590111880335098,0.9287616496483032,-0.4106415778034047,-0.0019280565024711316,1.035159990185164,-0.9093281626701355,-0.907981812953949,0.5693225264549255,0.1664741337299347,-0.18544122576713562,0.046925581991672516,-1.0,0.8839329999545953
100,97,0,0.14539055520222263,0.696324553048306,0.25306513583864154,0.11590146601765014,0.9287607344349689,-0.4218643258805643,-0.013552009933501627,1.0409208986890868,-0.9185881018638611,-0.9197959303855896,0.5682509541511536,0.16367946565151215,-0.18787898123264313,0.054014623165130615,-1.0,0.8492270000033386
100,98,0,0.1453879009042355,0.7015877161182433,0.25306663889530806,0.11590181255348166,0.928759820781504,-0.42484671329428214,-0.023627614760579084,1.043609066510397,-0.927632212638855,-0.9281593561172485,0.5592721104621887,0.16351433098316193,-0.18792417645454407,0.06372139602899551,-1.0,0.7981539999946108
100,99,0,0.14538525135055091,0.7051339402664272,0.2530681393041725,0.11590215841321419,0.9287589087013134,-0.4265679435217606,-0.03234542344669942,1.0442202576860138,-0.9327664971351624,-0.9265505075454712,0.5642964839935303,0.1605118066072464,-0.1766979992389679,0.1091657504439354,-1.0,0.8987900000079208
100,100,0,0.14538260653324786,0.7096231347569985,0.2530696370696873,0.11590250359792482,0.9287579982052865,-0.4289316611118038,-0.04178056324860644,1.0452709721222813,-0.9326193332672119,-0.9172434210777283,0.5870451927185059,0.15538904070854187,-0.16185052692890167,0.1567169725894928,-1.0,1.0614020000048185
100,101,0,0.14537996644414247,0.7145229456560779,0.25307113219645183,0.1159028481087256,0.9287570893028846,-0.43139873592195066,-0.051597762382713165,1.0470262103447288,-0.9314806461334229,-0.9052550196647644,0.6143534779548645,0.14779889583587646,-0.14268912374973297,0.1950335055589676,-1.0,0.8004570000252897
100,102,0,0.1453773310749656,0.7198728160747556,0.2530726246891101,0.11590319194674938,0.9287561820022633,-0.43406133785889933,-0.0615028509326446,1.0495489168266074,-0.9304422736167908,-0.8891627192497253,0.6443468332290649,0.13793958723545074,-0.12291441857814789,0.23051775991916656,-1.0,1.2718400000153451
100,103,0,0.14537470041742143,0.7256817113006543,0.25307411455231665,0.11590353511314014,0.928755276310399,-0.4369032666146152,-0.07156382501372442,1.052856640047197,-0.9282252192497253,-0.8674609065055847,0.6750463843345642,0.1260393112897873,-0.09993154555559158,0.26834964752197266,-1.0,1.0001310000120611
100,104,0,0.14537207446320002,0.7243249406125672,0.25307560179072963,0.11590387760905033,0.9287543722332078,-0.43285980917016437,-0.07689317180915684,1.0590176798794593,-0.9265913963317871,-0.8443398475646973,0.7054581046104431,0.11750911921262741,-0.07982099801301956,0.30023130774497986,-1.0,1.0198570000170548
100,105,0,0.14536945320398156,0.7178062678803845,0.2530770864090088,0.11590421943563949,0.9287534697756543,-0.42477759814325555,-0.07532280054288058,1.0672853854812094,-0.9256620407104492,-0.8156818151473999,0.7210968732833862,0.11236941814422607,-0.05346672236919403,0.33096978068351746,-1.0,0.7315080000012131
100,106,0,0.1453668366314401,0.7176028616673384,0.25307856841181375,0.11590456059407332,0.9287525689418517,-0.42213870443636775,-0.07674691998083769,1.07680968141171,-0.9280666708946228,-0.7997580766677856,0.7141532897949219,0.1080278530716896,-0.03942544013261795,0.3432272672653198,-1.0,1.0765449999894372
100,107,0,0.1453642247372453,0.7211838623277388,0.2530800478038035,0.11590490108552272,0.9287516697351472,-0.42251285415290796,-0.0791350190591464,1.0888760703042837,-0.931445837020874,-0.7943047881126404,0.705316424369812,0.10695049166679382,-0.03568629175424576,0.35014110803604126,-1.0,0.9387710000510197
100,108,0,0.14536161751306564,0.7275618035247651,0.2530815245896349,0.11590524091116292,0.9287507721582036,-0.4249708785720575,-0.08222500065038228,1.102921733841334,-0.9375584125518799,-0.8005962371826172,0.694390058517456,0.10743321478366852,-0.04014277458190918,0.3482838273048401,-1.0,0.975598000025002
100,109,0,0.14535901495056983,0.7345147738927503,0.2530829987739621,0.11590558007217279,0.9287498762130693,-0.42751919757277534,-0.08829695539946483,1.1147443059728603,-0.9457863569259644,-0.8153501749038696,0.6787864565849304,0.1087978184223175,-0.050496455281972885,0.33872801065444946,-1.0,1.0617529999876751
100,110,0,0.14535641704142924,0.7388673696119714,0.25308447036143555,0.11590591856973427,0.9287489819012416,-0.42898794973587023,-0.09703813644428977,1.1167836410843357,-0.9521068930625916,-0.8268940448760986,0.6626093983650208,0.1103871688246727,-0.05525653064250946,0.3380447328090668,-1.0,0.8168389999809733
100,111,0,0.14535382377731898,0.7440287607172184,0.25308593935670154,0.11590625640503165,0.9287480892237253,-0.43214186954390676,-0.1033146763792051,1.1184421305452186,-0.9531311392784119,-0.8216827511787415,0.6676137447357178,0.11210574954748154,-0.052946917712688446,0.3444426655769348,-1.0,0.8091550000131065
100,112,0,0.14535123514991982,0.7498920432011159,0.2530874057644014,0.11590659357925108,0.9287471981810828,-0.4359725867770633,-0.10969362533301182,1.1201602185371704,-0.9554336667060852,-0.8225671052932739,0.6645642518997192,0.11472180485725403,-0.05237724632024765,0.35040780901908875,-1.0,1.022990999956619
100,113,0,0.14534865115091955,0.7563896602942738,0.25308886958917104,0.11590693009358015,0.9287463087734801,-0.4403820525759905,-0.1165057444426102,1.1216394061782915,-0.9578333497047424,-0.824015200138092,0.6600266695022583,0.11776158213615417,-0.05164988711476326,0.3579276502132416,-1.0,0.8524340000235497
100,114,0,0.14534607177201453,0.7607784401396823,0.25309033083564,0.11590726594920735,0.9287454210007297,-0.44299043313840947,-0.12164423538999343,1.1232311254063843,-0.9594032168388367,-0.8234809637069702,0.6556984186172485,0.12064985185861588,-0.049546364694833755,0.36517995595932007,-1.0,0.985455999966689
100,115,0,0.14534349700490998,0.7641365390763396,0.25309178950843153,0.1159076011473218,0.9287445348623259,-0.4450438165928173,-0.12527961874943416,1.1245506910568697,-0.9603492617607117,-0.8144437074661255,0.6466079354286194,0.12180077284574509,-0.043014708906412125,0.3751080334186554,-1.0,0.9620250000352826
100,116,0,0.1453409268413215,0.7683037211528447,0.2530932456121622,0.11590793568911292,0.9287436503574794,-0.4479565359630676,-0.12902758307554638,1.125787816315566,-0.9589786529541016,-0.7946321964263916,0.6446505188941956,0.12051732838153839,-0.031790025532245636,0.38645967841148376,-1.0,0.8269269999914286
100,117,0,0.14533836127297625,0.7727637614340456,0.2530946991514408,0.11590826957576986,0.9287427674851478,-0.45105419443193884,-0.1328995746556169,1.12731976338328,-0.9560818672180176,-0.7774794697761536,0.6455768346786499,0.11858530342578888,-0.01753944531083107,0.4023045599460602,-1.0,1.0600040000099398
100,118,0,0.14533580029161303,0.7757566069401489,0.2530961501308689,0.1159086028084816,0.9287418862440602,-0.4517123672461443,-0.13632332466628752,1.132266631192855,-0.9517682790756226,-0.7587124705314636,0.6541850566864014,0.11614620685577393,-0.0033780077937990427,0.41726604104042053,-1.0,0.9354649999977482
100,119,0,0.145333243888983,0.7800906600648564,0.2530975985550402,0.11590893538843651,0.9287410066327435,-0.45320425035291045,-0.1420636198680369,1.1364169486291131,-0.9498907923698425,-0.7469545006752014,0.6571136116981506,0.11506964266300201,0.005270700436085463,0.42372092604637146,-1.0,1.0598650000019916
100,120,0,0.14533069205685184,0.7829127930343007,0.25309904442853975,0.11590926731682202,0.928740128649543,-0.45446976283450385,-0.1455150127345082,1.1383973972685142,-0.9474983215332031,-0.7435996532440186,0.6693469285964966,0.11580953747034073,0.009553339332342148,0.43070706725120544,-1.0,1.0834059999638157
100,121,0,0.14532814478699804,0.7857647425717772,0.25310048775594457,0.11590959859482472,0.9287392522926423,-0.45633926146874154,-0.1478535359558869,1.1398091026760855,-0.9449107646942139,-0.7398834824562073,0.6788405776023865,0.11589626222848892,0.013738809153437614,0.4374925196170807,-1.0,1.0622080000075584
100,122,0,0.14532560207121437,0.7888626423993766,0.2531019285418233,0.11590992922362985,0.9287383775600798,-0.4577669433274309,-0.1509200954105488,1.1426810183177938,-0.9406633973121643,-0.7329893708229065,0.6888877153396606,0.11430344730615616,0.020359642803668976,0.44772785902023315,-1.0,0.975348999986636
100,123,0,0.1453230639013099,0.7911930559930282,0.2531033667907349,0.1159102592044213,0.9287375044497658,-0.45886637492596577,-0.15301612421052768,1.1449876814087627,-0.9363685250282288,-0.726824164390564,0.6999001502990723,0.11318880319595337,0.026742851361632347,0.45705074071884155,-1.0,1.1422989999800848
100,124,0,0.1453205302691079,0.7933466426647128,0.25310480250723,0.11591058853838153,0.9287366329594958,-0.4598732479097451,-0.15505070834443838,1.1470052075243218,-0.9330247044563293,-0.723102331161499,0.7093778848648071,0.11278309673070908,0.03082706220448017,0.4640244245529175,-1.0,1.113578999991205
100,125,0,0.14531800116644755,0.7954339180906401,0.25310623569584983,0.11591091722669132,0.9287357630869632,-0.4607866985646532,-0.15702192413971275,1.1491437043359518,-0.9285477995872498,-0.7185437679290771,0.7204073667526245,0.11193642765283585,0.03558407351374626,0.47220706939697266,-1.0,1.0836390000008578
100,126,0,0.1453154765851836,0.7974561127609342,0.2531076663611267,0.1159112452705297,0.9287348948297692,-0.4616210703117347,-0.1589189796225896,1.1513723405548602,-0.9244579672813416,-0.7143799066543579,0.7312251329421997,0.11109749972820282,0.039764221757650375,0.47983258962631226,-1.0,1.1205580000250848
100,127,0,0.1453129565171877,0.7994136608102972,0.25310909450758307,0.11591157267107392,0.9287340281854363,-0.4623817536024667,-0.16073996456811826,1.1536761858706386,-0.9204015731811523,-0.7103511095046997,0.7414998412132263,0.11063626408576965,0.044082775712013245,0.4870123267173767,-1.0,0.9745080000129747
100,128,0,0.14531044095434775,0.8013022442779995,0.2531105201397322,0.11591189942949917,0.9287331631514142,-0.4630689513628479,-0.1624789579894254,1.1560452433161068,-0.9161065816879272,-0.7071606516838074,0.7510495781898499,0.11017053574323654,0.047984011471271515,0.49353259801864624,-1.0,1.0993630000371013
100,129,0,0.14530792988856828,0.8031184955428556,0.2531119432620776,0.11591222554697869,0.9287322997250893,-0.46368216277353913,-0.16413175454605605,1.15847323349457,-0.9118114709854126,-0.7048425078392029,0.7600346803665161,0.10978277772665024,0.05128319188952446,0.499402791261673,-1.0,1.1133410000070398
100,130,0,0.14530542331177107,0.8048601900835477,0.25311336387911315,0.1159125510246836,0.9287314379037924,-0.46422165880345634,-0.16569532827189204,1.160954161021939,-0.9070900678634644,-0.7026731371879578,0.7689719796180725,0.10942236334085464,0.054549332708120346,0.5047126412391663,-1.0,0.7725000000391447
100,131,0,0.14530292121589455,0.8065260069822565,0.25311478199532306,0.11591287586378296,0.9287305776848043,-0.4646891642359387,-0.1671671475491537,1.163480221045773,-0.9018415808677673,-0.7004217505455017,0.7773789763450623,0.10913263261318207,0.0576929934322834,0.508939266204834,-1.0,1.0485109999649467
100,132,0,0.14530042359289466,0.8081152721100314,0.2531161976151817,0.11591320006544348,0.928729719065362,-0.4650867881950521,-0.1685455611283171,1.166043809188233,-0.8965529203414917,-0.6986067295074463,0.7852276563644409,0.10899223387241364,0.06041019409894943,0.5128670334815979,-1.0,1.153157999965515
100,133,0,0.14529793043474482,0.8096245758875213,0.25311761074315375,0.11591352363082957,0.9287288620426652,-0.4654138877089393,-0.1698278477853801,1.1686378203464816,-0.8901563882827759,-0.6979899406433105,0.7925735116004944,0.10901855677366257,0.06298445910215378,0.5169738531112671,-1.0,1.0126689999765404
100,134,0,0.1452954417334356,0.8110473300601616,0.2531190213836938,0.11591384656110351,0.9287280066138791,-0.46566670078837885,-0.17101005313112141,1.1712553926648048,-0.8832446932792664,-0.6971956491470337,0.7990835309028625,0.10878949612379074,0.06544646620750427,0.5215664505958557,-1.0,0.8099199999946904
100,135,0,0.14529295748097526,0.8123774374677576,0.2531204295412467,0.11591416885742507,0.9287271527761402,-0.46584213069707525,-0.17208878540822328,1.17388880601028,-0.8758445382118225,-0.6964799165725708,0.8051643967628479,0.10872286558151245,0.06789934635162354,0.5258799195289612,-1.0,0.8574009999620102
100,136,0,0.1452904776693901,0.8136112198792244,0.2531218352202471,0.11591449052095164,0.9287263005265592,-0.4659410800365791,-0.17306156129006217,1.1765257809445622,-0.8682779669761658,-0.6960623264312744,0.8104870319366455,0.10906841605901718,0.07068579643964767,0.52979576587677,-1.0,0.7717440000192255
100,137,0,0.14528800229072356,0.814749450629146,0.2531232384251201,0.11591481155283828,0.9287254498622255,-0.46596633049212394,-0.17393200567722517,1.1791564417871658,-0.8606610298156738,-0.6956305503845215,0.8153969645500183,0.10946142673492432,0.07326546311378479,0.5335102677345276,-1.0,0.8408070000314183
100,138,0,0.14528553133703706,0.815791754020187,0.2531246391602805,0.11591513195423758,0.928724600780209,-0.4659195035068283,-0.17470115593148586,1.181773766040595,-0.8531099557876587,-0.6945140957832336,0.820296049118042,0.10982950031757355,0.07554854452610016,0.5369536280632019,-1.0,0.7802669999819045
100,139,0,0.14528306480040987,0.816730946644453,0.25312603743013323,0.11591545172629966,0.9287237532775633,-0.46579849967884857,-0.17536269231092516,1.18436802165769,-0.8455544114112854,-0.693307638168335,0.8256373405456543,0.1102285087108612,0.07800225168466568,0.5401811599731445,-1.0,0.9574100000122598
100,140,0,0.14528060267293916,0.8175724682272042,0.2531274332390732,0.1159157708701721,0.9287229073513287,-0.46560878836055875,-0.17592294566408023,1.1869343480263068,-0.8377930521965027,-0.6921161413192749,0.8309258222579956,0.11072560399770737,0.08033323287963867,0.5429489612579346,-1.0,0.7719860000179324
100,141,0,0.1452781449467401,0.818322603359093,0.2531288265914853,0.11591608938700003,0.9287220629985339,-0.46535415684605286,-0.176394371611306,1.189468453328401,-0.8300571441650391,-0.69094318151474,0.8358559012413025,0.11123403161764145,0.08251316100358963,0.545441210269928,-1.0,1.1627659999930984
100,142,0,0.14527569161394577,0.81898614961792,0.25313021749174414,0.115916407277926,0.9287212202161983,-0.46503907004549844,-0.17678178339005263,1.191968170595357,-0.8223763108253479,-0.6897760033607483,0.840525209903717,0.111809141933918,0.08451918512582779,0.5478221774101257,-1.0,0.7583330000215938
100,143,0,0.14527324266670683,0.8195846675025898,0.25313160594421474,0.11591672454409013,0.9287203790013333,-0.4646685045766463,-0.17712501449128204,1.1944431061525784,-0.814799427986145,-0.6884374022483826,0.8450808525085449,0.11246281117200851,0.0863877385854721,0.5499534606933594,-1.0,0.8313449999945988
100,144,0,0.14527079809719223,0.8201002392348191,0.25313299195325184,0.1159170411866299,0.9287195393509444,-0.46424172601488833,-0.1773934121838803,1.1968741484046106,-0.8078610897064209,-0.6870923638343811,0.8492287397384644,0.11315318197011948,0.08804737031459808,0.5520338416099548,-1.0,0.8813460000283158
100,145,0,0.14526835789758832,0.8205562201101279,0.2531343755232005,0.1159173572066803,0.9287187012620326,-0.46377238235971324,-0.17761304781040865,1.1992683495592233,-0.801234245300293,-0.6859294176101685,0.8528931140899658,0.11387768387794495,0.08944161981344223,0.5536758899688721,-1.0,1.00960299999997
100,146,0,0.1452659220601,0.8209434189365645,0.25313575665839544,0.11591767260537371,0.9287178647315957,-0.46325811214764007,-0.17777542684449266,1.2016139716439282,-0.7946506142616272,-0.6846712827682495,0.8563233017921448,0.11459287256002426,0.09081405401229858,0.5551341772079468,-1.0,0.9946440000021539
100,147,0,0.14526349057694976,0.821259570984239,0.2531371353631614,0.11591798738383999,0.9287170297566284,-0.46270131986696805,-0.17787344524330878,1.2039063883115073,-0.7881160974502563,-0.6838521361351013,0.8593814373016357,0.11528638005256653,0.09215161949396133,0.5567052364349365,-1.0,0.8534970000368958
100,148,0,0.14526106344037826,0.8215085057484774,0.2531385116418132,0.11591830154320637,0.928716196334125,-0.4621096022247119,-0.1779013554643416,1.206144330782384,-0.7815883159637451,-0.6839764714241028,0.8621295690536499,0.11592096835374832,0.09349573403596878,0.5585715770721436,-1.0,0.8641520000196579
100,149,0,0.1452586406426433,0.821682143953961,0.2531398854986561,0.11591861508459757,0.9287153644610797,-0.4614698493475274,-0.1778650105519922,1.2083323415273253,-0.7752580642700195,-0.6840959191322327,0.8646643757820129,0.1165679544210434,0.09474755078554153,0.5601946115493774,-1.0,0.7629159999851254
100,150,0,0.14525622217602174,0.8217588888235852,0.25314125693798467,0.11591892800913561,0.9287145341344866,-0.46075737436423597,-0.17776229905974592,1.2104728569089975,-0.7694805264472961,-0.6843622326850891,0.8667632341384888,0.11724454909563065,0.09579035639762878,0.5617311000823975,-1.0,0.9528509999654489
100,151,0,0.14525380803280724,0.8217168501706393,0.25314262596408404,0.11591924031794018,0.9287137053513417,-0.4599583875599961,-0.17757037199425574,1.212561153516943,-0.7641515135765076,-0.6847929954528809,0.8686946034431458,0.11794071644544601,0.09664952754974365,0.5629339218139648,-1.0,0.970702000017809
100,152,0,0.14525139820531197,0.8215562100423406,0.2531439925812292,0.1159195520121281,0.9287128781086424,-0.45907778422599926,-0.17728651335466222,1.214588638068829,-0.7594810724258423,-0.685282826423645,0.8704327940940857,0.11872255057096481,0.09735799580812454,0.5634357929229736,-1.0,0.8400060000326448
100,153,0,0.14524899268586478,0.8212830380857555,0.25314535679368577,0.11591986309281385,0.9287120524033893,-0.45812333042137415,-0.17691679148750053,1.2165477294292635,-0.7555598616600037,-0.6858328580856323,0.8717682361602783,0.1196158155798912,0.09766102582216263,0.5632387399673462,-1.0,1.0416329999998197
100,154,0,0.1452465914668138,0.8209007094781633,0.25314671860570875,0.11592017356110915,0.9287112282325858,-0.4570979260280436,-0.17646893246577455,1.2184337338610345,-0.7525680661201477,-0.6864784359931946,0.8727978467941284,0.12052784115076065,0.09765079617500305,0.5624535083770752,-1.0,1.0477910000190604
100,155,0,0.14524419454052406,0.8204017668321562,0.25314807802154354,0.11592048341812328,0.9287104055932384,-0.4559819464798291,-0.17596542500885493,1.220251627093327,-0.7504065036773682,-0.6870285868644714,0.8735004663467407,0.121392622590065,0.09737817198038101,0.5611698627471924,-1.0,0.8701529999939339
100,156,0,0.14524180189937796,0.8198037419008164,0.25314943504542603,0.11592079266496294,0.9287095844823583,-0.4547993596633968,-0.1754029361578737,1.2219964139337742,-0.7491085529327393,-0.6877142786979675,0.873900830745697,0.12230945378541946,0.09676040709018707,0.5593628883361816,-1.0,0.9718420000126571
100,157,0,0.14523941353577616,0.8192520710370285,0.253150789681582,0.11592110130273212,0.9287087648969605,-0.45361932786150866,-0.17494999719887797,1.22374090027047,-0.749113142490387,-0.6885848045349121,0.8740370273590088,0.12323950976133347,0.09581451863050461,0.5569722652435303,-1.0,0.9309839999787073
100,158,0,0.1452370294425036,0.819111529954408,0.25315214193413044,0.1159214093323475,0.9287079468340348,-0.4527532138211762,-0.1747333877656148,1.2256273233391177,-0.7497035264968872,-0.6895073652267456,0.8741700649261475,0.12417811155319214,0.09467306733131409,0.5546067357063293,-1.0,0.838298000019222
100,159,0,0.14523464961191757,0.8192200133377137,0.2531534918073689,0.11592171675479132,0.9287071302906384,-0.4520738493880483,-0.1746799472114707,1.2275825230273543,-0.751533031463623,-0.6909759640693665,0.8741437196731567,0.12522324919700623,0.09288749098777771,0.5519981980323792,-1.0,1.059103999978106
100,160,0,0.14523227403748176,0.8195707525586907,0.25315483930531224,0.11592202357049007,0.9287063152637719,-0.45161165739607917,-0.17479402238341968,1.2295128713788117,-0.7545598149299622,-0.6929354667663574,0.8736991882324219,0.12630081176757812,0.09061287343502045,0.5490587949752808,-1.0,0.9003239999856305
100,161,0,0.14522990270933622,0.8214192849213514,0.2531561844328735,0.11592232978166599,0.9287055017506811,-0.4524635282128817,-0.17542053565690177,1.2319377518898618,-0.7584385275840759,-0.6951242685317993,0.8728789687156677,0.12740620970726013,0.08830313384532928,0.546051561832428,-1.0,0.9681679999857806
100,162,0,0.1452275356197833,0.8266446377379132,0.25315752719393464,0.11592263539015138,0.9287046897482943,-0.45625185262055684,-0.17679542918478652,1.2359437230815717,-0.7653793692588806,-0.698784589767456,0.8715012073516846,0.1288192719221115,0.08447826653718948,0.54215407371521,-1.0,0.8167949999915436
100,163,0,0.1452251727623379,0.8334182936389459,0.25315886759223416,0.11592294039659454,0.9287038792535275,-0.4604964732840213,-0.18260853968229535,1.2388023507311459,-0.7799397110939026,-0.7054764032363892,0.867756187915802,0.13086721301078796,0.07711338996887207,0.5357015132904053,-1.0,0.8891279999829749
100,164,0,0.1452228141302536,0.8399345271363231,0.25316020563179936,0.11592324480157293,0.9287030702633956,-0.4646852819393248,-0.18841210688578602,1.2410616135479122,-0.774532675743103,-0.7092815637588501,0.8717877864837646,0.13258512318134308,0.07531479001045227,0.5394517183303833,-1.0,1.0265259999755472
100,165,0,0.14522045971567388,0.8465797511739659,0.2531615413170188,0.11592354860620216,0.9287022627750384,-0.4689647995887636,-0.1945557596232157,1.2430800960094797,-0.7730196118354797,-0.7137600779533386,0.8742630481719971,0.13439159095287323,0.07240995019674301,0.5414470434188843,-1.0,1.1554810000120597
100,166,0,0.14521810951105169,0.853302691763156,0.2531628746520934,0.1159238518115795,0.9287014567855421,-0.47322959050051516,-0.20118097521431766,1.2448090318555487,-0.7724247574806213,-0.7184803485870361,0.8762328028678894,0.13636596500873566,0.06913197040557861,0.5411205291748047,-1.0,0.8816490000072008
100,167,0,0.14521576350894402,0.860006784450073,0.25316420564116293,0.11592415441878624,0.9287006522919816,-0.47738806162021785,-0.20824532133867793,1.2462210533476321,-0.7717180848121643,-0.7231077551841736,0.8778394460678101,0.13841953873634338,0.06577204912900925,0.5403093099594116,-1.0,0.9269639999729407
100,168,0,0.1452134217019405,0.8666030693073324,0.2531655342883481,0.11592445642889884,0.9286998492914361,-0.48137313537075566,-0.21566258112312345,1.2472965520926376,-0.7711048722267151,-0.7275373935699463,0.879212498664856,0.14042074978351593,0.062454674392938614,0.5395449995994568,-1.0,0.9339700000055018
100,169,0,0.14521108408264982,0.8730097706297879,0.25316686059775906,0.11592475784299094,0.9286990477809903,-0.485137562703741,-0.22331774012275785,1.2480220280415304,-0.7702722549438477,-0.7321537733078003,0.880696713924408,0.14246521890163422,0.05921101197600365,0.5384562611579895,-1.0,0.8637340000063887
100,170,0,0.14520875064369843,0.8791607003270353,0.25316818457349616,0.11592505866213365,0.9286982477577359,-0.4886540719201161,-0.23108373328607476,1.2483983808213512,-0.7686566710472107,-0.7375211715698242,0.882269561290741,0.1447935849428177,0.055990707129240036,0.5358283519744873,-1.0,0.9860610000487213
100,171,0,0.14520642137772968,0.885007527065983,0.2531695062196501,0.11592535888739554,0.9286974492187713,-0.49191122913832225,-0.23883154702629095,1.2484482247743869,-0.767274796962738,-0.7415047883987427,0.884522020816803,0.14685207605361938,0.05256280303001404,0.5329926609992981,-1.0,1.0569699999791737
100,172,0,0.1452040962774042,0.8905113399914548,0.25317082554030235,0.11592565851984266,0.9286966521612017,-0.49490584352210953,-0.24643330780221073,1.248208347383577,-0.765553891658783,-0.7450049519538879,0.887272298336029,0.14889095723628998,0.04905712977051735,0.5300370454788208,-1.0,1.188545999980306
100,173,0,0.14520177533539924,0.8956507116724794,0.2531721425395248,0.11592595756053856,0.9286958565821394,-0.49764402890359977,-0.253780459715621,1.2477294583292495,-0.7637143135070801,-0.7487750053405762,0.8899857997894287,0.15084032714366913,0.04542158916592598,0.5266164541244507,-1.0,1.0407010000221817
100,174,0,0.14519945854440963,0.9004332074201421,0.2531734572213798,0.11592625601054432,0.9286950624787031,-0.5001440630114801,-0.26079892483088735,1.2470828965037015,-0.7620756030082703,-0.7528910636901855,0.8929424285888672,0.1524573564529419,0.041160158812999725,0.5221335887908936,-1.0,1.006302999996933
100,175,0,0.14519714589714627,0.9048780655078993,0.25317476958992075,0.11592655387091862,0.9286942698480197,-0.5024261352188852,-0.2674402576823677,1.2463441933312451,-0.760301947593689,-0.757086992263794,0.8964352607727051,0.15392430126667023,0.03675459325313568,0.5174355506896973,-1.0,0.8038149999833877
100,176,0,0.14519483738633754,0.909017986734127,0.25317607964919125,0.11592685114271753,0.9286934786872213,-0.5045158269682669,-0.2736832863118891,1.2455855985721582,-0.7592588663101196,-0.7621459364891052,0.8996925354003906,0.15528424084186554,0.032135818153619766,0.5121212005615234,-1.0,0.7125809999593002
100,177,0,0.1451925330047284,0.9128994122583362,0.2531773874032258,0.11592714782699469,0.9286926889934479,-0.5064438621522817,-0.27953435084684636,1.244874752355658,-0.7580407857894897,-0.7681679129600525,0.9027447700500488,0.15669669210910797,0.02767404355108738,0.5057238340377808,-1.0,0.7539170000541162
100,178,0,0.14519023274508075,0.9165787831059431,0.2531786928560495,0.11592744392480137,0.9286919007638462,-0.5082452761218312,-0.2850208579472143,1.2442717865802424,-0.7572595477104187,-0.7742785811424255,0.9058466553688049,0.15790656208992004,0.023835789412260056,0.4984070658683777,-1.0,0.9672369999975672
100,179,0,0.145187936600173,0.9201150505391467,0.2531799960116781,0.11592773943718628,0.9286911139955707,-0.5099567154955466,-0.2901792749573203,1.2438278440639257,-0.7577874660491943,-0.780402660369873,0.9088930487632751,0.15968862175941467,0.019593479111790657,0.49070507287979126,-1.0,0.9527930000103879
100,180,0,0.1451856445628002,0.9235644848751434,0.25318129687411833,0.11592803436519579,0.9286903286857825,-0.511611092583651,-0.2950493950744925,1.2435895367529208,-0.7582090497016907,-0.785683274269104,0.9126054048538208,0.1618146002292633,0.015231539495289326,0.4818709194660187,-1.0,0.8921709999754057
100,181,0,0.14518335662577406,0.9269897244828824,0.25318259544736765,0.11592832870987368,0.9286895448316497,-0.513243276095168,-0.29967779892345325,1.243606802854683,-0.7598491311073303,-0.7908650040626526,0.9158040881156921,0.16351450979709625,0.010127754881978035,0.4722461700439453,-1.0,0.8628319999957057
100,182,0,0.14518107278192316,0.9304459418209897,0.25318389173541395,0.11592862247226143,0.9286887624303471,-0.5148874936872264,-0.30410605863165363,1.2439138632964213,-0.761215329170227,-0.7959234714508057,0.9188010692596436,0.16501204669475555,0.0052599068731069565,0.4620480239391327,-1.0,0.9375270000191449
100,183,0,0.14517879302409248,0.933974402924484,0.2531851857422363,0.115928915653398,0.9286879814790575,-0.5165705621956561,-0.3083700949089965,1.2445275348451537,-0.7621519565582275,-0.8007789254188538,0.9216974377632141,0.16626279056072235,0.0006959139136597514,0.45187851786613464,-1.0,0.9016510000492417
100,184,0,0.14517651734514345,0.9375964796771866,0.2531864774718044,0.11592920825432,0.9286872019749693,-0.5182873808309677,-0.31250790017973923,1.2454787561160947,-0.761926531791687,-0.8054348826408386,0.9244022369384766,0.1670950949192047,-0.0037129537668079138,0.4413958787918091,-1.0,1.0377149999953872
100,185,0,0.14517424573795387,0.9413358491638331,0.253187766928079,0.1159295002760616,0.9286864239152792,-0.5200367545383711,-0.316560613587173,1.2467891144643226,-0.7609031796455383,-0.8098413944244385,0.9268651604652405,0.16761672496795654,-0.007860993966460228,0.4308169186115265,-1.0,1.2666239999816753
100,186,0,0.14517197819541816,0.9452151516107448,0.2531890541150115,0.11592979171965456,0.9286856472971906,-0.5218240769862393,-0.320561329422158,1.2484696847654826,-0.7593907713890076,-0.8140398859977722,0.9291458129882812,0.1679128110408783,-0.011692769825458527,0.4202931821346283,-1.0,0.997293000011723
100,187,0,0.14516971471044646,0.9492130590412207,0.2531903390365448,0.11593008258612826,0.9286848721179132,-0.5236222313049496,-0.3245157061468767,1.2505158358258726,-0.7567553520202637,-0.8173344731330872,0.9316132068634033,0.16715779900550842,-0.014452735893428326,0.4151853621006012,-1.0,1.0445149999895875
100,188,0,0.14516745527596608,0.953313762434263,0.25319162169661213,0.11593037287650958,0.928684098374665,-0.5254089093158734,-0.32842930958045946,1.2529260070792427,-0.7543621063232422,-0.8197123408317566,0.9343541860580444,0.16594268381595612,-0.017187362536787987,0.41092056035995483,-1.0,1.1008030000425606
100,189,0,0.14516519988492024,0.9575180919354391,0.2531929020991378,0.1159306625918231,0.9286833260646703,-0.5271692668826707,-0.3323241121586299,1.2557054025658019,-0.7515609860420227,-0.8218699097633362,0.9368667006492615,0.16470766067504883,-0.019346274435520172,0.4068690240383148,-1.0,0.8650540000303408
100,190,0,0.1451629485302689,0.9618265731618987,0.2531941802480369,0.11593095173309101,0.9286825551851601,-0.528903994316463,-0.3362142412359173,1.2588302897802295,-0.7479706406593323,-0.8236985206604004,0.938819169998169,0.16394732892513275,-0.021664779633283615,0.40189728140830994,-1.0,0.66838899999766
100,191,0,0.14516070120498675,0.9662395570535938,0.2531954561472164,0.1159312403013332,0.9286817857333728,-0.5306182221893375,-0.34011046041310933,1.2622698048184788,-0.7437129020690918,-0.8250553607940674,0.9404860138893127,0.1629886031150818,-0.023228488862514496,0.3973236083984375,-1.0,0.8918959999846265
100,192,0,0.14515845790206572,0.9707548598684614,0.2531967298005738,0.11593152829756696,0.928681017706554,-0.5323118268603468,-0.34402606689320386,1.2659943972174126,-0.7397102117538452,-0.8266030550003052,0.9414747357368469,0.16228549182415009,-0.02470896951854229,0.3928355872631073,-1.0,1.1717399999611189
100,193,0,0.14515621861451422,0.9753725525881957,0.2531980012119971,0.11593181572280743,0.9286802511019555,-0.5339816359996352,-0.3479779133001401,1.2699830469001014,-0.7348549365997314,-0.8277856111526489,0.9424648284912109,0.1615169793367386,-0.025803081691265106,0.38823583722114563,-1.0,1.158519000000524
100,194,0,0.14515398333535617,0.980085136114545,0.253199270385366,0.11593210257806737,0.9286794859168369,-0.5356132925203759,-0.3519818547018815,1.2742198500096003,-0.7283665537834167,-0.8290276527404785,0.9434046745300293,0.16070540249347687,-0.027063922956585884,0.3837941288948059,-1.0,1.1995099999921877
100,195,0,0.14515175205763084,0.9848601601470135,0.2532005373245516,0.11593238886435707,0.9286787221484639,-0.5371762299278525,-0.3560395786980509,1.2786738116393155,-0.721001386642456,-0.8302047848701477,0.9446930289268494,0.16085734963417053,-0.028415147215127945,0.3816334903240204,-1.0,0.9671000000253116
100,196,0,0.14514952477439458,0.9896705842512062,0.2532018020334155,0.11593267458268454,0.92867795979411,-0.5386462082559405,-0.3601535612720604,1.2833136742428557,-0.7125271558761597,-0.8310550451278687,0.9460668563842773,0.16101926565170288,-0.0295474324375391,0.37972936034202576,-1.0,1.1358239999594844
100,197,0,0.14514730147871946,0.9945069585628652,0.25320306451581065,0.11593295973405549,0.9286771988510549,-0.5400140032813038,-0.3643328477269001,1.2881149934263956,-0.7024301290512085,-0.8305630087852478,0.947604238986969,0.16209693253040314,-0.03182483837008476,0.375861257314682,-1.0,1.0325230000489682
100,198,0,0.14514508216369282,0.9993671646893159,0.2532043247755813,0.11593324431947326,0.9286764393165853,-0.5412786928003128,-0.36858764299268665,1.293053955638464,-0.6906678080558777,-0.8292590379714966,0.9491428732872009,0.16320176422595978,-0.034037940204143524,0.37032219767570496,-1.0,1.3008219999619541
100,199,0,0.14514286682241795,1.0042407533947038,0.2532055828165632,0.11593352833993883,0.9286756811879949,-0.5424301327029164,-0.37292431462217857,1.2981094483817825,-0.6770949363708496,-0.827380359172821,0.9505923986434937,0.16391247510910034,-0.03597145527601242,0.3653804063796997,-1.0,1.2021850000110135
100,200,0,0.1451406554480148,1.009089998998021,0.2532068386425825,0.11593381179645096,0.9286749244625842,-0.5434368580568553,-0.3773331469182744,1.3032535597679176,-0.6604978442192078,-0.8251152038574219,0.952109694480896,0.16423232853412628,-0.036595720797777176,0.3631771206855774,-1.0,1.172869999948034
120,1,0,0.19392177583885944,0.09378751217016769,0.227069176378281,0.09887809061661933,0.9130370584015429,0.1341760679509688,0.08644565343266473,0.909515361161859,-0.0003356747329235077,-0.015035448595881462,-0.20322716236114502,0.004720780532807112,-0.0373363234102726,-0.014215998351573944,-0.6573827862739563,1.2100669999881575
120,2,0,0.1921414320015915,0.1198603400818595,0.23095194257882196,0.09612477860772829,0.8876356672201114,0.11455973446859805,0.07477907950129972,0.9067070107863933,0.09335797280073166,-0.010159092955291271,-0.04983263090252876,0.0027663582004606724,-0.026658795773983,-0.045553237199783325,-0.9444302320480347,1.115923999975621
120,3,1,1.0,0.13999402635991423,0.2330013128370479,0.0980676325328526,0.8440840702568957,0.11069296329397313,0.07051452124109829,0.9063722802701366,0.14733168482780457,-0.11095789074897766,-0.02941577322781086,-0.047721780836582184,0.03719789907336235,0.03970061242580414,-0.9994939565658569,1.1559089999764183
