episode,seed,inference,latency_ms
1,42,1,711.9283160000123
1,42,2,597.6436649998504
1,42,3,622.098570000162
1,42,4,640.0998879998951
1,42,5,650.2965120007502
1,42,6,637.718163999125
1,42,7,611.3068639997437
1,42,8,602.7745499995945
1,42,9,614.6037600001364
1,42,10,607.8248089997942
1,42,11,627.5488979999864
1,42,12,630.0038589997712
1,42,13,798.8869709997743
1,42,14,732.6515540007676
1,42,15,659.4957140005135
1,42,16,660.043881999627
1,42,17,607.409281999935
1,42,18,605.6943069997942
1,42,19,669.2355770001086
1,42,20,593.4444060003443
1,42,21,598.4999800002697
1,42,22,616.1716099995829
1,42,23,643.282122000528
1,42,24,607.1059910000258
1,42,25,601.8251949999467
1,42,26,616.4891790003821
1,42,27,608.6300720007785
1,42,28,599.0711570002532
1,42,29,614.8346939999101
1,42,30,603.7055750002764
1,42,31,612.3472599992965
1,42,32,605.3099520004253
1,42,33,605.0967009996384
1,42,34,609.1686709996793
1,42,35,642.6405769998382
1,42,36,614.647323999634
1,42,37,613.8198840008044
1,42,38,632.1527549998791
1,42,39,608.4031880000111
1,42,40,653.8542609996512
1,42,41,619.8805149997497
1,42,42,659.2723920002754
1,42,43,615.377088999594
1,42,44,599.4723209996664
1,42,45,610.0682359992788
1,42,46,612.1439329999703
1,42,47,635.2778130003571
1,42,48,601.2729270005366
1,42,49,597.7761539998028
1,42,50,612.5195009999516
1,42,51,624.7064870003669
1,42,52,608.8186480001241
1,42,53,606.6770490006093
1,42,54,608.4182049999072
1,42,55,612.0848729997306
1,42,56,634.0516790005495
1,42,57,602.9801129998305
1,42,58,601.0073699999339
1,42,59,622.9845480002041
1,42,60,599.4359790001909
1,42,61,606.3698709995151
1,42,62,621.342069000093
1,42,63,607.3909320002713
1,42,64,628.4357750000709
1,42,65,631.1960570001247
1,42,66,596.7520399999557
1,42,67,596.8117540005551
1,42,68,616.2910360008027
1,42,69,636.776497000028
1,42,70,626.8004079993261
1,42,71,636.5257770003154
1,42,72,660.8152550006707
1,42,73,655.2622589997554
1,42,74,598.5505579992605
1,42,75,619.357028000195
1,42,76,610.1766900001167
1,42,77,600.8085359999313
1,42,78,620.8148240002629
1,42,79,685.1342079999085
1,42,80,630.4982729998301
1,42,81,702.4186069993448
1,42,82,632.3170659998141
1,42,83,785.6315480003104
1,42,84,617.4181789992872
1,42,85,650.8483839998007
1,42,86,673.80203599987
1,42,87,700.3954510000767
1,42,88,604.9069429991505
1,42,89,616.9107289997555
1,42,90,607.0065450003312
1,42,91,607.8098969992425
1,42,92,609.2875820004338
1,42,93,615.9724039998764
1,42,94,623.0084050002915
1,42,95,617.6544820000345
1,42,96,615.4404700000669
1,42,97,614.7835790006866
1,42,98,608.4101420001389
1,42,99,591.4762789998349
1,42,100,616.6019580005013
2,43,1,710.5749029997241
2,43,2,635.9788409999965
2,43,3,607.4367879991769
2,43,4,609.5942400006606
2,43,5,609.1530290004812
2,43,6,611.2231979996068
2,43,7,617.8200730000754
2,43,8,617.9901229997995
2,43,9,630.9421590003694
2,43,10,623.2357670005513
2,43,11,670.9935680000854
2,43,12,605.7538859995475
2,43,13,621.374850000393
2,43,14,623.020359000293
2,43,15,640.420185000039
2,43,16,629.098428999896
2,43,17,617.4201300000277
2,43,18,654.3409240002802
2,43,19,615.0803030004681
2,43,20,616.158398999687
2,43,21,614.5442979996005
2,43,22,596.5739010007383
3,44,1,650.4023450006571
3,44,2,625.0464580007247
3,44,3,640.6776570001966
3,44,4,642.2624980004912
3,44,5,614.4658429993797
3,44,6,611.1948199995823
3,44,7,624.0276109992919
3,44,8,614.473084000565
3,44,9,630.6923560005089
3,44,10,616.7688569994425
3,44,11,623.9753580002798
3,44,12,624.2044720002013
3,44,13,620.2741679999235
3,44,14,628.7916100000075
3,44,15,617.4402340002416
3,44,16,631.6866500001197
3,44,17,604.467576999923
3,44,18,614.5754609997311
3,44,19,635.587065999971
3,44,20,630.1634799992826
3,44,21,613.1999760000326
3,44,22,626.8898999996964
3,44,23,615.1537410005403
3,44,24,629.6382040000026
3,44,25,617.6213879998613
3,44,26,624.7396959997786
3,44,27,672.9317649997029
3,44,28,641.7235269991579
3,44,29,612.299276000158
3,44,30,618.7548919997425
3,44,31,621.036911000374
3,44,32,602.7948760001891
3,44,33,604.6209219994125
3,44,34,613.6154530004205
3,44,35,634.9971159997949
3,44,36,627.6159949993598
3,44,37,611.8664360001276
3,44,38,614.7042210004656
3,44,39,623.8705529995059
3,44,40,608.3295279995582
3,44,41,627.3428939994119
3,44,42,618.6921380003696
3,44,43,634.672273000433
3,44,44,619.1692189995592
3,44,45,618.4359700000641
3,44,46,609.405116999369
3,44,47,609.9438030005331
3,44,48,625.535549000233
3,44,49,665.6583759995556
3,44,50,632.4371519995111
3,44,51,621.7547480000576
3,44,52,617.232163999688
3,44,53,618.3669290003309
3,44,54,648.0425680001645
3,44,55,622.1319799997218
3,44,56,634.2755980003858
3,44,57,631.0005810000803
3,44,58,627.8175229999761
3,44,59,650.4757200000313
3,44,60,604.069422000066
3,44,61,607.7883640000437
3,44,62,609.8517980008182
3,44,63,625.5546630000026
3,44,64,627.9393719996733
3,44,65,631.9760910000696
3,44,66,619.9250930003473
3,44,67,633.0043370007843
3,44,68,611.2369080001372
3,44,69,617.3824110001078
3,44,70,617.809096000201
3,44,71,622.6785740000196
3,44,72,612.4104829996213
3,44,73,618.431609000254
3,44,74,619.6061649998228
3,44,75,619.2326269992918
3,44,76,617.7752699995835
3,44,77,613.5890879995713
3,44,78,605.0223599995661
3,44,79,625.3967589991589
3,44,80,634.4630120001966
3,44,81,635.1317329999802
3,44,82,632.5638210000761
3,44,83,616.7008390002593
3,44,84,625.0253070002145
3,44,85,614.3156710004405
3,44,86,623.3459719996972
3,44,87,624.1786000000502
3,44,88,645.4453500000454
3,44,89,625.168255999597
3,44,90,648.7681749995318
3,44,91,650.8285050003906
3,44,92,619.6213700004591
3,44,93,640.4714290001721
3,44,94,624.5749470008377
3,44,95,1103.6670229996162
3,44,96,1110.1729629999681
3,44,97,1032.612040999993
3,44,98,987.6371620002828
3,44,99,1001.9267879997642
3,44,100,937.1875659999205
4,45,1,669.9494040003628
4,45,2,617.9403520000051
4,45,3,619.6386490000805
4,45,4,621.9639190003363
4,45,5,630.5728790002831
4,45,6,625.0034760005292
4,45,7,632.803313000295
4,45,8,633.8501800000813
4,45,9,640.9745399996609
4,45,10,649.2375600000742
4,45,11,615.8957560000999
4,45,12,629.0794149999783
4,45,13,622.51981099962
4,45,14,625.721519999388
4,45,15,623.6562170006437
4,45,16,629.8544510000283
4,45,17,632.8598199997941
4,45,18,624.1515660003643
4,45,19,628.7438260005729
4,45,20,621.1405550002382
4,45,21,648.5577530002047
4,45,22,626.0233009998046
4,45,23,621.6551629995593
4,45,24,633.2736550002664
4,45,25,638.675026000783
4,45,26,638.7066750003214
4,45,27,614.0373529997305
4,45,28,625.2557630004958
4,45,29,631.2546139997721
4,45,30,629.7968879998734
4,45,31,613.1086589994084
4,45,32,644.246234000093
4,45,33,611.1918970000261
4,45,34,607.0503319997442
4,45,35,624.8731289997522
4,45,36,613.5190790000706
4,45,37,604.6204730000682
4,45,38,605.1271590004035
4,45,39,631.0973589997957
4,45,40,618.1794009999066
4,45,41,643.628040999829
4,45,42,635.8862580000277
4,45,43,638.3138399996824
4,45,44,617.3458110006322
4,45,45,614.75931699988
4,45,46,619.7596789997988
4,45,47,621.5707179999299
4,45,48,627.2384620006051
4,45,49,608.653322000464
4,45,50,624.7783819999313
4,45,51,606.4921209999738
4,45,52,607.9881079995175
4,45,53,601.4887470000758
4,45,54,621.274899999662
4,45,55,610.83746300028
4,45,56,615.0638839999374
4,45,57,622.2163230004298
4,45,58,631.8950719996792
4,45,59,617.1800599995549
4,45,60,620.9395760006373
4,45,61,637.2612619998108
4,45,62,599.6951619999891
4,45,63,617.939879000005
4,45,64,606.0835299995233
4,45,65,613.0949489997874
4,45,66,619.9549390003085
4,45,67,632.7663069996561
4,45,68,615.5482750000374
4,45,69,628.9429440003005
4,45,70,618.3302500003265
4,45,71,614.6821709999131
4,45,72,601.3085370004774
4,45,73,622.5716660001126
4,45,74,613.2764100002532
4,45,75,604.804139999942
4,45,76,614.0507830004935
4,45,77,615.757788999872
4,45,78,610.412214000462
4,45,79,607.3713489995498
4,45,80,681.4375059993836
4,45,81,594.0619009998045
4,45,82,627.9282140003488
4,45,83,630.5562930001543
4,45,84,658.4165519998351
4,45,85,615.5643820002297
4,45,86,762.4576279995381
4,45,87,632.4277789999542
4,45,88,628.494674000649
4,45,89,619.780684000034
4,45,90,622.0598459995017
4,45,91,637.9525249994913
4,45,92,625.9369509998578
4,45,93,637.32833999984
4,45,94,626.7779729996619
4,45,95,628.7281309996615
4,45,96,637.0860859997265
4,45,97,614.5173709992378
4,45,98,625.7654310002181
4,45,99,612.7150779993826
4,45,100,624.120657000276
5,46,1,640.3214950005349
5,46,2,628.2810949996929
5,46,3,636.9908110000324
5,46,4,608.6507959998926
5,46,5,625.9267409996028
5,46,6,629.8609900004521
5,46,7,627.4403179995716
5,46,8,614.8317939996559
5,46,9,619.1291380000621
5,46,10,607.5132229998417
5,46,11,612.6961380005014
5,46,12,612.1488430007958
5,46,13,632.5562199999695
5,46,14,634.0473979998933
5,46,15,631.9584819993906
5,46,16,614.2426100004741
5,46,17,621.9044999998005
5,46,18,567.1092419997876
5,46,19,552.3335870002484
5,46,20,548.9300039998852
5,46,21,558.3965970008649
5,46,22,571.1284059998434
5,46,23,524.2719709995072
5,46,24,535.141874999681
5,46,25,538.8248629997179
5,46,26,530.6812270000592
5,46,27,529.5611139999892
5,46,28,508.3796680000887
5,46,29,544.9215409998942
5,46,30,544.793817000027
5,46,31,588.0249940000795
5,46,32,577.8213470002811
5,46,33,579.2997620001188
5,46,34,591.0959129996627
5,46,35,594.6313519998512
5,46,36,581.2503440001819
5,46,37,616.6421380003158
5,46,38,627.5661200006653
5,46,39,623.1543800004147
5,46,40,603.8663560002533
5,46,41,637.3869019998892
5,46,42,642.9763209998782
5,46,43,640.1308399999834
5,46,44,633.5352430005514
5,46,45,634.3405939996956
5,46,46,654.2770179994477
5,46,47,631.4819330000319
5,46,48,632.037622000098
5,46,49,617.6120489999448
5,46,50,632.7380780003296
5,46,51,615.044668000337
5,46,52,592.1316370004206
5,46,53,618.2247019996794
5,46,54,522.5164309995307
5,46,55,595.1752239998314
5,46,56,602.2741769993445
5,46,57,585.5233849997603
5,46,58,577.7666660005707
5,46,59,575.8423130000665
5,46,60,575.8004919998712
5,46,61,592.8887330001089
5,46,62,573.1471050003165
5,46,63,565.9625330008566
5,46,64,574.3901959995128
5,46,65,578.575570000794
5,46,66,594.9526040003548
5,46,67,581.3140320005914
5,46,68,647.3902380002983
5,46,69,635.0533959994209
5,46,70,656.3259390004532
5,46,71,631.1650770003325
5,46,72,743.758908000018
5,46,73,699.2049939999561
5,46,74,648.7472989992966
5,46,75,647.9157209996629
5,46,76,611.862663001375
5,46,77,597.3984599986579
5,46,78,604.0645269986271
5,46,79,602.5614749996748
5,46,80,596.6936870008794
5,46,81,603.8858579995576
5,46,82,623.7384460000612
5,46,83,612.6679980006884
5,46,84,616.1547820011037
5,46,85,658.1885169998714
5,46,86,643.0189049988257
5,46,87,627.0203149997542
5,46,88,625.7309410011658
5,46,89,611.8619619992387
5,46,90,610.4518980009743
5,46,91,625.5460270003823
5,46,92,605.1339440000447
5,46,93,582.1021840001777
5,46,94,613.6347299998306
5,46,95,612.7351710001676
5,46,96,603.0923319995054
5,46,97,611.1976239990327
5,46,98,610.4223370002728
5,46,99,609.5078230009676
5,46,100,608.2551549989148
6,47,1,644.8752539999987
6,47,2,616.9537530004163
6,47,3,610.4270380001253
6,47,4,626.4792439997109
6,47,5,619.785934999527
6,47,6,655.1909249992605
6,47,7,632.5351020004746
6,47,8,686.9903080005315
6,47,9,652.469945998746
6,47,10,646.0569800001394
6,47,11,650.0018200003979
6,47,12,675.0786209995567
6,47,13,615.8016459994542
6,47,14,608.5615840001992
6,47,15,633.5102510001889
6,47,16,626.7500730009488
6,47,17,597.0109080008115
6,47,18,591.0635279997223
6,47,19,629.1473410001345
6,47,20,720.7578630004718
6,47,21,641.9086070000048
6,47,22,631.9030939994263
6,47,23,828.5137439997925
6,47,24,644.3111759999738
6,47,25,652.6816100013093
6,47,26,731.7655209990335
6,47,27,626.3156139993953
6,47,28,608.1431869988592
6,47,29,606.6369700001815
6,47,30,618.8043410002138
6,47,31,620.9771610010648
6,47,32,631.0963500000071
6,47,33,616.4432499990653
6,47,34,598.5317020004004
6,47,35,648.3514519986784
6,47,36,629.2168479994871
6,47,37,642.7246969997213
6,47,38,595.3142079997633
6,47,39,679.2687979996117
6,47,40,671.2658030010061
6,47,41,638.0731819990615
6,47,42,586.0347580000962
6,47,43,650.288613000157
6,47,44,648.5875079997641
6,47,45,650.9904909999022
6,47,46,605.3617150009813
6,47,47,590.2330099997926
6,47,48,627.8998929992667
6,47,49,620.563681000931
6,47,50,639.2465379994974
6,47,51,625.5749179999839
6,47,52,620.8423250009218
6,47,53,636.7433319992415
6,47,54,642.35662000101
6,47,55,660.1007110002683
6,47,56,609.1392269991047
6,47,57,640.6969469990145
6,47,58,648.5185660003481
6,47,59,604.4153839993669
6,47,60,585.0916960007453
6,47,61,659.3946320008399
6,47,62,650.2857550003682
6,47,63,600.8299400000396
6,47,64,592.7282430002379
6,47,65,627.8851099996245
6,47,66,629.0681669997866
6,47,67,605.2057340002648
6,47,68,607.6711180012353
6,47,69,611.0285569993721
6,47,70,649.532965000617
6,47,71,657.0046500000899
6,47,72,650.3981550013123
6,47,73,588.9231119999749
6,47,74,665.2122929990583
6,47,75,663.0794659995445
6,47,76,642.11278699986
6,47,77,602.3828880006477
6,47,78,652.2978739994869
6,47,79,657.7309739986958
6,47,80,616.9902499987074
6,47,81,595.2712260004773
6,47,82,587.4013770007878
6,47,83,616.1552810008288
6,47,84,634.0663619994302
6,47,85,603.9757990001817
6,47,86,625.713690998964
6,47,87,584.8843029998534
6,47,88,640.4775970004266
6,47,89,654.2573789993185
6,47,90,632.7409349996742
6,47,91,595.6359709998651
6,47,92,656.6548090013384
6,47,93,659.3398280001566
6,47,94,628.960014999393
6,47,95,597.8087059993413
6,47,96,680.5414499995095
6,47,97,648.0940710007417
6,47,98,599.4092030014144
6,47,99,585.6248809996032
6,47,100,600.0199320005777
7,48,1,768.0720299995301
7,48,2,619.9028380015079
7,48,3,593.5462739998911
7,48,4,642.8760999988299
7,48,5,659.3411400008335
7,48,6,583.8515569994343
7,48,7,585.2404109991767
7,48,8,603.82702500101
7,48,9,636.7801989999862
7,48,10,647.72330499909
7,48,11,632.0462399999087
7,48,12,600.4032860000734
7,48,13,655.3668050000852
7,48,14,657.9114980013401
7,48,15,604.7724809995998
7,48,16,613.5124669999641
7,48,17,634.0750849994947
7,48,18,648.7463419998676
7,48,19,596.8502970008558
7,48,20,595.5206759990688
7,48,21,632.4008880001202
7,48,22,646.6157930008194
7,48,23,643.3181579996017
7,48,24,602.3644939996302
7,48,25,584.632824999062
7,48,26,636.8666620001022
7,48,27,642.7278169994679
7,48,28,659.4856680003431
7,48,29,585.5130330000975
7,48,30,645.8925229999295
7,48,31,644.4286170008127
7,48,32,601.0082960001455
7,48,33,595.3451229997881
7,48,34,649.3953040007909
7,48,35,667.5185130006867
7,48,36,594.2325989999517
7,48,37,623.5599669998919
7,48,38,627.3566989984829
7,48,39,660.032310999668
7,48,40,637.2683469999174
7,48,41,595.533362000424
7,48,42,620.5618320000212
7,48,43,635.141732998818
7,48,44,647.5254469987703
7,48,45,645.8937499992317
7,48,46,587.0331950009131
7,48,47,606.3404209999135
7,48,48,631.7099269999744
7,48,49,649.2986630000814
7,48,50,608.3746819986118
7,48,51,585.1382719993126
7,48,52,640.4825240006176
7,48,53,653.2828700001119
7,48,54,585.0522609998734
7,48,55,589.8745019985654
7,48,56,652.3865559993283
7,48,57,620.4015280000021
7,48,58,586.7262960000517
7,48,59,609.4681150007091
7,48,60,611.2663679996331
7,48,61,602.8446000000258
7,48,62,605.2724870005477
7,48,63,597.9127530008554
7,48,64,597.9854150009487
7,48,65,652.7618079999229
7,48,66,644.6619469988946
7,48,67,639.800044000367
7,48,68,591.4106740001444
7,48,69,615.1166529998591
7,48,70,646.9061779989715
7,48,71,631.7698790007853
7,48,72,601.5370630011603
7,48,73,597.125809001227
7,48,74,639.3213360006484
7,48,75,635.8067540004413
7,48,76,576.1061230004998
7,48,77,597.5270290000481
7,48,78,635.0035039995419
7,48,79,648.5822249997
7,48,80,593.2035330006329
7,48,81,593.1999949989404
7,48,82,582.1707819995936
7,48,83,642.5956940001925
7,48,84,660.2722340012406
7,48,85,625.7305590006581
7,48,86,589.1639069996017
7,48,87,649.4595010008197
7,48,88,647.4158159999206
7,48,89,633.7089500011643
7,48,90,585.4074700000638
7,48,91,628.5636379998323
7,48,92,640.0717929991515
7,48,93,641.2626849996741
7,48,94,595.2905360009026
7,48,95,593.6582539998199
7,48,96,650.8011480000278
7,48,97,652.2767749993363
7,48,98,613.1835239993961
7,48,99,607.4591340002371
7,48,100,653.3716550002282
8,49,1,641.8924419995164
8,49,2,1077.4636689984618
8,49,3,1034.6204220004438
8,49,4,673.1240300014179
8,49,5,608.522748998439
8,49,6,613.9630819998274
8,49,7,1366.9459379998443
8,49,8,873.3792309994897
8,49,9,638.1933850007044
8,49,10,601.1769859997003
8,49,11,666.2903200012806
8,49,12,653.3113649984443
8,49,13,613.8964099991426
8,49,14,593.6941579984705
8,49,15,680.0777219996235
8,49,16,756.4285799999197
8,49,17,701.7408890005754
8,49,18,692.2704339995107
8,49,19,587.5866480000695
8,49,20,674.0954010001587
8,49,21,711.5427879998606
8,49,22,1022.4745720006467
8,49,23,703.58245999887
8,49,24,678.8930860002438
8,49,25,666.5751789987553
8,49,26,640.478281000469
8,49,27,624.0162359990791
8,49,28,658.0899969994789
8,49,29,663.6490960008814
8,49,30,616.8515389999811
8,49,31,603.9788640009647
8,49,32,652.8734469993651
8,49,33,680.2597980004066
8,49,34,619.9149359999865
8,49,35,619.0650070002448
8,49,36,733.8922750004713
8,49,37,786.1069520004094
8,49,38,774.7549079995224
8,49,39,723.2947370011971
8,49,40,874.1901450011937
8,49,41,665.037819000645
8,49,42,860.584571999425
8,49,43,788.780703998782
8,49,44,685.4447550012992
8,49,45,659.3691689995467
8,49,46,645.3821619998052
8,49,47,606.6986119985813
8,49,48,662.3273239983973
8,49,49,760.4721730003803
8,49,50,901.3680320003914
8,49,51,602.6139090008655
8,49,52,598.7774950008315
8,49,53,648.6821250000503
8,49,54,956.5054190006776
8,49,55,652.3012840007141
8,49,56,747.9055080002581
8,49,57,881.0976719996688
8,49,58,965.7151760002307
8,49,59,843.8612070003728
8,49,60,680.4388719992858
8,49,61,1120.0591279994114
8,49,62,887.9823539991776
8,49,63,716.0937730004662
8,49,64,831.705538001188
8,49,65,782.5881499993557
8,49,66,746.42002300061
8,49,67,646.9375999986369
8,49,68,730.4973950012936
8,49,69,739.8686699998507
8,49,70,640.5860559989378
8,49,71,614.9931499985541
8,49,72,721.4560140000685
8,49,73,655.8128609995038
8,49,74,665.6849110004259
8,49,75,611.0564859991428
8,49,76,658.81344599984
8,49,77,649.1529909999372
8,49,78,681.3706220000313
8,49,79,699.6799299995473
8,49,80,635.7849180003541
8,49,81,635.235243000352
8,49,82,690.056645000368
8,49,83,745.5522299987933
8,49,84,699.2258649988798
8,49,85,864.0693910001573
8,49,86,866.4695930001471
8,49,87,945.6461079989822
8,49,88,702.3375610006042
8,49,89,699.4152409988601
8,49,90,934.8620509990724
8,49,91,810.8635869994032
8,49,92,623.3271099990816
8,49,93,810.371055998985
8,49,94,788.8776090003375
8,49,95,781.3015859992447
8,49,96,868.5332280001603
8,49,97,635.3119800005516
8,49,98,635.7390289995237
8,49,99,651.5889349993813
8,49,100,623.2303830001911
9,50,1,684.0865140002279
9,50,2,888.2633150005859
9,50,3,747.1137709999311
9,50,4,866.9118660000095
9,50,5,837.5353510000423
9,50,6,755.0201699996251
9,50,7,718.3745829988766
9,50,8,808.9144100013073
9,50,9,796.7002950008464
9,50,10,760.2598270004819
9,50,11,621.1554149995209
9,50,12,652.2050089988625
9,50,13,826.0443509989273
9,50,14,616.7094699994777
9,50,15,599.9636550004652
9,50,16,656.0909640011232
9,50,17,664.0292830015824
9,50,18,675.8751990000746
9,50,19,646.6775629996846
9,50,20,613.6651329998131
9,50,21,681.170244999521
9,50,22,650.0218990004214
9,50,23,667.451143001017
9,50,24,642.1129120008118
9,50,25,1257.337840001128
9,50,26,1410.789678000583
9,50,27,1061.9414760003565
9,50,28,815.4482579993783
9,50,29,793.3626030007872
9,50,30,670.4648889990494
9,50,31,615.4659100011486
9,50,32,638.7642199988477
9,50,33,696.8790519986214
9,50,34,647.7911490001134
9,50,35,661.9800480002596
9,50,36,646.3692580000497
9,50,37,676.7743569998856
9,50,38,719.6827600000688
9,50,39,644.274291000329
9,50,40,594.906455000455
9,50,41,653.8138320011058
9,50,42,803.086779998921
9,50,43,781.1788649996743
9,50,44,668.7211899989052
9,50,45,612.8875619997416
9,50,46,869.7406249993946
9,50,47,690.0097020006797
9,50,48,702.4202559987316
9,50,49,628.950905000238
9,50,50,662.0551389987668
9,50,51,654.0716580002481
9,50,52,654.0807159999531
9,50,53,611.6316600000573
9,50,54,616.0389939996094
9,50,55,639.5885279998765
9,50,56,639.1302930005622
9,50,57,623.4549960008735
9,50,58,604.205470001034
9,50,59,667.1259949998785
9,50,60,641.8220899995504
9,50,61,643.4742100009316
9,50,62,599.8410200008948
9,50,63,798.0796870015183
9,50,64,582.1959149998293
9,50,65,761.1040420015343
9,50,66,614.1824579990498
9,50,67,553.4670439992624
9,50,68,617.228047000026
9,50,69,554.7455920004722
9,50,70,615.7654199996614
9,50,71,969.0199060005398
9,50,72,626.2973220000276
9,50,73,538.302664001094
9,50,74,521.852347001186
9,50,75,538.9043240011233
9,50,76,526.8707779996475
9,50,77,554.0994719995069
9,50,78,563.7955790007254
9,50,79,549.249312000029
9,50,80,554.0619470011734
9,50,81,539.3378219996521
9,50,82,531.3624030004576
9,50,83,516.7551829999866
9,50,84,526.764350999656
9,50,85,535.2023919986095
9,50,86,608.7394319984014
9,50,87,582.458917000622
9,50,88,641.2791919992742
9,50,89,552.0701799996459
9,50,90,511.6563940009655
9,50,91,523.026328000924
9,50,92,556.7813060006301
9,50,93,558.8804990002245
9,50,94,549.6377959989331
9,50,95,588.5382819997176
9,50,96,535.8313939996151
9,50,97,547.4963460001163
9,50,98,508.7640459987597
9,50,99,544.8367819990381
9,50,100,561.2545260009938
10,51,1,496.5410559998418
10,51,2,512.4815210001543
10,51,3,511.3331450011174
10,51,4,517.4948570002016
10,51,5,505.9969639987685
10,51,6,527.920329999688
10,51,7,536.7622220001067
10,51,8,555.5408029995306
10,51,9,567.0260449987836
10,51,10,571.8916339992575
10,51,11,557.6648379992548
10,51,12,562.3453030002565
10,51,13,539.7527850000188
10,51,14,519.7113929989428
10,51,15,516.2362299997767
10,51,16,585.6692329998623
10,51,17,559.234935000859
10,51,18,572.9853709999588
10,51,19,596.5937839991966
10,51,20,520.5010589997983
10,51,21,513.0546380005399
10,51,22,516.6390649992536
10,51,23,561.236010000357
10,51,24,561.9514420013729
10,51,25,549.4232949986326
10,51,26,540.5840610001178
10,51,27,558.0984900007024
10,51,28,524.7540010004741
10,51,29,521.2655180002912
10,51,30,526.4396519996808
10,51,31,541.6553459999705
10,51,32,524.8433269989619
10,51,33,532.1426959999371
10,51,34,525.9172690002742
10,51,35,525.9120760001679
10,51,36,523.1153220011038
10,51,37,529.0499700004148
10,51,38,536.0477009999158
10,51,39,534.2342590010958
10,51,40,550.29925099916
10,51,41,511.4863110011356
10,51,42,526.2419000009686
10,51,43,516.0986210012197
10,51,44,520.4183940004441
10,51,45,521.6166390000581
10,51,46,548.1918400000723
10,51,47,567.179212001065
10,51,48,552.3163300003944
10,51,49,587.81602199997
10,51,50,562.3880259990983
10,51,51,568.4917250000581
10,51,52,543.2618989998446
10,51,53,541.1826580002526
10,51,54,548.9855680007167
10,51,55,545.1313729990943
10,51,56,547.1554129999276
10,51,57,615.3928490002727
10,51,58,562.728965000133
10,51,59,514.3282290009665
10,51,60,553.8304700003209
10,51,61,557.5926320016151
10,51,62,539.1541899989534
10,51,63,549.9265800008288
10,51,64,549.9112979996426
10,51,65,569.3918260003556
10,51,66,558.9863649984181
10,51,67,564.9836759985192
10,51,68,547.2927859991614
10,51,69,562.10926499989
10,51,70,541.3545319988771
10,51,71,570.3324429996428
10,51,72,562.0416199999454
10,51,73,538.7435360007657
10,51,74,517.1050389999436
10,51,75,538.0298009986291
10,51,76,549.4796890016005
10,51,77,534.5199500006856
10,51,78,550.2726750000875
10,51,79,567.9267670002446
10,51,80,574.7574290016928
10,51,81,654.7261209998396
10,51,82,550.915502000862
10,51,83,612.3522320012853
10,51,84,558.241905999239
10,51,85,560.1877999997669
10,51,86,548.9207109985728
10,51,87,516.3684069993906
10,51,88,513.2664310003747
10,51,89,550.961274000656
10,51,90,544.1783530004614
10,51,91,545.7776999992348
10,51,92,552.2693610000715
10,51,93,546.7055860008259
10,51,94,544.3796950003161
10,51,95,512.2989379997307
10,51,96,523.0673040005058
10,51,97,555.1369629993133
10,51,98,588.8256159996672
10,51,99,577.0186400004604
10,51,100,564.556597999399
11,52,1,549.2870130001393
11,52,2,503.212233999875
11,52,3,506.0843360006402
11,52,4,505.38173299901246
11,52,5,496.5122940011497
11,52,6,507.7402409988281
11,52,7,547.3927429993637
11,52,8,561.0112680005841
11,52,9,547.7682999990066
11,52,10,555.8492510008364
11,52,11,555.9341520001908
11,52,12,563.0219430004217
11,52,13,538.233647999732
11,52,14,542.0509350005887
11,52,15,549.975985999481
11,52,16,558.0912460009131
11,52,17,533.3289860009245
11,52,18,551.2291109989746
11,52,19,662.2008790000109
11,52,20,540.4462630012858
11,52,21,534.5510980005201
11,52,22,559.2268019991025
11,52,23,568.1764769997244
11,52,24,577.898333000121
11,52,25,582.7907310012961
11,52,26,526.3813299989124
11,52,27,528.305187001024
11,52,28,524.9664599996322
11,52,29,551.469972000632
11,52,30,538.762965999922
11,52,31,563.1040719999874
11,52,32,578.89410000098
11,52,33,580.2168509999319
11,52,34,523.0325810007344
11,52,35,542.2283959997003
11,52,36,558.9372470003582
11,52,37,541.1630449998484
11,52,38,553.1296049994125
11,52,39,542.3766419989988
11,52,40,553.6613389995182
11,52,41,542.429072998857
11,52,42,548.5070070008078
11,52,43,515.7500719997188
11,52,44,547.0768209997914
11,52,45,538.692711999829
11,52,46,550.069799000994
11,52,47,533.7990179996268
11,52,48,605.3185319997283
11,52,49,546.5564940004697
11,52,50,536.3855699997657
11,52,51,559.0384349998203
11,52,52,546.024634000787
11,52,53,568.8977830013755
11,52,54,560.6588939990615
11,52,55,541.7990469995857
11,52,56,528.5117700004776
11,52,57,519.3355030005478
11,52,58,569.4669209988206
11,52,59,609.2141019998962
11,52,60,581.1237910002092
11,52,61,552.6738690005004
11,52,62,567.1322510006576
11,52,63,551.0513300014281
11,52,64,544.4426340000064
11,52,65,550.5769510000391
11,52,66,530.2148419996229
11,52,67,542.4636939987977
11,52,68,539.3078479992255
11,52,69,542.1907250001823
11,52,70,528.595587999007
11,52,71,529.1317520004668
11,52,72,555.7274150014564
11,52,73,551.1925549999432
11,52,74,559.5372580010007
11,52,75,590.4975310004374
11,52,76,543.9311760001146
11,52,77,530.6816289994458
11,52,78,518.3956199998647
11,52,79,587.7799330010021
11,52,80,580.3750779996335
11,52,81,567.3703030006436
11,52,82,532.0457849993545
11,52,83,556.4701070015872
11,52,84,549.8082260000956
11,52,85,546.7391399997723
11,52,86,529.9858640009916
11,52,87,564.6671140002582
11,52,88,538.978295000561
11,52,89,544.5213500006503
11,52,90,641.553430001295
11,52,91,547.8932539990637
11,52,92,537.7049850012554
11,52,93,540.8803329992224
11,52,94,552.7350060001481
11,52,95,549.9798169985297
11,52,96,566.5640589995746
11,52,97,557.885009000529
11,52,98,565.6518940013484
11,52,99,522.98180499929
11,52,100,537.719197000115
12,53,1,506.05395099955786
12,53,2,504.25460200131056
12,53,3,473.94248099953984
12,53,4,841.8366589994548
12,53,5,851.1985580007604
12,53,6,1141.8219459992542
12,53,7,757.7702779999527
12,53,8,662.0535980000568
12,53,9,618.526729000223
12,53,10,640.4621570000018
12,53,11,604.6899859993573
12,53,12,593.2353770003829
12,53,13,572.0863329988788
12,53,14,618.5534129999724
12,53,15,734.4754920013656
12,53,16,673.0229629993119
12,53,17,665.9712119999313
12,53,18,636.9442420000269
12,53,19,1110.4986949994782
12,53,20,850.2190780000092
12,53,21,814.0009300004749
12,53,22,756.3960320003389
12,53,23,592.6216569987446
12,53,24,498.7970559996029
12,53,25,499.2579730005673
12,53,26,488.33661600110645
12,53,27,628.8387679996958
12,53,28,615.8895560001838
12,53,29,532.8608910003823
12,53,30,564.4247190011811
12,53,31,858.2058970005164
12,53,32,1114.2441320007492
12,53,33,527.6952050007822
12,53,34,529.6891880007024
12,53,35,499.82430599993677
12,53,36,571.6461069987417
12,53,37,514.8624960002053
12,53,38,530.6275830007507
12,53,39,558.0948560000252
12,53,40,508.3025339990854
12,53,41,496.1098290004884
12,53,42,487.5452899996162
12,53,43,510.1653069996246
12,53,44,491.3234409996221
12,53,45,675.6382160001522
12,53,46,607.0079949986393
12,53,47,600.7958789996337
12,53,48,510.0049080010649
12,53,49,509.5812609997665
12,53,50,538.2651149993762
12,53,51,517.6781360005407
12,53,52,633.1588869998086
12,53,53,533.7499779998325
12,53,54,503.25513900133956
12,53,55,488.57535699971777
12,53,56,491.5986370015162
12,53,57,508.2062900000892
12,53,58,550.1110900004278
12,53,59,510.2139830014494
12,53,60,581.1196720005682
12,53,61,518.2316720001836
12,53,62,724.989516000278
12,53,63,558.479590999923
12,53,64,510.27394300035667
12,53,65,666.3604850000411
12,53,66,608.06578699885
12,53,67,566.7066990008607
12,53,68,495.34495400075684
12,53,69,544.7646419997909
12,53,70,572.6712539999426
12,53,71,501.01934399936
12,53,72,504.83574800091446
12,53,73,560.1866369997879
12,53,74,504.1153879992635
12,53,75,537.4132679989998
12,53,76,532.9331789998832
12,53,77,558.9247230000183
12,53,78,551.6978470004688
12,53,79,626.2299479985813
12,53,80,570.7146180011478
12,53,81,590.58277099939
12,53,82,664.4606499994552
12,53,83,548.4041529998649
12,53,84,519.0902829999686
12,53,85,658.4552680014895
12,53,86,624.6690280004259
12,53,87,489.8033530007524
12,53,88,490.18263300058607
12,53,89,525.0992750006844
12,53,90,514.7698319997289
12,53,91,518.8888060001773
12,53,92,522.588165000343
12,53,93,523.6034190002101
12,53,94,512.4694520000048
12,53,95,513.1960090002394
12,53,96,520.7469000015408
12,53,97,521.2040959995647
12,53,98,526.6603759991995
12,53,99,540.5666650003695
12,53,100,519.8237659988081
13,54,1,498.4806039992691
13,54,2,497.60574599895335
13,54,3,497.27969400009897
13,54,4,502.9519409999921
13,54,5,488.8981359999889
13,54,6,494.20441099937307
13,54,7,487.078850999751
13,54,8,516.7144999995799
13,54,9,503.4476190012356
13,54,10,507.5239010002406
13,54,11,505.47860100050457
13,54,12,508.0452679994778
13,54,13,510.4084930007957
13,54,14,513.0039750001743
13,54,15,499.45812199985085
13,54,16,506.3919780004653
13,54,17,533.127640001112
13,54,18,525.8890679997421
13,54,19,560.5654659993888
13,54,20,536.3820520014997
13,54,21,524.611308999738
13,54,22,537.0979899998929
13,54,23,514.8462090000976
13,54,24,509.86469500094245
13,54,25,520.3527560006478
13,54,26,515.5075319999014
13,54,27,523.8551379989076
13,54,28,509.97676699989825
13,54,29,512.6152529992396
13,54,30,529.7027999986312
13,54,31,521.1847930004296
13,54,32,517.345922999084
13,54,33,518.1972339996719
13,54,34,513.8327420008864
13,54,35,512.5731359985366
13,54,36,531.0724070004653
13,54,37,527.4528559984901
13,54,38,519.9333400014439
13,54,39,524.7172809995391
13,54,40,529.0067789992463
13,54,41,538.0408340006397
13,54,42,532.0483070008777
13,54,43,547.9608929999813
13,54,44,547.064723999938
13,54,45,505.520857999727
13,54,46,496.111282000129
13,54,47,523.6272000001918
13,54,48,522.1896410002955
13,54,49,528.7198499991064
13,54,50,519.2435030003253
13,54,51,526.350365998951
13,54,52,517.2922630008543
13,54,53,511.86357499864243
13,54,54,531.5318230004777
13,54,55,535.6106319995888
13,54,56,522.5064450005448
13,54,57,537.5630279995676
13,54,58,523.137203999795
13,54,59,535.7515520008747
13,54,60,518.1093979990692
13,54,61,548.1043479994696
13,54,62,550.9276350003347
13,54,63,553.9193019994855
13,54,64,539.7418809989176
13,54,65,555.6411130000924
13,54,66,545.0451589986187
13,54,67,553.6361419999594
13,54,68,565.0027179999597
13,54,69,538.8793460006127
13,54,70,552.6651469990611
13,54,71,547.8926659998251
13,54,72,554.6996270004456
13,54,73,564.3083869999828
13,54,74,524.5999369999481
13,54,75,517.2420169983525
13,54,76,497.43035600113217
13,54,77,532.7611909997358
13,54,78,513.1409089990484
13,54,79,544.4718319995445
13,54,80,521.4214019997598
13,54,81,517.52112900067
13,54,82,537.2364989998459
13,54,83,514.771047000977
13,54,84,517.0974880002177
13,54,85,510.88847200117016
13,54,86,513.8578709993453
13,54,87,507.09998899947095
13,54,88,513.9204770002834
13,54,89,523.5400370002026
13,54,90,531.4887509994151
13,54,91,513.7993570006074
13,54,92,517.8768979985762
13,54,93,559.0303560002212
13,54,94,564.8228019999806
13,54,95,556.5969640010735
13,54,96,549.9111219996848
13,54,97,560.5335469990678
13,54,98,563.2772459994158
13,54,99,557.9834259988274
13,54,100,568.3190420004394
14,55,1,525.7061279990012
14,55,2,483.67248899921833
14,55,3,496.1647069994797
14,55,4,496.6962769995007
14,55,5,498.33599500016135
14,55,6,499.2965639994509
14,55,7,505.0884100000985
14,55,8,489.87206000128936
14,55,9,517.7342490005685
14,55,10,559.8115829998278
14,55,11,574.0186770017317
14,55,12,554.7145809996437
14,55,13,570.0473590004549
14,55,14,583.6547380004049
14,55,15,581.8473550007184
14,55,16,579.6242019987403
14,55,17,560.2509870004724
14,55,18,564.5607370006474
14,55,19,561.3920930009044
14,55,20,589.995819998876
14,55,21,557.623340999271
14,55,22,513.3460899996862
14,55,23,509.2073440009699
14,55,24,584.8287069984508
14,55,25,538.6756929983676
14,55,26,709.5801270006632
14,55,27,568.618848999904
14,55,28,583.6315220003598
14,55,29,571.0948659998394
14,55,30,537.3064349987544
14,55,31,533.9339570000448
14,55,32,540.8629630001087
14,55,33,548.301322000043
14,55,34,547.1611110006052
14,55,35,568.6369970007945
14,55,36,548.4978509994107
14,55,37,535.5602729996463
14,55,38,550.3974459988967
14,55,39,552.3498830007156
14,55,40,557.698683000126
14,55,41,539.0866029993049
14,55,42,533.8260930002434
14,55,43,543.5382770010619
14,55,44,560.526444000061
14,55,45,510.0259899991215
14,55,46,531.8622720005806
14,55,47,531.1623100005818
14,55,48,555.2978309988248
14,55,49,537.9368030007754
14,55,50,531.4158799992583
14,55,51,531.0599019994697
14,55,52,541.5851569996448
14,55,53,541.867034000461
14,55,54,543.2705439998244
14,55,55,531.92826600025
14,55,56,555.2410349991987
14,55,57,525.9088990005694
14,55,58,531.3524370012601
14,55,59,529.0907500002504
14,55,60,527.4490940009855
14,55,61,536.4243399999395
14,55,62,532.3102780002955
14,55,63,575.7407710007101
14,55,64,534.9668290000409
14,55,65,543.6787189992174
14,55,66,538.4754429996974
14,55,67,539.7643589985819
14,55,68,541.7232500003593
14,55,69,546.5423690002353
14,55,70,554.7179759996652
14,55,71,545.1764360004745
14,55,72,538.7617689993931
14,55,73,539.8473320001358
14,55,74,547.5325970000995
14,55,75,520.2078620004613
14,55,76,536.3045729991427
14,55,77,554.2119570000068
14,55,78,533.8163609994808
14,55,79,540.5900959995051
14,55,80,528.5211359987443
14,55,81,541.3220089994866
14,55,82,804.3055560010544
14,55,83,663.2604720016388
14,55,84,533.5668389998318
14,55,85,553.9695610004856
14,55,86,533.9805459989293
14,55,87,570.798921999085
14,55,88,604.6248450002167
14,55,89,539.6916860008787
14,55,90,530.6122859983589
14,55,91,639.5806540003832
14,55,92,555.180952000228
14,55,93,523.7802270003158
14,55,94,534.1109319997486
14,55,95,541.6373870011739
14,55,96,548.7044719993719
14,55,97,537.5552290006453
14,55,98,540.138004000255
14,55,99,554.5715609987383
14,55,100,560.347811999236
15,56,1,504.0505290016881
15,56,2,501.7382980004186
15,56,3,496.75366199880955
15,56,4,500.7457110004907
15,56,5,492.3274749999109
15,56,6,492.6561159991252
15,56,7,495.59497500013094
15,56,8,512.7697899988561
15,56,9,564.5175459994789
15,56,10,568.9690870003687
15,56,11,555.1708219991269
15,56,12,583.249216000695
15,56,13,574.3948939998518
15,56,14,502.3103240000637
15,56,15,537.1276480000233
15,56,16,534.6003220001876
15,56,17,532.0123580004292
15,56,18,529.5987499994226
15,56,19,536.476314000538
15,56,20,540.0872490008624
15,56,21,559.7693039999285
15,56,22,536.3063900003908
15,56,23,536.253158999898
15,56,24,539.6103549992404
15,56,25,552.8451110003516
15,56,26,586.3114059993677
15,56,27,560.1232110002456
15,56,28,594.7923739986436
15,56,29,538.8918210010161
15,56,30,527.0464519999223
15,56,31,552.6758019987028
15,56,32,543.4371739993367
15,56,33,529.541171999881
15,56,34,530.0587059991813
15,56,35,519.5079349996377
15,56,36,512.3718949998874
15,56,37,521.158010000363
15,56,38,571.0951979999663
15,56,39,551.692261999051
15,56,40,604.4637459999649
15,56,41,551.5194780000456
15,56,42,554.2057830007252
15,56,43,559.8916630005988
15,56,44,567.9379470002459
15,56,45,550.7322499997827
15,56,46,576.7983250007092
15,56,47,554.1896350005118
15,56,48,579.9147019988595
15,56,49,530.8188550006889
15,56,50,514.5946320008079
15,56,51,510.7078070013813
15,56,52,545.9730799993849
15,56,53,538.6222409997572
15,56,54,547.3615430000791
15,56,55,546.6022159998829
15,56,56,541.7824819996895
15,56,57,521.586284001387
15,56,58,526.8665489984414
15,56,59,516.1381319994689
15,56,60,513.4798639992368
15,56,61,554.052169998613
15,56,62,565.2541529998416
15,56,63,556.4225489997625
15,56,64,547.4992899999052
15,56,65,551.7376209991198
15,56,66,510.9381880010915
15,56,67,514.7124660015834
15,56,68,569.2256299989822
15,56,69,563.0882919995202
15,56,70,563.033935999556
15,56,71,555.0778630004061
15,56,72,523.3023049986514
15,56,73,525.7808699989255
15,56,74,517.1201739995013
15,56,75,557.4349039998197
15,56,76,559.5892530000128
15,56,77,569.9993889993493
15,56,78,547.9937079999218
15,56,79,521.5523240003677
15,56,80,506.0668349997286
15,56,81,512.4511659996642
15,56,82,537.2988599992823
15,56,83,570.8932689994981
15,56,84,539.7949449998123
15,56,85,544.6904100008396
15,56,86,554.6033720002015
15,56,87,519.4226399999025
15,56,88,513.8812670011248
15,56,89,516.3889689993084
15,56,90,541.55731299943
15,56,91,536.6074759986077
15,56,92,535.9730410000338
15,56,93,534.5270180005173
15,56,94,539.786785000615
15,56,95,511.0050699986459
15,56,96,546.0316790013167
15,56,97,543.7729160003073
15,56,98,544.824910000898
15,56,99,535.6917529989005
15,56,100,539.871705999758
16,57,1,603.1667329989432
16,57,2,569.1666370003077
16,57,3,576.2611009995453
16,57,4,549.922300999242
16,57,5,539.4557299987355
16,57,6,588.9705560002767
16,57,7,620.005974000378
16,57,8,579.2979059988284
16,57,9,547.5391479994869
16,57,10,579.0867949999665
16,57,11,511.34709200050565
16,57,12,521.3272359997063
16,57,13,514.8478739993152
16,57,14,548.079897000207
16,57,15,545.6722620001528
16,57,16,552.1241890000965
16,57,17,543.7567429999035
16,57,18,550.5597259998467
16,57,19,542.1889769986592
16,57,20,509.63486799992097
16,57,21,524.8392510002304
16,57,22,531.1531249990367
16,57,23,567.7914099996997
16,57,24,571.0048119999556
16,57,25,555.3822099991521
16,57,26,570.1188590010133
16,57,27,546.5769870006625
16,57,28,508.9905600016209
16,57,29,527.603969001575
16,57,30,576.348300999598
16,57,31,541.0204750005505
16,57,32,551.5557769995212
16,57,33,551.1909529996046
16,57,34,510.6638860015664
16,57,35,528.0535330002749
16,57,36,517.3711939987697
16,57,37,560.011323001163
16,57,38,554.57986699912
16,57,39,561.8024169998534
16,57,40,528.3717069996783
16,57,41,520.0613960005285
16,57,42,514.2003370001476
16,57,43,529.3616879989713
16,57,44,543.7624590013002
16,57,45,541.7192630011414
16,57,46,542.2029809997184
16,57,47,543.1104180006514
16,57,48,546.7528340013814
16,57,49,527.0808509994822
16,57,50,504.73845900160086
16,57,51,519.0179180008272
16,57,52,557.8673759991943
16,57,53,561.3377889985713
16,57,54,550.6585079983779
16,57,55,560.6342470000527
16,57,56,568.6129770001571
16,57,57,513.4253559990611
16,57,58,512.4697880000895
16,57,59,551.2767229993187
16,57,60,566.0309359991516
16,57,61,553.2759070010798
16,57,62,564.3521700003475
16,57,63,511.24795299983816
16,57,64,517.5020580009004
16,57,65,515.8889170015755
16,57,66,550.3159789986967
16,57,67,551.3095960013743
16,57,68,559.6410289999767
16,57,69,536.4832539999043
16,57,70,507.4493539996183
16,57,71,509.20217800012324
16,57,72,518.4132389986189
16,57,73,515.3080469990527
16,57,74,502.49131099917577
16,57,75,530.3860749991145
16,57,76,541.7110739999771
16,57,77,531.8921030011552
16,57,78,547.1827179990214
16,57,79,533.6333159993956
16,57,80,521.8698579992633
16,57,81,513.7934779995703
16,57,82,544.2552639997302
16,57,83,554.7705369990581
16,57,84,554.2779410006915
16,57,85,563.7213279987918
16,57,86,568.7055390008027
16,57,87,519.546542000171
16,57,88,508.5241260003386
16,57,89,562.5419250009145
16,57,90,555.7499169990479
16,57,91,562.2720560004382
16,57,92,557.5314110010368
16,57,93,522.4309169989283
16,57,94,506.28803000108746
16,57,95,512.5678339991282
16,57,96,552.4932049993367
16,57,97,556.9992710006773
16,57,98,560.0628240008518
16,57,99,550.6320259992208
16,57,100,531.113422000999
17,58,1,538.6490260007122
17,58,2,533.9670299999852
17,58,3,523.505467999712
17,58,4,487.5152179993165
17,58,5,477.9089869989548
17,58,6,479.84944000018004
17,58,7,528.188209000291
17,58,8,526.6031930004829
17,58,9,525.4796219996933
17,58,10,573.0632360009622
17,58,11,535.9798410008807
17,58,12,536.7819580005744
17,58,13,540.8934019997105
17,58,14,567.174541998611
17,58,15,585.1035989999218
17,58,16,564.9002370009839
17,58,17,599.563006999233
17,58,18,520.9229170013714
17,58,19,532.3577729996032
17,58,20,536.0442149994924
17,58,21,530.0242799985426
17,58,22,551.0682420008379
17,58,23,573.7242119994335
17,58,24,577.4913900004321
17,58,25,588.372355001411
17,58,26,562.7187390000472
17,58,27,528.2835880007042
17,58,28,544.6440560008341
17,58,29,546.8623329998081
17,58,30,572.408402000292
17,58,31,574.4643109992467
17,58,32,579.6314640010678
17,58,33,522.5582470011432
17,58,34,528.5084499992081
17,58,35,512.2104689999105
17,58,36,546.2488850007503
17,58,37,566.5144209997379
17,58,38,554.5558859994344
17,58,39,548.1935520001571
17,58,40,516.0898439989978
17,58,41,512.1409099992889
17,58,42,510.4703569995763
17,58,43,535.8968549990095
17,58,44,571.4929349996964
17,58,45,559.4619410003361
17,58,46,569.1385629997967
17,58,47,549.9849329989956
17,58,48,535.4604599997401
17,58,49,554.4442219998018
17,58,50,586.501447000046
17,58,51,542.6621599999635
17,58,52,566.1345179996715
17,58,53,562.0981009997195
17,58,54,552.1366250013671
17,58,55,558.4637459996884
17,58,56,507.26630999997724
17,58,57,510.85087599858525
17,58,58,510.4615910004213
17,58,59,572.520011000961
17,58,60,554.1912209992006
17,58,61,555.0286570014578
17,58,62,553.7908189999143
17,58,63,517.1913129997847
17,58,64,509.3214469998202
17,58,65,521.5572709985281
17,58,66,549.2372549997526
17,58,67,548.7619750001613
17,58,68,546.3786680011253
17,58,69,553.865883999606
17,58,70,520.7250300009036
17,58,71,507.46502699985285
17,58,72,524.6294410007977
17,58,73,559.256603999529
17,58,74,569.8942690014519
17,58,75,569.5392910001829
17,58,76,559.5237519992224
17,58,77,552.8130260008766
17,58,78,547.5363730001845
17,58,79,510.0529830015148
17,58,80,526.5688359995693
17,58,81,541.0922989995015
17,58,82,563.6334050013829
17,58,83,552.3107509998226
17,58,84,554.4524130000354
17,58,85,542.5625280004169
17,58,86,510.2611160000379
17,58,87,520.9136519988533
17,58,88,538.5770000011689
17,58,89,552.3670509992371
17,58,90,563.5374809990026
17,58,91,561.1946140015789
17,58,92,548.2401239987666
17,58,93,509.77296699966246
17,58,94,504.14957700013474
17,58,95,505.2673099999083
17,58,96,553.2067650001409
17,58,97,563.5405350003566
17,58,98,557.1455480003351
17,58,99,536.1860860011802
17,58,100,509.9602390000655
18,59,1,514.9742030007474
18,59,2,509.46698500047205
18,59,3,524.6318959998462
18,59,4,470.94614600064233
18,59,5,466.2667850006983
18,59,6,483.2304439987638
18,59,7,512.1202720001747
18,59,8,528.153105000456
18,59,9,508.3781610010192
18,59,10,544.2008410009294
18,59,11,544.1299970007094
18,59,12,522.3726320000424
18,59,13,516.2058559999423
18,59,14,555.2592080002796
18,59,15,569.729222001115
18,59,16,563.2510759987781
18,59,17,572.0162569996319
18,59,18,513.746156999332
18,59,19,519.568129999243
18,59,20,515.5076259998168
18,59,21,520.518882000033
18,59,22,530.1399809995928
18,59,23,563.3351290016435
18,59,24,579.484390998914
18,59,25,565.7119900006364
18,59,26,552.3601400000189
18,59,27,515.4334750004637
18,59,28,509.1076389999216
18,59,29,511.73579600072117
18,59,30,569.4678050003859
18,59,31,558.3934229998704
18,59,32,564.3014990000665
18,59,33,557.1907819994522
18,59,34,506.5270400009467
18,59,35,518.4021629993367
18,59,36,508.8636780001252
18,59,37,550.0651610000205
18,59,38,555.3064880004968
18,59,39,548.9671510003973
18,59,40,531.9029120000778
18,59,41,522.4468760006857
18,59,42,526.7553220000991
18,59,43,498.34964299952844
18,59,44,549.5169059995533
18,59,45,561.7798050006968
18,59,46,554.8620560002746
18,59,47,577.9717389996222
18,59,48,530.2428360009799
18,59,49,503.0750349997106
18,59,50,533.4568359994591
18,59,51,505.9473999990587
18,59,52,513.5346220013162
18,59,53,555.2423650005949
18,59,54,550.5361610012187
18,59,55,557.0740739985922
18,59,56,559.9425769996742
18,59,57,506.7156099994463
18,59,58,511.0955410000315
18,59,59,519.9442430002819
18,59,60,555.2174749991536
18,59,61,574.4121659990924
18,59,62,551.5630959998816
18,59,63,554.7453990002396
18,59,64,519.9758580001799
18,59,65,510.2857980000408
18,59,66,509.7396170003776
18,59,67,570.771460999822
18,59,68,565.6476620006288
18,59,69,564.0248949985107
18,59,70,551.320996000868
18,59,71,525.1660909998463
18,59,72,509.38564500029315
18,59,73,517.4837399990793
18,59,74,539.6594049998384
18,59,75,559.7285010007909
18,59,76,562.3540189990308
18,59,77,551.530721000745
18,59,78,553.3283139993728
18,59,79,518.5791540006903
18,59,80,524.614191001092
18,59,81,510.71676799983834
18,59,82,529.6673160009959
18,59,83,550.1626690002013
18,59,84,552.4697900000319
18,59,85,561.3027260005765
18,59,86,564.2634619998717
18,59,87,520.1900309984921
18,59,88,508.6215009996522
18,59,89,508.21324000025925
18,59,90,567.753649000224
18,59,91,546.2307810012135
18,59,92,552.4429840006633
18,59,93,555.3388879998238
18,59,94,517.2323819988378
18,59,95,506.2979139984236
18,59,96,521.7842789988936
18,59,97,560.7214100000419
18,59,98,548.4522019996803
18,59,99,559.8544069998752
18,59,100,558.9332629988348
19,60,1,513.5654009991413
19,60,2,506.93405799938773
19,60,3,507.20733200068935
19,60,4,518.4340929990867
19,60,5,518.5414900006435
19,60,6,476.92463000021235
19,60,7,480.31644500042603
19,60,8,511.76249800118967
19,60,9,526.8333650001296
19,60,10,555.3892790012469
19,60,11,565.5801519988017
19,60,12,530.8391710004798
19,60,13,527.7586880001763
19,60,14,531.9437109992577
19,60,15,535.8610849998513
19,60,16,543.753697998909
19,60,17,575.6981369995628
19,60,18,553.0840899991745
19,60,19,538.080764001279
19,60,20,527.9952559994854
19,60,21,524.6502049994888
19,60,22,511.2467760009167
19,60,23,545.1277249994746
19,60,24,547.0106399989163
19,60,25,547.6080539992836
19,60,26,550.0584190012887
19,60,27,552.327843999592
19,60,28,516.2861449989578
19,60,29,518.8090829997236
19,60,30,512.6928350000526
19,60,31,555.3186519991868
19,60,32,563.9677299986943
19,60,33,556.0531290011568
19,60,34,568.6533410007542
19,60,35,549.758049999582
19,60,36,519.9181280004268
19,60,37,510.65703600033885
19,60,38,557.2267040006409
19,60,39,562.8699209992192
19,60,40,559.4886229991971
19,60,41,554.4240910003282
19,60,42,503.93834200076526
19,60,43,512.0369889991707
19,60,44,515.4688450002141
19,60,45,549.2784359994403
19,60,46,538.7980899995455
19,60,47,548.8459270000021
19,60,48,547.492603000137
19,60,49,549.0129489990068
19,60,50,506.98628300051496
19,60,51,526.4624199990067
19,60,52,526.554230000329
19,60,53,553.4746499997709
19,60,54,562.9687670007115
19,60,55,552.0298419996834
19,60,56,555.4897500005609
19,60,57,551.7600630009838
19,60,58,529.0965809999761
19,60,59,528.4701399996266
19,60,60,508.7790350007708
19,60,61,531.1791829990398
19,60,62,542.4851549996674
19,60,63,568.2313769993925
19,60,64,542.3228219988232
19,60,65,542.2051850000571
19,60,66,517.5586300010764
19,60,67,521.778180000183
19,60,68,559.5524420004949
19,60,69,573.1092210007773
19,60,70,570.8813519995601
19,60,71,561.63375199867
19,60,72,521.8524680003611
19,60,73,522.2443610000482
19,60,74,510.59101700047904
19,60,75,602.7058820000093
19,60,76,574.1877850014134
19,60,77,552.0757970007253
19,60,78,551.2870600014139
19,60,79,518.9888879995124
19,60,80,524.9610910013871
19,60,81,513.5974090007949
19,60,82,523.9865819985425
19,60,83,531.8515580001986
19,60,84,559.2627200003335
19,60,85,533.1454500010295
19,60,86,569.1079660009564
19,60,87,556.4332679987274
19,60,88,541.6190579999238
19,60,89,516.6485350000585
19,60,90,535.4381600009219
19,60,91,547.2376859997894
19,60,92,564.1540769993298
19,60,93,566.8122829993081
19,60,94,554.8055250001198
19,60,95,513.1720950012095
19,60,96,511.51976800065313
19,60,97,539.2987049999647
19,60,98,561.1662749997777
19,60,99,554.5397919995594
19,60,100,555.193173000589
20,61,1,506.0560300007637
20,61,2,514.4992610003101
20,61,3,509.7288209999533
20,61,4,512.0425439999963
20,61,5,525.7172140009061
20,61,6,521.7227510001976
20,61,7,495.76307899951644
20,61,8,529.2369930011773
20,61,9,541.4811040009226
20,61,10,572.4780350010406
20,61,11,584.2665059990395
20,61,12,578.5712640008569
20,61,13,523.1596400008129
20,61,14,525.9072459994059
20,61,15,553.3956250001211
20,61,16,543.0904229997395
20,61,17,556.5056159994128
20,61,18,546.9624680008565
20,61,19,559.8038489988539
20,61,20,548.9099710011942
20,61,21,501.71734600007767
20,61,22,564.4195540007786
20,61,23,561.226641999383
20,61,24,539.9392219987931
20,61,25,567.3888019991864
20,61,26,556.0958480000409
20,61,27,553.2833609995578
20,61,28,533.2761770005163
20,61,29,524.6007430014288
20,61,30,508.52969200059306
20,61,31,545.8822220007278
20,61,32,540.8016629990016
20,61,33,551.1082359989814
20,61,34,560.8605670004181
20,61,35,552.101016000961
20,61,36,522.8703070006304
20,61,37,527.3413100003381
20,61,38,546.9950510014314
20,61,39,562.4539910004387
20,61,40,559.0291219996288
20,61,41,550.7647079994058
20,61,42,549.8223199992935
20,61,43,513.6378610004613
20,61,44,500.49271599891654
20,61,45,545.310026000152
20,61,46,533.763765999538
20,61,47,550.4912300002616
20,61,48,553.1887680008367
20,61,49,546.0024460007844
20,61,50,517.4674879999657
20,61,51,522.8597330005869
20,61,52,567.275718000019
20,61,53,548.3608869999443
20,61,54,548.3990970005834
20,61,55,563.3591289988544
20,61,56,552.5569069995981
20,61,57,555.3908040001261
20,61,58,521.5091760001087
20,61,59,511.96190000155184
20,61,60,549.4748479995906
20,61,61,548.9489620013046
20,61,62,559.4236270007968
20,61,63,547.6470470002823
20,61,64,547.2923639990768
20,61,65,556.1261129987543
20,61,66,516.8063649998658
20,61,67,527.7200379987335
20,61,68,558.3475639996323
20,61,69,550.469948000682
20,61,70,538.6864749998495
20,61,71,556.1812270007067
20,61,72,532.8490789997886
20,61,73,501.30411999998614
20,61,74,516.5619580002385
20,61,75,554.4628329989791
20,61,76,545.611868999913
20,61,77,535.710228001335
20,61,78,547.1477520004555
20,61,79,542.3389900006441
20,61,80,524.4682010015822
20,61,81,515.3387540012773
20,61,82,562.4933229992166
20,61,83,556.1423760009347
20,61,84,553.5677719999512
20,61,85,558.7563999997656
20,61,86,538.3791670010396
20,61,87,552.6421989998198
20,61,88,510.886861000472
20,61,89,524.6122389999073
20,61,90,556.7535810005211
20,61,91,547.1607039999071
20,61,92,543.0545050003275
20,61,93,561.8415730004926
20,61,94,551.774163999653
20,61,95,550.6003749997035
20,61,96,510.37832600013644
20,61,97,549.3864880008914
20,61,98,550.9571649999998
20,61,99,550.8171699984814
20,61,100,540.9095960003469
21,62,1,499.2971989995567
21,62,2,510.33347500015225
21,62,3,496.223871001348
21,62,4,504.0724989994487
21,62,5,480.43262400096864
21,62,6,486.19718000009016
21,62,7,500.2190450013586
21,62,8,504.14632499996515
21,62,9,501.6021240007831
21,62,10,548.5636200010049
21,62,11,540.9989100007806
21,62,12,563.8663669997186
21,62,13,506.4952640004776
21,62,14,529.9013790008757
21,62,15,516.3214929998503
21,62,16,530.9980629990605
21,62,17,544.3344230006915
21,62,18,544.4266539998353
21,62,19,541.3919860002352
21,62,20,537.0260949985095
21,62,21,538.2730689998425
21,62,22,535.4329439996945
21,62,23,517.5946310009749
21,62,24,568.656662999274
21,62,25,559.7617500006891
21,62,26,551.6835559992614
21,62,27,548.3122780005942
21,62,28,510.8349670008465
21,62,29,510.38154200068675
21,62,30,519.91972200085
21,62,31,564.563800000542
21,62,32,556.641748000402
21,62,33,585.6235570008721
21,62,34,550.4835689989704
21,62,35,508.75938500030315
21,62,36,519.4107209990761
21,62,37,510.3509580003447
21,62,38,549.2418829999224
21,62,39,563.9299159993243
21,62,40,570.4634329995315
21,62,41,565.3436579996196
21,62,42,507.91116599975794
21,62,43,514.9900490014261
21,62,44,511.34427199940546
21,62,45,507.1259819997067
21,62,46,539.0102740002476
21,62,47,540.891032998843
21,62,48,540.2773019995948
21,62,49,550.3196219997335
21,62,50,542.6395239992416
21,62,51,536.4535070002603
21,62,52,542.3693709999498
21,62,53,534.3672179988062
21,62,54,557.8261160007969
21,62,55,557.2342899995419
21,62,56,544.0825919995405
21,62,57,552.2446290015068
21,62,58,507.91519100130245
21,62,59,525.894109001456
21,62,60,522.51466800044
21,62,61,554.9619429984887
21,62,62,604.0036239992332
21,62,63,585.0666440001078
21,62,64,574.4830349995027
21,62,65,516.8878690001293
21,62,66,527.824179000163
21,62,67,509.39466599993466
21,62,68,558.4968510011095
21,62,69,535.6843569988996
21,62,70,570.7658390001598
21,62,71,546.3813159985875
21,62,72,551.4765389998502
21,62,73,515.7288260015775
21,62,74,509.68510700113256
21,62,75,515.8014600001479
21,62,76,541.6778639992117
21,62,77,539.6067769997899
21,62,78,541.6247749999457
21,62,79,556.6815440015489
21,62,80,544.6796500000346
21,62,81,510.0060589993518
21,62,82,514.6664439998858
21,62,83,567.4778140000853
21,62,84,556.2056609996944
21,62,85,564.2190019989357
21,62,86,550.361891000648
21,62,87,526.5298720005376
21,62,88,516.8425320007373
21,62,89,536.6914059995906
21,62,90,554.4520510011353
21,62,91,565.2132219984196
21,62,92,554.6015820000321
21,62,93,559.9246439996932
21,62,94,518.0946760010556
21,62,95,521.8722859990521
21,62,96,515.1119209986064
21,62,97,573.3940689988231
21,62,98,551.3784980012133
21,62,99,554.5213570003398
21,62,100,545.216642000014
22,63,1,527.50872300021
22,63,2,523.6760980005783
22,63,3,528.8143170000694
22,63,4,515.2711320006347
22,63,5,490.4775970007904
22,63,6,479.85333100041316
22,63,7,479.58354799993685
22,63,8,508.4823920005874
22,63,9,557.1180719998665
22,63,10,570.3691339986108
22,63,11,572.6099149997026
22,63,12,528.9083939987904
22,63,13,504.2532970001048
22,63,14,514.0535810005531
22,63,15,539.4232849994296
22,63,16,562.832186000378
22,63,17,583.5798019998037
22,63,18,581.5172889997484
22,63,19,537.9205760000332
22,63,20,527.1011220011133
22,63,21,534.5311789988045
22,63,22,555.9914409986959
22,63,23,555.1001859985263
22,63,24,540.5334909992234
22,63,25,540.8770480007661
22,63,26,534.3552700014698
22,63,27,538.4397529996932
22,63,28,526.6437200007204
22,63,29,530.6457490005414
22,63,30,547.4448990007659
22,63,31,560.1939950011001
22,63,32,562.0840190003946
22,63,33,544.4289059996663
22,63,34,579.7882240003673
22,63,35,516.0595530014689
22,63,36,515.3039010001521
22,63,37,514.0891920000286
22,63,38,549.2948179999075
22,63,39,564.9180710006476
22,63,40,572.727078000753
22,63,41,552.2366579989466
22,63,42,564.7153629997774
22,63,43,514.814521999142
22,63,44,519.8883470002329
22,63,45,518.1757359987387
22,63,46,544.3406829999731
22,63,47,542.693847000919
22,63,48,542.7016310004547
22,63,49,539.7955169992201
22,63,50,523.6170250009309
22,63,51,521.6357589997642
22,63,52,514.9769780000497
22,63,53,556.6068879998056
22,63,54,569.5619569996779
22,63,55,564.4231610003771
22,63,56,516.6582790006942
22,63,57,522.1274149989767
22,63,58,530.1939769997261
22,63,59,519.0837980007927
22,63,60,514.6069589991384
22,63,61,552.5306099989393
22,63,62,552.3618700008228
22,63,63,545.36948599889
22,63,64,554.7777049996512
22,63,65,535.6981120003184
22,63,66,517.9424420002761
22,63,67,525.1612339998246
22,63,68,547.0537900000636
22,63,69,563.332072000776
22,63,70,547.2069159986859
22,63,71,563.3027439998841
22,63,72,554.6426599994447
22,63,73,521.8173149987706
22,63,74,510.08195299982617
22,63,75,525.1986080002098
22,63,76,559.0004219993716
22,63,77,565.226786000494
22,63,78,619.5941770001809
22,63,79,573.7805670014495
22,63,80,509.2937389999861
22,63,81,518.8608070002374
22,63,82,524.9901339993812
22,63,83,553.430041001775
22,63,84,556.1704529991403
22,63,85,564.2095889998018
22,63,86,527.7239860006375
22,63,87,519.1798790001485
22,63,88,514.7398970002541
22,63,89,508.7833080015116
22,63,90,502.678945000298
22,63,91,557.2842439996748
22,63,92,555.8121630001551
22,63,93,553.5322650011949
22,63,94,569.6659540008113
22,63,95,528.3778810007789
22,63,96,528.5652799993841
22,63,97,588.7703249991318
22,63,98,581.2504770001397
22,63,99,563.505386999168
22,63,100,565.3946370002814
23,64,1,520.4839399993944
23,64,2,521.4034030013863
23,64,3,519.7612889987795
23,64,4,509.63061500078766
23,64,5,526.1897569998837
23,64,6,477.6002679991507
23,64,7,490.6145099994319
23,64,8,479.691262000415
23,64,9,551.0624770013237
23,64,10,559.9710579990642
23,64,11,580.1894140004151
23,64,12,564.8436160008714
23,64,13,567.4878009995155
23,64,14,518.6472440000216
23,64,15,548.3399540007667
23,64,16,565.1358089999121
23,64,17,560.3724640004657
23,64,18,571.307918000457
23,64,19,592.6014279993979
23,64,20,518.2463310011372
23,64,21,526.310741000998
23,64,22,516.1503600011201
23,64,23,559.3507119992864
23,64,24,558.8057300010405
23,64,25,559.3726790011715
23,64,26,565.7245470010821
23,64,27,518.1813149993104
23,64,28,519.0935880000325
23,64,29,516.9206760001543
23,64,30,565.7622019989503
23,64,31,546.1657910000213
23,64,32,552.5896109993482
23,64,33,548.4419770000386
23,64,34,555.082601000322
23,64,35,521.2203959999897
23,64,36,528.4793859991623
23,64,37,518.9201630000753
23,64,38,513.3175780010788
23,64,39,560.3253419994871
23,64,40,575.1019840008667
23,64,41,554.5723720006208
23,64,42,557.4140669996268
23,64,43,540.462129001753
23,64,44,539.1163230015081
23,64,45,516.6408610002691
23,64,46,553.8790030004748
23,64,47,568.6243260006449
23,64,48,552.1798270001455
23,64,49,573.9944729994022
23,64,50,598.4883180008183
23,64,51,528.6818310014496
23,64,52,524.5447270008299
23,64,53,568.5378390007827
23,64,54,564.9899220006773
23,64,55,568.6535659988294
23,64,56,509.34910500109254
23,64,57,502.7769909993367
23,64,58,515.6272509993869
23,64,59,516.7833529994823
23,64,60,549.3364169997221
23,64,61,542.7996390008047
23,64,62,559.0504539995891
23,64,63,554.8966269998346
23,64,64,550.8209859999624
23,64,65,510.4065800005628
23,64,66,511.551130000953
23,64,67,509.47956500021974
23,64,68,563.5460820012668
23,64,69,539.6798319998197
23,64,70,691.8364659995859
23,64,71,684.590085000309
23,64,72,550.7997589993465
23,64,73,506.4045649996842
23,64,74,504.7412490002898
23,64,75,575.0806060004834
23,64,76,564.1656370007695
23,64,77,559.2737570004829
23,64,78,545.6143370010977
23,64,79,510.43331300024875
23,64,80,515.6081299992366
23,64,81,518.4648979993653
23,64,82,557.4459199997364
23,64,83,573.1998079991172
23,64,84,565.2343359997758
23,64,85,524.1856529992219
23,64,86,513.5119420010597
23,64,87,512.3609300007956
23,64,88,529.0486200010491
23,64,89,517.1580019996327
23,64,90,524.3657139999414
23,64,91,573.1261660002929
23,64,92,572.4974389995623
23,64,93,567.1083649995126
23,64,94,534.0960489993449
23,64,95,530.4771909995907
23,64,96,517.2782900008315
23,64,97,511.44062999992457
23,64,98,548.3653450010024
23,64,99,560.105061998911
23,64,100,570.131370001036
24,65,1,523.4739090010407
24,65,2,520.6384899993282
24,65,3,516.7498320006416
24,65,4,477.0552550016873
24,65,5,481.0934279994399
24,65,6,476.6520600005606
24,65,7,500.60540000049514
24,65,8,510.1993659991422
24,65,9,523.292768999454
24,65,10,567.6486909997038
24,65,11,525.6936969999515
24,65,12,517.0469980002963
24,65,13,534.7303010003088
24,65,14,534.2438789994048
24,65,15,556.912549000117
24,65,16,563.6039359997085
24,65,17,566.9856900003651
24,65,18,507.76634399881004
24,65,19,521.8538259996421
24,65,20,540.8111690012447
24,65,21,531.2927579998359
24,65,22,513.429239999823
24,65,23,538.3407740009716
24,65,24,553.4818670003006
24,65,25,563.9643230006186
24,65,26,542.4012129988114
24,65,27,556.2628850002511
24,65,28,515.577628999381
24,65,29,515.5103469987807
24,65,30,511.7523689987138
24,65,31,555.3325279997807
24,65,32,557.0858539995243
24,65,33,564.4563239984564
24,65,34,552.8066119986761
24,65,35,516.3950659989496
24,65,36,528.171124000437
24,65,37,507.3775590008154
24,65,38,555.3980679997039
24,65,39,556.4285569998901
24,65,40,562.9701660000137
24,65,41,578.2895449992793
24,65,42,516.9652570002654
24,65,43,514.354414999616
24,65,44,530.6447530001606
24,65,45,550.8798850005405
24,65,46,559.166801000174
24,65,47,563.908154001183
24,65,48,563.875707999614
24,65,49,520.0522809991526
24,65,50,518.4544710009504
24,65,51,507.35979399905773
24,65,52,554.1929730006814
24,65,53,545.457438000085
24,65,54,568.8088120004977
24,65,55,565.5483370010188
24,65,56,530.7482649986923
24,65,57,516.4359700011119
24,65,58,520.9455580006761
24,65,59,526.1627270010649
24,65,60,557.3332780004421
24,65,61,547.3247059999267
24,65,62,545.083760000125
24,65,63,536.6942880009447
24,65,64,547.2467700001289
24,65,65,507.6343350010575
24,65,66,524.8898610007018
24,65,67,508.1188940002903
24,65,68,570.6504930003575
24,65,69,555.9994979994372
24,65,70,564.3347929999436
24,65,71,576.234864000071
24,65,72,563.7897180004074
24,65,73,526.0193729991443
24,65,74,518.059981000988
24,65,75,544.8650119997183
24,65,76,549.3586110005708
24,65,77,564.5584470003087
24,65,78,563.7420599996403
24,65,79,521.7245309995633
24,65,80,501.9073200001003
24,65,81,513.5731829996075
24,65,82,536.735896999744
24,65,83,554.6477939988108
24,65,84,548.0219550008769
24,65,85,565.1260209997417
24,65,86,515.1183979996858
24,65,87,520.6564669988438
24,65,88,511.88290100071754
24,65,89,515.433069998835
24,65,90,560.0947570001154
24,65,91,566.3733010005672
24,65,92,547.7228599993396
24,65,93,517.1385659996304
24,65,94,506.33189200016204
24,65,95,513.0426690011518
24,65,96,526.9000290008989
24,65,97,549.8796920001041
24,65,98,532.1869969993713
24,65,99,554.8342370002501
24,65,100,549.7166700006346
25,66,1,522.4998839985346
25,66,2,519.4598510006472
25,66,3,524.2948309987696
25,66,4,524.6822300014173
25,66,5,488.54019699865603
25,66,6,486.277964000692
25,66,7,486.1821279992
25,66,8,511.3889519998338
25,66,9,545.175488001405
25,66,10,575.763716999063
25,66,11,579.1470489984931
25,66,12,544.033030000719
25,66,13,520.6918289986788
25,66,14,516.8138779990841
25,66,15,569.0409230010118
25,66,16,579.7928619995218
25,66,17,564.5151869994152
25,66,18,559.4620639985806
25,66,19,519.821955000225
25,66,20,524.0543279996928
25,66,21,511.5098489986849
25,66,22,508.693661999132
25,66,23,525.7265589989402
25,66,24,548.05569599921
25,66,25,562.8861139994115
25,66,26,547.3041829991416
25,66,27,566.211610001119
25,66,28,514.8771549993398
25,66,29,509.7496449998289
25,66,30,525.4485360001127
25,66,31,561.3330039996072
25,66,32,576.529705998837
25,66,33,548.3322019990737
25,66,34,568.068676000621
25,66,35,500.8983400002762
25,66,36,560.1635319999332
25,66,37,514.8373829997581
25,66,38,537.4895209988608
25,66,39,522.3924959991564
25,66,40,535.1903419996233
25,66,41,558.643767999456
25,66,42,548.2064690004336
25,66,43,515.8580650004296
25,66,44,529.4006910007738
25,66,45,560.622996001257
25,66,46,566.1894020013278
25,66,47,543.614112000796
25,66,48,566.1463629985519
25,66,49,571.5348189987708
25,66,50,518.7615060003736
25,66,51,524.176869999792
25,66,52,518.3128570006375
25,66,53,563.950443000067
25,66,54,561.0042290009005
25,66,55,562.5144400000863
25,66,56,548.6738510007854
25,66,57,550.5806160017528
25,66,58,513.2906540002296
25,66,59,523.25948699945
25,66,60,567.2034330000315
25,66,61,556.7562079995696
25,66,62,571.939237001061
25,66,63,554.9816220009234
25,66,64,526.7380400000548
25,66,65,523.0806149993441
25,66,66,531.9070449986611
25,66,67,540.4784319998726
25,66,68,553.859616000409
25,66,69,555.3957690008247
25,66,70,565.9866139994847
25,66,71,533.4114970009978
25,66,72,531.0723729999154
25,66,73,516.5817549986969
25,66,74,558.196391999445
25,66,75,557.8767000006337
25,66,76,557.2431090004102
25,66,77,556.6974399989704
25,66,78,569.3582660005632
25,66,79,514.1353530016204
25,66,80,529.0898439998273
25,66,81,566.1116240007686
25,66,82,548.9937719994487
25,66,83,557.2482429997763
25,66,84,549.8659509994468
25,66,85,534.0874619996612
25,66,86,519.2968720002682
25,66,87,532.9318710009829
25,66,88,530.8738950006955
25,66,89,542.1908769985748
25,66,90,548.60505599936
25,66,91,538.0289730001095
25,66,92,544.088405000366
25,66,93,546.7461349999212
25,66,94,544.3111000004137
25,66,95,537.5587429989537
25,66,96,529.319511999347
25,66,97,544.0467769985844
25,66,98,568.9649899995857
25,66,99,560.7886060006422
25,66,100,545.7148650002637
26,67,1,519.1018509995047
26,67,2,528.0858309997711
26,67,3,513.3062499990046
26,67,4,489.2556250015332
26,67,5,483.09842699927685
26,67,6,488.2488769999327
26,67,7,477.2900980005943
26,67,8,488.0176099995879
26,67,9,512.541283000246
26,67,10,547.3507099995913
26,67,11,548.8089989994478
26,67,12,558.6987090009643
26,67,13,538.8890159993025
26,67,14,539.7937719990296
26,67,15,515.5090449989075
26,67,16,563.124140000582
26,67,17,568.0562249999639
26,67,18,566.8425839994597
26,67,19,561.8371210002806
26,67,20,526.47472299941
26,67,21,524.4655890001013
26,67,22,500.89722400116443
26,67,23,556.1084030014172
26,67,24,560.4404320001777
26,67,25,554.8100089999934
26,67,26,574.4245419991785
26,67,27,525.6496549991425
26,67,28,521.9020149997959
26,67,29,514.3336450000788
26,67,30,550.4188989998511
26,67,31,550.8025799990719
26,67,32,562.8755380002985
26,67,33,566.4739370004099
26,67,34,514.27831699948
26,67,35,525.3640430000814
26,67,36,526.9335619996127
26,67,37,521.601317999739
26,67,38,547.8487690015754
26,67,39,555.6358499998169
26,67,40,554.5309419994737
26,67,41,589.9643039992952
26,67,42,568.4873430000152
26,67,43,514.9417939992418
26,67,44,512.767227999575
26,67,45,556.5466990010464
26,67,46,562.4561659988103
26,67,47,563.900282000759
26,67,48,555.4470790011692
26,67,49,504.49265299903345
26,67,50,538.6250999999902
26,67,51,512.080562999472
26,67,52,547.2355570000218
26,67,53,539.5312600012403
26,67,54,544.21692699907
26,67,55,543.3254319996195
26,67,56,549.4533509991015
26,67,57,517.311707000772
26,67,58,530.8653970005253
26,67,59,533.6024090011051
26,67,60,563.0101920014567
26,67,61,559.8114430013084
26,67,62,553.0741300008231
26,67,63,534.0221819988074
26,67,64,531.6284329983318
26,67,65,518.9194930007943
26,67,66,523.7976539992815
26,67,67,542.9073909999715
26,67,68,568.7026180003159
26,67,69,547.8989570001431
26,67,70,550.6379620001098
26,67,71,529.079799000101
26,67,72,518.8292179991549
26,67,73,531.478667000556
26,67,74,545.0318639996112
26,67,75,558.267315998819
26,67,76,558.8403340007062
26,67,77,567.3628889999236
26,67,78,557.6490009989357
26,67,79,531.0212559998035
26,67,80,512.4631409998983
26,67,81,513.3433480004896
26,67,82,539.8225230001117
26,67,83,550.1989170006709
26,67,84,570.3738440006418
26,67,85,553.3139280014439
26,67,86,547.3645450001641
26,67,87,518.5144940005557
26,67,88,522.7518390001933
26,67,89,542.0865460000641
26,67,90,566.2496180011658
26,67,91,554.8234710004181
26,67,92,554.2066260004503
26,67,93,529.1707689993927
26,67,94,521.713357000408
26,67,95,526.9526520005456
26,67,96,535.3724799988413
26,67,97,549.2075410002144
26,67,98,573.9247099991189
26,67,99,569.6189999998751
26,67,100,541.9120850001491
27,68,1,531.2920209998993
27,68,2,524.3161199996393
27,68,3,529.1718030002812
27,68,4,507.27724600074
27,68,5,483.6275599991495
27,68,6,475.2743740009464
27,68,7,486.40577999867673
27,68,8,538.633309000943
27,68,9,569.4144010012678
27,68,10,566.8557589997363
27,68,11,571.8751090007572
27,68,12,525.9418250007002
27,68,13,543.5973280000326
27,68,14,522.8972629993223
27,68,15,583.9394569993601
27,68,16,561.9058550000773
27,68,17,577.4568899996666
27,68,18,536.5509659986856
27,68,19,517.9271429988148
27,68,20,518.327367000893
27,68,21,516.2856240003748
27,68,22,563.5118830014108
27,68,23,549.7784859999229
27,68,24,560.2660870008549
27,68,25,536.6287889992236
27,68,26,536.3587089996145
27,68,27,522.7870680009801
27,68,28,505.0580139995873
27,68,29,532.9648540009657
27,68,30,564.4844079997711
27,68,31,556.1817979996704
27,68,32,549.256289999903
27,68,33,565.3020390000165
27,68,34,553.1068879990926
27,68,35,514.772852000533
27,68,36,513.8442070001474
27,68,37,538.1668209993222
27,68,38,567.3169110013987
27,68,39,559.5632320000732
27,68,40,567.6439620001474
27,68,41,525.1254570011952
27,68,42,513.6245169996982
27,68,43,517.2978949995013
27,68,44,550.3095149997534
27,68,45,565.1614540001901
27,68,46,552.1656819983036
27,68,47,561.6140520014596
27,68,48,514.3304819994228
27,68,49,516.8798189988593
27,68,50,502.98644400027115
27,68,51,519.0256099995167
27,68,52,522.3921460001293
27,68,53,525.7205719990452
27,68,54,539.5352340001409
27,68,55,546.0176750002574
27,68,56,541.7938419996062
27,68,57,547.4417779987562
27,68,58,510.99919399894134
27,68,59,517.0491320004658
27,68,60,548.1786910004303
27,68,61,566.1993589983467
27,68,62,562.0349639993947
27,68,63,584.7278809997078
27,68,64,524.7916270000132
27,68,65,515.9481529990444
27,68,66,509.6008209984575
27,68,67,549.5061659985367
27,68,68,566.4588370000274
27,68,69,552.9446250002366
27,68,70,555.5613440010347
27,68,71,549.1278379995492
27,68,72,503.83521399999154
27,68,73,520.306319998781
27,68,74,525.1481539999077
27,68,75,558.0339419993834
27,68,76,544.5510360004846
27,68,77,545.1639380007691
27,68,78,517.044487000021
27,68,79,504.8995150009432
27,68,80,501.12294999962614
27,68,81,510.6375899995328
27,68,82,507.597767000334
27,68,83,548.2246400006261
27,68,84,565.7693040011509
27,68,85,550.1095089985029
27,68,86,546.7926919991442
27,68,87,506.814451999162
27,68,88,532.347120999475
27,68,89,576.7703829988022
27,68,90,558.3317889995669
27,68,91,556.1075259993231
27,68,92,551.4233300000342
27,68,93,539.0202760008833
27,68,94,521.0709599996335
27,68,95,520.685790999778
27,68,96,504.4821529991168
27,68,97,554.6975470006146
27,68,98,553.9819459991122
27,68,99,554.1978400015068
27,68,100,565.6178770004772
28,69,1,509.7062620006909
28,69,2,519.321284000398
28,69,3,527.1363470001234
28,69,4,512.2594719996414
28,69,5,475.9886820011161
28,69,6,473.22662899932766
28,69,7,491.5918690003309
28,69,8,556.5872410006705
28,69,9,574.8673289999715
28,69,10,568.8185719991452
28,69,11,561.1412810012553
28,69,12,526.8469189995812
28,69,13,512.3396950002643
28,69,14,512.6548719999846
28,69,15,559.5501459993102
28,69,16,552.4739350003074
28,69,17,564.9659979990247
28,69,18,560.7569660005538
28,69,19,509.9759990007442
28,69,20,513.4727860004205
28,69,21,510.91142400036915
28,69,22,540.6818009996641
28,69,23,551.9012849999854
28,69,24,566.49742800073
28,69,25,550.7516890011175
28,69,26,559.5518130012351
28,69,27,508.40121999863186
28,69,28,513.190157000281
28,69,29,510.1511760003632
28,69,30,526.7661870002485
28,69,31,552.0758710008522
28,69,32,572.4816080000892
28,69,33,549.2773190017033
28,69,34,552.0169520004856
28,69,35,510.1274110002123
28,69,36,522.5300190013513
28,69,37,511.1898539998947
28,69,38,552.6242930009175
28,69,39,548.2133699988481
28,69,40,546.9268809993082
28,69,41,552.1438239993586
28,69,42,519.2169819983974
28,69,43,518.0793569998059
28,69,44,506.179031001011
28,69,45,548.1630149988632
28,69,46,552.2412039990741
28,69,47,565.8349660006934
28,69,48,531.0272200003965
28,69,49,511.81545500003267
28,69,50,508.27406699863786
28,69,51,518.0547519994434
28,69,52,544.2113879998942
28,69,53,559.8598670003412
28,69,54,569.6128760009742
28,69,55,561.4194809986657
28,69,56,557.6972870003374
28,69,57,515.0859540008241
28,69,58,520.2682669987553
28,69,59,516.6406290009036
28,69,60,536.3293140017049
28,69,61,558.5408139995707
28,69,62,548.2107759999053
28,69,63,564.4688630000019
28,69,64,546.0404130008101
28,69,65,514.4958359996963
28,69,66,515.5774850009038
28,69,67,528.6574520014256
28,69,68,548.3488949994353
28,69,69,560.4954350001208
28,69,70,551.300519000506
28,69,71,556.0349979987222
28,69,72,511.73244299934595
28,69,73,506.3034630002221
28,69,74,521.4801670008455
28,69,75,546.800820999124
28,69,76,555.5485089989816
28,69,77,564.160277001065
28,69,78,535.5447309993906
28,69,79,504.57161200029077
28,69,80,513.3176380004443
28,69,81,508.4498630003509
28,69,82,548.8865219995205
28,69,83,546.6306349990191
28,69,84,546.8969580015255
28,69,85,545.2438610009267
28,69,86,563.2679820009798
28,69,87,514.9021100005484
28,69,88,539.1461180006445
28,69,89,532.9304250008136
28,69,90,539.7702320005919
28,69,91,543.0976280003961
28,69,92,561.077693999323
28,69,93,539.0857630009123
28,69,94,556.7138000005798
28,69,95,508.1625479997456
28,69,96,508.1344899990654
28,69,97,527.6297259988496
28,69,98,551.3671839999006
28,69,99,573.41459700001
28,69,100,553.5363299986784
29,70,1,511.83043499986525
29,70,2,502.07921800029
29,70,3,499.9069409986987
29,70,4,511.64793799944164
29,70,5,477.9803230012476
29,70,6,522.189631999936
29,70,7,600.8963469994342
29,70,8,602.7773049991083
29,70,9,573.826175999784
29,70,10,588.0305459995725
29,70,11,556.569970000055
29,70,12,521.5358719997312
29,70,13,514.5392169997649
29,70,14,522.5627820000227
29,70,15,567.4727440000424
29,70,16,572.7679810006521
29,70,17,557.4186009998812
29,70,18,542.5015359996905
29,70,19,526.9551609999326
29,70,20,528.8908430011361
29,70,21,524.9351769998611
29,70,22,550.767769000231
29,70,23,552.7235900008236
29,70,24,559.7473510006239
29,70,25,563.3313010002894
29,70,26,744.1825200003223
29,70,27,726.8131740001991
29,70,28,588.3138009994582
29,70,29,541.5615420006361
29,70,30,557.3165739988326
29,70,31,544.120374999693
29,70,32,559.3304929989245
29,70,33,540.0622619999922
29,70,34,508.63886499973887
29,70,35,519.3909259996872
29,70,36,528.4470789993065
29,70,37,554.831555000419
29,70,38,565.272060001007
29,70,39,558.1130350001331
29,70,40,554.4870310004626
29,70,41,522.0362489999388
29,70,42,514.7522070001287
29,70,43,517.1830309991492
29,70,44,563.3382109990634
29,70,45,552.7745119998144
29,70,46,559.5977539996966
29,70,47,553.2750999991549
29,70,48,508.0264280004485
29,70,49,515.2998640005535
29,70,50,522.7453620009328
29,70,51,580.5785889988329
29,70,52,544.5027430014306
29,70,53,554.0121210015059
29,70,54,555.0938840005983
29,70,55,510.5254869995406
29,70,56,506.3453999991907
29,70,57,523.9925040004891
29,70,58,512.1175029998994
29,70,59,548.8929610000923
29,70,60,559.705497998948
29,70,61,561.1098299996229
29,70,62,553.5824669987051
29,70,63,552.2978699991654
29,70,64,527.0712800011097
29,70,65,520.4554829997505
29,70,66,523.32734599986
29,70,67,568.6468330004573
29,70,68,561.3720649998868
29,70,69,560.0877489996492
29,70,70,530.7623999997304
29,70,71,527.3940690003656
29,70,72,508.9112639998348
29,70,73,512.915946999783
29,70,74,559.4649619997654
29,70,75,575.4264000006515
29,70,76,555.6382029990345
29,70,77,536.2922009990143
29,70,78,527.9556829991634
29,70,79,507.75941899883037
29,70,80,511.10644299842534
29,70,81,559.3918750000739
29,70,82,556.0318500010908
29,70,83,564.1514159997314
29,70,84,550.8283899998787
29,70,85,560.4300360009802
29,70,86,507.5223130006634
29,70,87,518.2898309994926
29,70,88,508.79913099925034
29,70,89,551.8428480008879
29,70,90,552.3261300004378
29,70,91,566.3026199999877
29,70,92,559.5459640007903
29,70,93,524.9903639996774
29,70,94,519.1103950000979
29,70,95,511.7010300000402
29,70,96,549.5855110002594
29,70,97,561.8608670010872
29,70,98,553.9478270002292
29,70,99,558.9649230005307
29,70,100,536.2864450016787
30,71,1,527.0636700006435
30,71,2,520.8095380003215
30,71,3,506.11784099965007
30,71,4,468.64414700030466
30,71,5,478.30591300044034
30,71,6,475.25120099999185
30,71,7,504.5354600006249
30,71,8,512.1678239993344
30,71,9,509.5275519997813
30,71,10,564.6064240008855
30,71,11,609.650270000202
30,71,12,545.190836999609
30,71,13,526.6998879997118
30,71,14,531.8831149998005
30,71,15,576.3179149998905
30,71,16,549.4454749987199
30,71,17,562.3158889993647
30,71,18,558.8923430004797
30,71,19,545.1246920001722
30,71,20,507.32060500013176
30,71,21,533.272783000939
30,71,22,546.2873180003953
30,71,23,558.9158549992135
30,71,24,558.6469790014235
30,71,25,533.4302519986522
30,71,26,506.0277060001681
30,71,27,504.28445499892405
30,71,28,513.9215220006008
30,71,29,538.076822000221
30,71,30,540.362013000049
30,71,31,533.0156159998296
30,71,32,543.9757320000354
30,71,33,542.5632450005651
30,71,34,543.0232359994989
30,71,35,517.115824000939
30,71,36,513.1538090008689
30,71,37,545.7852260005893
30,71,38,556.1845680003898
30,71,39,556.54167800094
30,71,40,555.202317000294
30,71,41,564.7759229996154
30,71,42,526.0436790013046
30,71,43,539.2674939994322
30,71,44,541.9137560002127
30,71,45,557.3787150005955
30,71,46,553.07761900076
30,71,47,545.9377099996345
30,71,48,538.402431000577
30,71,49,514.7695389987348
30,71,50,521.1196119998931
30,71,51,512.1422810007061
30,71,52,560.1372179989994
30,71,53,551.2776750001649
30,71,54,546.4006120000704
30,71,55,522.8684730009263
30,71,56,508.80473799952597
30,71,57,507.17416100087576
30,71,58,511.11903799937863
30,71,59,526.7485599997599
30,71,60,530.6140880002204
30,71,61,535.1988919992436
30,71,62,542.3969750008837
30,71,63,542.2471069996391
30,71,64,552.9539450017182
30,71,65,506.4261709994753
30,71,66,511.4286700008961
30,71,67,539.9017550007557
30,71,68,553.1308839999838
30,71,69,579.0162599987525
30,71,70,538.1851959991764
30,71,71,550.8943069999077
30,71,72,510.08453800022835
30,71,73,521.4586060010333
30,71,74,534.394173999317
30,71,75,559.6000499990623
30,71,76,553.9321119995293
30,71,77,555.9716990010202
30,71,78,522.5662760003615
30,71,79,509.570991000146
30,71,80,519.9439409989282
30,71,81,518.5442149995652
30,71,82,548.6544529994717
30,71,83,548.4819729990704
30,71,84,549.2988500009233
30,71,85,518.5785720004787
30,71,86,505.8685539988801
30,71,87,514.4567659990571
30,71,88,504.4520810006361
30,71,89,496.3983019988518
30,71,90,550.7278349996341
30,71,91,550.2388380009506
30,71,92,556.1056170008669
30,71,93,551.1078489998908
30,71,94,503.7084679988766
30,71,95,512.1592880004755
30,71,96,511.7519989998982
30,71,97,539.4687690004503
30,71,98,571.3067449996743
30,71,99,558.69660999997
30,71,100,566.5335600006074
31,72,1,543.0808910004998
31,72,2,519.6619529997406
31,72,3,505.5769129994587
31,72,4,468.46298499986005
31,72,5,474.454651999622
31,72,6,472.19956000117236
31,72,7,473.2308379989263
31,72,8,493.58399499942607
31,72,9,516.1329029997432
31,72,10,549.9628450015734
31,72,11,566.5814759995556
31,72,12,557.8646459998708
31,72,13,517.4659330004943
31,72,14,514.1705129990441
31,72,15,532.5258039993059
31,72,16,567.1094970002741
31,72,17,566.025410000293
31,72,18,555.1228059994173
31,72,19,561.085538000043
31,72,20,531.7133200005628
31,72,21,515.9977350012923
31,72,22,509.3697289994452
31,72,23,554.9816349994217
31,72,24,556.3500469997962
31,72,25,557.9456200011919
31,72,26,551.6008029990189
31,72,27,513.1166569990455
31,72,28,504.5236340010888
31,72,29,507.6241149999987
31,72,30,548.579411000901
31,72,31,556.9351450012618
31,72,32,550.0737290003599
31,72,33,553.1144030010182
31,72,34,562.1160539994889
31,72,35,513.7478380001994
31,72,36,498.7907360009558
31,72,37,523.4123529990029
31,72,38,543.4287730004144
31,72,39,558.1120859988005
31,72,40,574.6436039989931
31,72,41,547.1227240013832
31,72,42,563.316093001049
31,72,43,502.31309099945065
31,72,44,511.9961369982775
31,72,45,529.1866820007272
31,72,46,557.0716000001994
31,72,47,550.6309409993264
31,72,48,566.0560090000217
31,72,49,539.5215259995894
31,72,50,512.6956539988896
31,72,51,513.8925339997513
31,72,52,505.7556170013413
31,72,53,552.9509689986298
31,72,54,551.9636299995909
31,72,55,564.2474109990872
31,72,56,520.1895450009033
31,72,57,516.6095170006884
31,72,58,508.2806869995693
31,72,59,511.7693709999003
31,72,60,556.5572609993978
31,72,61,551.2703010008408
31,72,62,549.6067290005158
31,72,63,557.6815509994049
31,72,64,552.1783439999126
31,72,65,519.2119619987352
31,72,66,523.9142770005856
31,72,67,514.0309139987949
31,72,68,538.3502779986884
31,72,69,584.7983430012391
31,72,70,552.1992160010996
31,72,71,570.272307999403
31,72,72,560.6259819996922
31,72,73,523.0106689996319
31,72,74,520.2143179994891
31,72,75,546.8002040015563
31,72,76,551.1421929986682
31,72,77,552.1933279997029
31,72,78,555.0029429996357
31,72,79,509.2907739999646
31,72,80,511.3035470003524
31,72,81,517.4022570008674
31,72,82,534.2443619992991
31,72,83,563.222056000086
31,72,84,572.1217130012519
31,72,85,567.2564059987053
31,72,86,561.6511370008084
31,72,87,543.5391840001103
31,72,88,538.2528039990575
31,72,89,530.4588230010268
31,72,90,541.716630999872
31,72,91,541.4399359997333
31,72,92,525.1213159990584
31,72,93,539.8656879988266
31,72,94,531.7577990008431
31,72,95,526.9226110012823
31,72,96,535.5029410002317
31,72,97,525.2453260000038
31,72,98,516.3815840005554
31,72,99,515.0154429993563
31,72,100,523.9705690000847
32,73,1,525.2797569992254
32,73,2,520.1982079997833
32,73,3,517.2860479997325
32,73,4,523.1685920007294
32,73,5,538.8805839993438
32,73,6,497.8004680015147
32,73,7,498.20685899976525
32,73,8,499.1980249997141
32,73,9,498.5486129990022
32,73,10,536.7116990000795
32,73,11,544.7117410003557
32,73,12,545.3226589997939
32,73,13,557.9660759995022
32,73,14,539.4195240005502
32,73,15,549.8375110000779
32,73,16,548.1542300003639
32,73,17,538.5491809993255
32,73,18,535.0133880001522
32,73,19,540.2817409994896
32,73,20,537.148014000195
32,73,21,562.1979640000063
32,73,22,535.2523919991654
32,73,23,547.2379450002336
32,73,24,520.8974389988725
32,73,25,541.3524809991941
32,73,26,539.1951830006292
32,73,27,534.926340000311
32,73,28,527.7024979986891
32,73,29,532.963263000056
32,73,30,545.0400000008813
32,73,31,529.3613849989924
32,73,32,530.8218210011546
32,73,33,548.828056000275
32,73,34,542.8264459987986
32,73,35,533.4186180007237
32,73,36,523.0988559997058
32,73,37,531.7573110005469
32,73,38,543.1381589987723
32,73,39,548.1162599990057
32,73,40,520.290907999879
32,73,41,530.6167200014897
32,73,42,526.0703650001233
32,73,43,532.0985649996146
32,73,44,528.3194439998624
32,73,45,525.8586170002673
32,73,46,537.3570770007063
32,73,47,528.3606859993597
32,73,48,538.6805349990027
32,73,49,528.4298099995794
32,73,50,542.2032429996761
32,73,51,530.2768540004763
32,73,52,538.8240459997178
32,73,53,529.7850839997409
32,73,54,528.637538998737
32,73,55,532.2016199988866
32,73,56,554.0004389986279
32,73,57,541.8429040000774
32,73,58,522.5364849993639
32,73,59,536.1817160010105
32,73,60,523.0286109999724
32,73,61,539.5108129996515
32,73,62,530.8275560000766
32,73,63,523.1124220008496
32,73,64,533.9969090000523
32,73,65,533.8873399996373
32,73,66,523.6791489987809
32,73,67,528.9874070003862
32,73,68,525.9496609996859
32,73,69,542.480735000936
32,73,70,539.3054470005154
32,73,71,550.5482539992954
32,73,72,526.0962800002744
32,73,73,533.0286759999581
32,73,74,533.0352649998531
32,73,75,531.6516020011477
32,73,76,523.2911620005325
32,73,77,542.6546500002587
32,73,78,529.0057160000288
32,73,79,546.6120729997783
32,73,80,534.8027750005713
32,73,81,548.0953509995743
32,73,82,524.9344650001149
32,73,83,537.4336229997425
32,73,84,540.1103269996383
32,73,85,534.8627309995209
32,73,86,532.5017679988377
32,73,87,539.5127709998633
32,73,88,539.6995409992087
32,73,89,538.4840590013482
32,73,90,539.4797799999651
32,73,91,531.382698998641
32,73,92,536.6117200010194
32,73,93,542.5502540001617
32,73,94,529.182423999373
32,73,95,529.8605610005325
32,73,96,524.3843759999436
32,73,97,535.8959830009553
32,73,98,526.3641090004967
32,73,99,526.8078629997035
32,73,100,538.1302309997409
33,74,1,501.85095300003013
33,74,2,491.88478799987934
33,74,3,493.9611440004228
33,74,4,497.8882360010175
33,74,5,503.5118270006933
33,74,6,489.9444880011288
33,74,7,501.00814399957017
33,74,8,493.1616420017235
33,74,9,499.17049199939356
33,74,10,531.2424699986877
33,74,11,553.1910660010908
33,74,12,538.3407760000409
33,74,13,535.4640879995713
33,74,14,547.9999859999225
33,74,15,540.760964000583
33,74,16,541.4078479989257
33,74,17,528.6627489986131
33,74,18,534.5059689989284
33,74,19,532.8980889989907
33,74,20,525.0620039987552
33,74,21,529.2022859994177
33,74,22,531.96825699888
33,74,23,521.2564829998882
33,74,24,516.2172109994572
33,74,25,525.5969680001726
33,74,26,519.1866330005723
33,74,27,520.3917099988757
33,74,28,512.7976659987326
33,74,29,528.8618909999059
33,74,30,522.4919259999297
33,74,31,522.2544799999014
33,74,32,514.5537049993436
33,74,33,535.9019919997081
33,74,34,547.9464750005718
33,74,35,537.9166829989117
33,74,36,518.7238550006441
33,74,37,538.0021820001275
33,74,38,530.1897360004659
33,74,39,535.0818499991874
33,74,40,541.2997719995474
33,74,41,545.3953039996122
33,74,42,524.3063280013303
33,74,43,530.4113490001328
33,74,44,535.7255679991795
33,74,45,539.4588760009356
33,74,46,534.4329939998715
33,74,47,554.992265000692
33,74,48,538.5682369997085
33,74,49,531.8913720002456
33,74,50,516.1739890008903
33,74,51,525.5553810002311
33,74,52,530.2455399996688
33,74,53,547.1944500004611
33,74,54,535.4102769997553
33,74,55,570.0091910002811
33,74,56,557.3439550007606
33,74,57,554.421889999503
33,74,58,551.2364490004984
33,74,59,570.905810000113
33,74,60,566.5736509999988
33,74,61,553.6589510011254
33,74,62,580.8030190000864
33,74,63,545.0436529990839
33,74,64,570.5253029991582
33,74,65,552.5366809997649
33,74,66,566.6189040002791
33,74,67,572.9041049999068
33,74,68,561.7441770009464
33,74,69,550.203564000185
33,74,70,544.2720650007686
33,74,71,536.8083880002814
33,74,72,530.5203370007803
33,74,73,535.8209489986621
33,74,74,544.474293001258
33,74,75,537.2492780006723
33,74,76,534.0388780005014
33,74,77,487.60141899947484
33,74,78,490.3365150003083
33,74,79,487.1259690007719
33,74,80,501.9188700007362
33,74,81,499.9697240000387
33,74,82,532.5831829995877
33,74,83,529.8251459989842
33,74,84,514.7614900015469
33,74,85,519.3459300007817
33,74,86,512.9642850006348
33,74,87,529.9808560012025
33,74,88,515.845571000682
33,74,89,516.6876450002746
33,74,90,523.13292999861
33,74,91,517.1728990007978
33,74,92,505.7629220009403
33,74,93,559.6741340013978
33,74,94,564.8523130003014
33,74,95,570.5952219996107
33,74,96,565.2330060001987
33,74,97,569.1321730009804
33,74,98,556.6292399998929
33,74,99,571.9913989996712
33,74,100,557.1629320002103
34,75,1,492.69278999963717
34,75,2,505.393006000304
34,75,3,494.3758469999011
34,75,4,507.91510000090057
34,75,5,495.9669380004925
34,75,6,490.44029299875547
34,75,7,489.9581549998402
34,75,8,496.51953500142554
34,75,9,512.1211869991384
34,75,10,500.41348800004926
34,75,11,540.4204850001406
34,75,12,554.190421000385
34,75,13,534.0019680006662
34,75,14,539.7842200000014
34,75,15,533.389532000001
34,75,16,533.8797889999114
34,75,17,536.4528949994565
34,75,18,549.3717389999802
34,75,19,545.7061320012144
34,75,20,547.8633209986583
34,75,21,542.0677040001465
34,75,22,551.8536549989221
34,75,23,531.8960069998866
34,75,24,540.2371710006264
34,75,25,532.0175929991819
34,75,26,550.4249450004863
34,75,27,530.6239599995024
34,75,28,552.9798900006426
34,75,29,535.9103669998149
34,75,30,547.0652439998958
34,75,31,542.4519640000653
34,75,32,533.5765510008059
34,75,33,535.8220899997832
34,75,34,542.4065600000176
34,75,35,547.6094719997491
34,75,36,533.5593550007616
34,75,37,533.8279900006455
34,75,38,533.7378109998099
34,75,39,533.9053030002106
34,75,40,545.9355419989151
34,75,41,524.566677000621
34,75,42,548.0756180004391
34,75,43,543.633088000206
34,75,44,546.3772000002791
34,75,45,552.4870569988707
34,75,46,548.5333169999649
34,75,47,570.1083700005256
34,75,48,536.7259249997005
34,75,49,547.2593200011033
34,75,50,530.6632819992956
34,75,51,546.1567349993857
34,75,52,535.5577180016553
34,75,53,540.4700079998292
34,75,54,532.9900209999323
34,75,55,540.0944930006517
34,75,56,530.2299689992651
34,75,57,530.5365450003592
34,75,58,532.7694909992715
34,75,59,532.1259450010984
34,75,60,527.8167579999717
34,75,61,542.0876759999373
34,75,62,532.9170639997756
34,75,63,546.4487610006472
34,75,64,524.0910299999086
34,75,65,541.6537710007105
34,75,66,532.6521120005054
34,75,67,537.0733609997842
34,75,68,529.576017999716
34,75,69,533.4423669992248
34,75,70,539.8255150012119
34,75,71,531.9260809992556
34,75,72,536.7804239995166
34,75,73,545.2153559999715
34,75,74,538.1432079993829
34,75,75,541.4252000009583
34,75,76,539.3478139994841
34,75,77,547.4876719999884
34,75,78,541.4762869986589
34,75,79,563.8048820001131
34,75,80,543.8696369983518
34,75,81,536.6605099989101
34,75,82,546.1555309993855
34,75,83,538.2994139999937
34,75,84,545.2447489988117
34,75,85,531.5041360008763
34,75,86,548.2066289987415
34,75,87,533.7487999986479
34,75,88,545.6237630005489
34,75,89,529.9065790004533
34,75,90,539.3954999999551
34,75,91,540.7769689991255
34,75,92,543.5359069997503
34,75,93,536.1135460007063
34,75,94,534.5736859999306
34,75,95,550.1632429986785
34,75,96,536.1540529993363
34,75,97,546.7431519991806
34,75,98,542.0499989995733
34,75,99,551.0528739996516
34,75,100,538.001840999641
35,76,1,502.5921880005626
35,76,2,505.510734001291
35,76,3,488.00346400093986
35,76,4,493.8775680002436
35,76,5,499.81568600014725
35,76,6,493.05967799955397
35,76,7,504.6590069996455
35,76,8,507.92774299952725
35,76,9,509.0187200003129
35,76,10,515.619746000084
35,76,11,544.8165010002413
35,76,12,544.1858809990663
35,76,13,562.0138970007247
35,76,14,556.9623899991711
35,76,15,565.5296840013762
35,76,16,564.4397539999773
35,76,17,570.6124040007126
35,76,18,567.2967790014809
35,76,19,547.1831040013058
35,76,20,522.1267409997381
35,76,21,548.0827930005034
35,76,22,528.9555180006573
35,76,23,531.689675999587
35,76,24,536.1329460010893
35,76,25,534.1975400006049
35,76,26,540.6792950016097
35,76,27,544.3734350010345
35,76,28,532.9083429987804
35,76,29,526.1819930001366
35,76,30,539.7143560003315
35,76,31,546.8330389994662
35,76,32,533.405706000849
35,76,33,526.1976179990597
35,76,34,536.8162819995632
35,76,35,540.8270210009505
35,76,36,550.5661400002282
35,76,37,549.29908899976
35,76,38,535.9041850006179
35,76,39,532.7108739984396
35,76,40,538.8995239991345
35,76,41,543.2918040005461
35,76,42,570.7478469994385
35,76,43,541.9703379993734
35,76,44,560.9082050013967
35,76,45,541.4227620003658
35,76,46,559.8411729988584
35,76,47,542.2837249989243
35,76,48,547.8470409998408
35,76,49,553.9906510002766
35,76,50,546.1830909989658
35,76,51,533.6991299991496
35,76,52,546.8478759994468
35,76,53,535.7323900007032
35,76,54,541.7306979998102
35,76,55,538.5659339990525
35,76,56,528.4593289998156
35,76,57,537.082423999891
35,76,58,529.5024970000668
35,76,59,528.9672159997281
35,76,60,529.0641440005857
35,76,61,527.4001420002605
35,76,62,539.7447300001659
35,76,63,541.0556999995606
35,76,64,535.9762069983844
35,76,65,537.8794959997322
35,76,66,539.2073899984098
35,76,67,534.6699380006612
35,76,68,548.8254689989844
35,76,69,544.1949289997865
35,76,70,522.2511040010431
35,76,71,544.7797899996658
35,76,72,528.4169970000221
35,76,73,550.5269409986795
35,76,74,535.5109449992597
35,76,75,545.9454570009257
35,76,76,546.2454139997135
35,76,77,553.9243349994649
35,76,78,534.6924320001563
35,76,79,558.5034949999681
35,76,80,541.559891000361
35,76,81,548.0213600003481
35,76,82,529.4742629994289
35,76,83,537.9184310004348
35,76,84,533.0756829989696
35,76,85,527.7299879999191
35,76,86,535.7243819998985
35,76,87,549.4340810000722
35,76,88,540.3987220015551
35,76,89,523.8955370004987
35,76,90,545.3518409995013
35,76,91,535.2328709996073
35,76,92,541.0187779998523
35,76,93,549.5675649999612
35,76,94,532.5622439995641
35,76,95,534.4527710003604
35,76,96,532.4566780000168
35,76,97,538.4315339997556
35,76,98,554.2005699990113
35,76,99,539.9588939999376
35,76,100,548.7136449992249
36,77,1,496.887904999312
36,77,2,497.71594800040475
36,77,3,509.50593699963065
36,77,4,491.18937000093865
36,77,5,496.48795400025847
36,77,6,484.8166140000103
36,77,7,487.4645799991413
36,77,8,494.17399000049045
36,77,9,499.1323949998332
36,77,10,501.1216080001759
36,77,11,536.1519359994418
36,77,12,562.3736929992447
36,77,13,537.2092739999061
36,77,14,540.9275820002222
36,77,15,538.885220001248
36,77,16,532.8817899990099
36,77,17,530.0039230005495
36,77,18,529.1101610000624
36,77,19,534.0780410006118
36,77,20,526.350004998676
36,77,21,527.6928340008453
36,77,22,522.2150160007004
36,77,23,532.0966750005027
36,77,24,524.6107739985746
36,77,25,521.7403790011303
36,77,26,525.423184999454
36,77,27,527.6245459990605
36,77,28,534.1138460007642
36,77,29,525.9120589998929
36,77,30,536.4902560013434
36,77,31,542.1867370005202
36,77,32,530.5091340014769
36,77,33,544.1300840011536
36,77,34,528.7290190008207
36,77,35,546.2827060000564
36,77,36,538.6204260012164
36,77,37,558.4965859998192
36,77,38,532.0037199999206
36,77,39,540.6833170000027
36,77,40,524.9779610003316
36,77,41,537.8276770006778
36,77,42,530.8297669998865
36,77,43,536.6939159994217
36,77,44,546.3412709996192
36,77,45,545.1079510003183
36,77,46,523.0353810002271
36,77,47,576.1978030004684
36,77,48,527.8736979998939
36,77,49,534.3015660000674
36,77,50,532.6455249996798
36,77,51,529.7639339987654
36,77,52,532.634606001011
36,77,53,530.4186850007682
36,77,54,539.5389879995491
36,77,55,541.4972319995286
36,77,56,545.9215890004998
36,77,57,553.7148340008571
36,77,58,544.1983379987505
36,77,59,530.0485230000049
36,77,60,547.2922329990979
36,77,61,562.5134190013341
36,77,62,550.1190100003441
36,77,63,547.2401959996205
36,77,64,536.0729639996862
36,77,65,553.9358420010103
36,77,66,547.6409769999009
36,77,67,536.4836059998197
36,77,68,543.3736610011692
36,77,69,536.480782999206
36,77,70,537.9912459993648
36,77,71,533.7797299998783
36,77,72,533.4078989999398
36,77,73,535.4787400010537
36,77,74,544.3646580006316
36,77,75,519.0858730002219
36,77,76,528.3682959998259
36,77,77,540.5338860000484
36,77,78,528.5560419997637
36,77,79,530.0368959997286
36,77,80,551.2733120012854
36,77,81,525.7725890005531
36,77,82,529.5938330000354
36,77,83,535.4866189991299
36,77,84,516.1604669992812
36,77,85,532.3001140004635
36,77,86,529.595199999676
36,77,87,538.4111829989706
36,77,88,526.2621000001673
36,77,89,545.2456359998905
36,77,90,531.1208050006826
36,77,91,560.9329149992845
36,77,92,541.5212079988123
36,77,93,540.3277810000873
36,77,94,531.4071390002937
36,77,95,547.728936000567
36,77,96,523.2257250008843
36,77,97,545.9619530010968
36,77,98,527.5496009999188
36,77,99,531.405587998961
36,77,100,528.1170760008536
37,78,1,502.99749599980714
37,78,2,505.98879900098837
37,78,3,513.3495680001943
37,78,4,502.4878839994926
37,78,5,496.0875790002319
37,78,6,493.79047000002174
37,78,7,492.57280100027856
37,78,8,534.6554099996865
37,78,9,553.7150580003072
37,78,10,566.2585030004266
37,78,11,533.6086320003233
37,78,12,565.8412880002288
37,78,13,530.1391699995293
37,78,14,548.0088020012772
37,78,15,544.3467800014332
37,78,16,534.6783370005141
37,78,17,526.8852059998608
37,78,18,564.0787570009707
37,78,19,545.7111340001575
37,78,20,552.203881999958
37,78,21,549.6044810006424
37,78,22,571.4149020004697
37,78,23,523.6444519996439
37,78,24,551.3314550007635
37,78,25,531.8390319989703
37,78,26,536.9856729994353
37,78,27,544.2365919989243
37,78,28,546.4638640005433
37,78,29,545.9506240003975
37,78,30,534.7296170002664
37,78,31,550.5931560001045
37,78,32,539.1936959986197
37,78,33,531.7726129997027
37,78,34,540.1142640002945
37,78,35,535.773892999714
37,78,36,558.9784990006592
37,78,37,527.2785239994846
37,78,38,626.6585159992246
37,78,39,568.5987630004092
37,78,40,569.9570950000634
37,78,41,542.9782669998531
37,78,42,532.0636659998854
37,78,43,544.6372099995642
37,78,44,526.5879979997408
37,78,45,536.3694819989178
37,78,46,533.87397699953
37,78,47,548.0527199997596
37,78,48,542.9774419990281
37,78,49,549.4412200005172
37,78,50,541.3863489993673
37,78,51,543.585310000708
37,78,52,531.2373479991948
37,78,53,540.7087870007672
37,78,54,551.9267660001788
37,78,55,540.1341350006987
37,78,56,526.1626680003246
37,78,57,530.9748889994808
37,78,58,540.2531689996977
37,78,59,538.2051850010612
37,78,60,533.4911339996324
37,78,61,540.295632001289
37,78,62,532.7288009993936
37,78,63,528.2569319988397
37,78,64,598.4219439997105
37,78,65,557.8041489989118
37,78,66,549.8345439991681
37,78,67,540.2006650001567
37,78,68,537.7802879993396
37,78,69,527.6524620003329
37,78,70,536.306734999016
37,78,71,536.8392780001159
37,78,72,526.1083479999797
37,78,73,537.4657480006135
37,78,74,540.1457599982677
37,78,75,543.7846569984686
37,78,76,540.0845529984508
37,78,77,539.7368260000803
37,78,78,552.8253789998416
37,78,79,529.5103850003215
37,78,80,536.5638049988775
37,78,81,534.9805040004867
37,78,82,539.8112829989259
37,78,83,538.2629140003701
37,78,84,528.6410300013813
37,78,85,527.6162209993345
37,78,86,530.1123010012816
37,78,87,539.8801369992725
37,78,88,533.1605239989585
37,78,89,545.1467020011478
37,78,90,535.0931419998233
37,78,91,534.641203999854
37,78,92,538.2323059984628
37,78,93,540.0075380002818
37,78,94,532.4607590009691
37,78,95,548.421674000565
37,78,96,535.3560389994527
37,78,97,531.4904560000286
37,78,98,527.9160640002374
37,78,99,539.854999000454
37,78,100,530.0370409986499
38,79,1,497.5065029993857
38,79,2,498.3406470000773
38,79,3,485.0074759997369
38,79,4,501.96543600031873
38,79,5,489.8982100003195
38,79,6,505.5109649983933
38,79,7,496.53454100007366
38,79,8,501.41428700044344
38,79,9,494.88655000095605
38,79,10,516.5701860005356
38,79,11,544.2147360008676
38,79,12,550.410286999977
38,79,13,544.7954470000695
38,79,14,552.6626950013451
38,79,15,538.3174270009476
38,79,16,565.5737220004085
38,79,17,543.3960749996913
38,79,18,546.6084929994395
38,79,19,559.0755949997401
38,79,20,554.256063000139
38,79,21,533.5967789997085
38,79,22,549.0418620011042
38,79,23,531.8898420009646
38,79,24,551.4381539996975
38,79,25,538.612350999756
38,79,26,536.1141810008121
38,79,27,534.1952990002028
38,79,28,530.616199999713
38,79,29,545.2110019996326
38,79,30,534.2879370000446
38,79,31,527.1936549997918
38,79,32,539.5655040010752
38,79,33,524.192917999244
38,79,34,534.5434179998847
38,79,35,527.1275060003973
38,79,36,529.0293329999258
38,79,37,551.6229469994869
38,79,38,534.2085909996968
38,79,39,549.1128970006685
38,79,40,531.9792789996427
38,79,41,553.9665420001256
38,79,42,533.0017919986858
38,79,43,537.039092001578
38,79,44,546.4884909997636
38,79,45,540.8337250009936
38,79,46,525.382093999724
38,79,47,537.6440399995772
38,79,48,557.4924020002072
38,79,49,558.0574460000207
38,79,50,556.993397000042
38,79,51,552.3931830011861
38,79,52,548.4444119992986
38,79,53,548.6001979988941
38,79,54,527.0104139999603
38,79,55,537.0071569996071
38,79,56,532.9180630014889
38,79,57,543.6435530009476
38,79,58,536.7739299999812
38,79,59,537.3196439995809
38,79,60,530.2846829999908
38,79,61,543.1361310002103
38,79,62,542.4815700007457
38,79,63,528.5619260012027
38,79,64,532.061669999166
38,79,65,523.7979900011851
38,79,66,536.8871460013906
38,79,67,526.4843719996861
38,79,68,529.5822909993149
38,79,69,531.0165810005856
38,79,70,561.0385229992971
38,79,71,546.829285000058
38,79,72,533.2339729993691
38,79,73,535.2948259987897
38,79,74,530.0150490002125
38,79,75,532.6612569988356
38,79,76,542.5819310003135
38,79,77,532.2831159992347
38,79,78,549.590796999837
38,79,79,523.6836669992044
38,79,80,547.5382269996771
38,79,81,542.5039230012771
38,79,82,543.414154999482
38,79,83,537.553834999926
38,79,84,540.9578160015371
38,79,85,537.8966819989728
38,79,86,535.5890299997554
38,79,87,547.3961050010985
38,79,88,544.6754509994207
38,79,89,533.3602800001245
38,79,90,535.8815769995999
38,79,91,532.6828259985632
38,79,92,541.0779499998171
38,79,93,530.6747050017293
38,79,94,538.9700030009408
38,79,95,552.6868329998251
38,79,96,525.7313379988773
38,79,97,537.5035540000681
38,79,98,518.0713539994031
38,79,99,531.9814570011658
38,79,100,529.4147219992738
39,80,1,510.4681930006336
39,80,2,504.02510099957
39,80,3,500.9788679999474
39,80,4,501.5433820008184
39,80,5,496.5257929998188
39,80,6,505.0999959985347
39,80,7,505.4864770008862
39,80,8,504.15239299945824
39,80,9,508.5698440016131
39,80,10,505.36307800030045
39,80,11,547.7235229991493
39,80,12,546.7080460002762
39,80,13,562.2225319984864
39,80,14,543.8698590005515
39,80,15,545.9007940007723
39,80,16,545.8747039992886
39,80,17,544.4409239989909
39,80,18,557.8498670001864
39,80,19,548.2376830004796
39,80,20,543.9339369986556
39,80,21,536.0792550000042
39,80,22,547.270226999899
39,80,23,544.0953130000707
39,80,24,547.0091209990642
39,80,25,547.4146849992394
39,80,26,535.530983001081
39,80,27,550.527786001112
39,80,28,533.3572939998703
39,80,29,538.7430229984602
39,80,30,541.9058870011213
39,80,31,535.9491700000945
39,80,32,541.523091000272
39,80,33,532.187969000006
39,80,34,529.7015910000482
39,80,35,522.6119629987807
39,80,36,542.0183149999502
39,80,37,533.8649219993385
39,80,38,534.0203070009011
39,80,39,533.3773429993016
39,80,40,542.6579269987997
39,80,41,533.6531220000325
39,80,42,557.2159060011472
39,80,43,545.1530119989911
39,80,44,533.2402989988623
39,80,45,535.4344620009215
39,80,46,536.0682040009124
39,80,47,516.314271999363
39,80,48,549.2490220003674
39,80,49,530.339664001076
39,80,50,534.3466559988883
39,80,51,529.8423369986267
39,80,52,541.5744149995589
39,80,53,530.4047950012318
39,80,54,550.4900129999442
39,80,55,553.061226999489
39,80,56,529.3464149999636
39,80,57,475.36285299975134
39,80,58,476.926953999282
39,80,59,468.923080001332
39,80,60,473.4783599997172
39,80,61,475.0381540015951
39,80,62,464.74370599935355
39,80,63,471.6685490002419
39,80,64,490.11732299914
39,80,65,506.08471099985763
39,80,66,556.8577840003854
39,80,67,545.3286780011695
39,80,68,544.7138729996368
39,80,69,558.9700319997064
39,80,70,565.1019640008599
39,80,71,553.128770998228
39,80,72,562.3336280004878
39,80,73,537.6246129999345
39,80,74,555.600002000574
39,80,75,558.3985220000613
39,80,76,555.9906559992669
39,80,77,550.1725070007524
39,80,78,558.7025160002668
39,80,79,558.0040249988087
39,80,80,565.4027809996478
39,80,81,550.8528259997547
39,80,82,547.4192599995149
39,80,83,567.0111930012354
39,80,84,546.6252370006259
39,80,85,549.3786129991349
39,80,86,561.9812439999805
39,80,87,565.4216080001788
39,80,88,548.3989130007103
39,80,89,556.5381349988456
39,80,90,539.2766940003639
39,80,91,550.275066998438
39,80,92,574.2313669998111
39,80,93,557.6612479999312
39,80,94,535.2643900005205
39,80,95,532.0183730000281
39,80,96,540.2581149992329
39,80,97,546.5212859999156
39,80,98,535.0607309992483
39,80,99,535.8226270000159
39,80,100,534.8579309993511
40,81,1,526.4166849992762
40,81,2,515.8803419999458
40,81,3,516.3031009997212
40,81,4,510.6607109992183
40,81,5,475.80045700124174
40,81,6,482.1404349986551
40,81,7,473.94221699869377
40,81,8,514.0649320001103
40,81,9,518.7141980004526
40,81,10,531.4196819999779
40,81,11,526.0308239994629
40,81,12,520.0916110006801
40,81,13,557.3820050012728
40,81,14,554.3010549990868
40,81,15,545.9428619997198
40,81,16,556.1384590000671
40,81,17,581.8321709994052
40,81,18,550.0357679993613
40,81,19,564.1162530009751
40,81,20,516.4555470000778
40,81,21,527.8365760004817
40,81,22,518.0372040013026
40,81,23,538.9333359999
40,81,24,519.8736990005273
40,81,25,524.2964630015194
40,81,26,527.856091999638
40,81,27,526.0220910004136
40,81,28,525.9030960005475
40,81,29,535.5826979994163
40,81,30,517.9507130014827
40,81,31,524.1437559998303
40,81,32,504.3644650013448
40,81,33,526.3421569998172
40,81,34,502.87772199953906
40,81,35,525.7505619993026
40,81,36,536.5174510006909
40,81,37,518.6295920011617
40,81,38,525.8124979991408
40,81,39,518.7053390000074
40,81,40,526.5342359998613
40,81,41,524.3370179996418
40,81,42,526.6245330003585
40,81,43,536.0423830006766
40,81,44,541.0882950000087
40,81,45,524.1943040000479
40,81,46,534.1309150007874
40,81,47,528.8470060004329
40,81,48,532.5541179990978
40,81,49,508.3637480001926
40,81,50,508.1431580001663
40,81,51,520.9455940002954
40,81,52,552.56065300091
40,81,53,523.9159749999089
40,81,54,518.741855999906
40,81,55,522.7518379997491
40,81,56,509.82613199994375
40,81,57,522.8379109994421
40,81,58,540.8381930010364
40,81,59,523.1038050005736
40,81,60,542.5501999998232
40,81,61,521.6908870006591
40,81,62,537.9535219999525
40,81,63,527.1271099991282
40,81,64,545.4722520007635
40,81,65,521.4053679992503
40,81,66,544.8590410014731
40,81,67,531.0865200008266
40,81,68,540.2057880000939
40,81,69,534.7457010011567
40,81,70,537.4215699994238
40,81,71,529.527397999118
40,81,72,532.4166020000121
40,81,73,553.9237249995494
40,81,74,560.4657719995885
40,81,75,532.1436590002122
40,81,76,549.665473999994
40,81,77,542.0744260009087
40,81,78,521.9900629999756
40,81,79,499.26165400029276
40,81,80,531.8981929995061
40,81,81,523.3096160009154
40,81,82,525.6679670001176
40,81,83,524.31548200002
40,81,84,526.1575179993088
40,81,85,541.3772900010372
40,81,86,517.9876879992662
40,81,87,537.4030279999715
40,81,88,534.0112240010058
40,81,89,524.2993619995104
40,81,90,514.654498998425
40,81,91,542.4862729996676
40,81,92,540.4163989987865
40,81,93,533.7368689997675
40,81,94,522.4074790003215
40,81,95,531.03365700008
40,81,96,570.0028009996458
40,81,97,569.8306169997522
40,81,98,548.9947919995757
40,81,99,551.3153740012058
40,81,100,544.2482380003639
41,82,1,502.538775001085
41,82,2,503.91724800101656
41,82,3,492.1441660007986
41,82,4,508.37979700008873
41,82,5,494.8986439994769
41,82,6,482.79685900160985
41,82,7,493.3812220006075
41,82,8,494.282324998494
41,82,9,552.9695980003453
41,82,10,540.4171570007748
41,82,11,540.480112998921
41,82,12,540.7452370000101
41,82,13,537.8172860000632
41,82,14,567.2946439990483
41,82,15,557.8752879991953
41,82,16,558.883040001092
41,82,17,550.313248000748
41,82,18,562.923456000135
41,82,19,557.9349319996254
41,82,20,551.5354950002802
41,82,21,548.0396140010271
41,82,22,545.4664009994303
41,82,23,544.556069000464
41,82,24,535.8990019994962
41,82,25,539.3951019996166
41,82,26,514.073638998525
41,82,27,518.1056660003378
41,82,28,520.2694479994534
41,82,29,529.9148140002217
41,82,30,530.6798729998263
41,82,31,558.6970519998431
41,82,32,542.1516110000084
41,82,33,534.574799999973
41,82,34,543.2552659985959
41,82,35,539.1290770003252
41,82,36,501.9924370008084
41,82,37,551.7790489993786
41,82,38,546.9907070000772
41,82,39,555.9916359998169
41,82,40,567.1841740004311
41,82,41,570.1449779990071
41,82,42,496.5706000002683
41,82,43,514.5018380007969
41,82,44,555.0513429989223
41,82,45,568.478765000691
41,82,46,550.2411230008875
41,82,47,560.2155899996433
41,82,48,511.44767400001
41,82,49,512.3314840002422
41,82,50,513.2069129995216
41,82,51,541.6557659991668
41,82,52,551.9982379992143
41,82,53,543.923621000431
41,82,54,538.8519389998692
41,82,55,524.3845980003243
41,82,56,514.7264189999987
41,82,57,507.44029199995566
41,82,58,508.16466200012655
41,82,59,542.9321879983036
41,82,60,527.3798670004908
41,82,61,549.9105680009961
41,82,62,543.6946720001288
41,82,63,529.8622760001308
41,82,64,535.9309010000288
41,82,65,509.19871699989017
41,82,66,507.0272329994623
41,82,67,548.592766001093
41,82,68,547.9799020013161
41,82,69,546.8723289995978
41,82,70,560.8343759995478
41,82,71,550.8469889991829
41,82,72,507.45209799970326
41,82,73,516.4883189991087
41,82,74,550.6132870013971
41,82,75,561.5013130009174
41,82,76,553.3303629999864
41,82,77,557.5050330007798
41,82,78,520.5235680004989
41,82,79,509.8460139997769
41,82,80,513.4521669988317
41,82,81,527.0520920003037
41,82,82,555.7779149985436
41,82,83,550.9897439987981
41,82,84,562.4545520004176
41,82,85,502.6177239997196
41,82,86,509.7746690007625
41,82,87,499.64687099964067
41,82,88,514.4621479994385
41,82,89,631.4854390002438
41,82,90,538.9690710017021
41,82,91,576.8762139996397
41,82,92,553.4392899990053
41,82,93,543.3550749985443
41,82,94,526.2205439994432
41,82,95,510.1015339987498
41,82,96,519.5581320003839
41,82,97,562.0002270006808
41,82,98,556.1744599999656
41,82,99,577.7559060006752
41,82,100,546.6890070001682
42,83,1,520.3750380005658
42,83,2,495.70367600063037
42,83,3,479.11930099871824
42,83,4,479.0737170005741
42,83,5,477.9907460015238
42,83,6,473.98395700110996
42,83,7,512.5953709994064
42,83,8,494.07522799992876
42,83,9,495.5558989986457
42,83,10,517.2936219987605
42,83,11,535.575734998929
42,83,12,522.8731910010538
42,83,13,511.8087809987628
42,83,14,525.8768680014327
42,83,15,529.4757770006981
42,83,16,552.609782998843
42,83,17,553.3313469986751
42,83,18,569.8151109991159
42,83,19,552.8282349987421
42,83,20,528.6549689990352
42,83,21,518.3633269989514
42,83,22,538.5097689995746
42,83,23,560.5560229996627
42,83,24,559.7853830004169
42,83,25,553.7202499999694
42,83,26,509.33211099982145
42,83,27,520.3105050004524
42,83,28,515.1473370005988
42,83,29,507.18182300079206
42,83,30,560.1523509994877
42,83,31,548.8778130002174
42,83,32,565.7931869991444
42,83,33,507.3183929998777
42,83,34,508.458979000352
42,83,35,498.201237000103
42,83,36,509.941352000169
42,83,37,525.8888549997209
42,83,38,535.067976999926
42,83,39,534.5355009994819
42,83,40,543.0289060004725
42,83,41,527.1085179992951
42,83,42,511.6956050005683
42,83,43,502.1197669993853
42,83,44,501.05694699959713
42,83,45,538.3995619995403
42,83,46,548.1811080007901
42,83,47,564.2554389996803
42,83,48,555.7898529987142
42,83,49,552.8047280004103
42,83,50,515.017080000689
42,83,51,513.3329019990924
42,83,52,542.3958419996779
42,83,53,559.6020100001624
42,83,54,552.8174299997772
42,83,55,565.8343919985782
42,83,56,523.4360970007401
42,83,57,515.2182379988517
42,83,58,500.5568599990511
42,83,59,525.6614400004764
42,83,60,547.4201649994939
42,83,61,551.7752310006472
42,83,62,545.1853329996084
42,83,63,506.61014300021634
42,83,64,508.12279999991006
42,83,65,518.3893540015561
42,83,66,516.8019140000979
42,83,67,496.178212999439
42,83,68,529.0340880001168
42,83,69,556.5161770009581
42,83,70,547.2467910003616
42,83,71,527.067711998825
42,83,72,504.43185699987225
42,83,73,513.596824999695
42,83,74,509.51401600104873
42,83,75,549.5522799992614
42,83,76,551.517617999707
42,83,77,537.3994680012402
42,83,78,550.8096400008071
42,83,79,546.3636900003621
42,83,80,514.7825610001746
42,83,81,500.0187069999811
42,83,82,513.8454269999784
42,83,83,553.4187439989182
42,83,84,563.4426340002392
42,83,85,545.8056160005071
42,83,86,512.2785759995168
42,83,87,511.0353039999609
42,83,88,521.8676229997072
42,83,89,504.8819830008142
42,83,90,563.6488179989101
42,83,91,575.8943389992055
42,83,92,561.7780729990045
42,83,93,506.74641099976725
42,83,94,535.3264850000414
42,83,95,509.7137000011571
42,83,96,514.2351089998556
42,83,97,509.4336559996009
42,83,98,548.6452479999571
42,83,99,551.2836929992773
42,83,100,559.8496629991132
43,84,1,529.1871090012137
43,84,2,514.5128340009251
43,84,3,517.8437790000316
43,84,4,478.8777810008469
43,84,5,462.18109000074037
43,84,6,468.188980999912
43,84,7,476.1520760002895
43,84,8,485.96579900004144
43,84,9,511.2296549996245
43,84,10,561.1982959999295
43,84,11,549.4835730005434
43,84,12,512.457238000934
43,84,13,512.8841499990813
43,84,14,506.8201859994588
43,84,15,508.7583650001761
43,84,16,502.0036040004925
43,84,17,555.0854179982707
43,84,18,552.479576001133
43,84,19,554.0814979995048
43,84,20,527.1345319997636
43,84,21,504.22735400024976
43,84,22,500.03870999898936
43,84,23,512.8506779983582
43,84,24,543.1877980008721
43,84,25,547.8847199992742
43,84,26,549.4122489999427
43,84,27,542.6144089997251
43,84,28,502.4012590001803
43,84,29,515.1120110003831
43,84,30,502.38865800019994
43,84,31,533.3108989998436
43,84,32,553.7725180001871
43,84,33,553.8655910004309
43,84,34,541.2734279998404
43,84,35,497.95015299969236
43,84,36,496.6712860004918
43,84,37,493.62809600097535
43,84,38,509.6942360014509
43,84,39,544.6443139990151
43,84,40,555.0840910000261
43,84,41,541.3530120003998
43,84,42,559.5016419993044
43,84,43,498.98139299875766
43,84,44,496.87605500002974
43,84,45,510.5546110007708
43,84,46,494.80207900160167
43,84,47,543.9258219994372
43,84,48,545.346281998718
43,84,49,543.662222000421
43,84,50,537.5141120002809
43,84,51,501.263979000214
43,84,52,507.84523200127296
43,84,53,507.09358799940674
43,84,54,553.5553289992095
43,84,55,536.816056999669
43,84,56,550.1787459998013
43,84,57,537.1605919990543
43,84,58,507.09423599982983
43,84,59,501.0335679999116
43,84,60,512.3677179999504
43,84,61,523.2900090013572
43,84,62,547.4885459989309
43,84,63,537.7807520017086
43,84,64,548.2038210011524
43,84,65,502.35192499894765
43,84,66,504.0550110006734
43,84,67,496.5827409996564
43,84,68,504.43971200002125
43,84,69,534.1713529996923
43,84,70,545.5429640005605
43,84,71,542.8169959996012
43,84,72,539.081286999135
43,84,73,517.5386680002703
43,84,74,507.4861690009129
43,84,75,498.85904300026596
43,84,76,514.5287559989811
43,84,77,537.9390529997181
43,84,78,545.6492499997694
43,84,79,539.8850410001614
43,84,80,539.0224679995299
43,84,81,511.36568400033866
43,84,82,487.2498499989888
43,84,83,505.0556810001581
43,84,84,520.9073850001005
43,84,85,543.6796949998097
43,84,86,535.5919260000519
43,84,87,538.9581540002837
43,84,88,502.7927049995924
43,84,89,515.0983019993873
43,84,90,511.875317999511
43,84,91,521.041594000053
43,84,92,530.2824239988695
43,84,93,562.8073220013903
43,84,94,554.3861559999641
43,84,95,506.5484189999552
43,84,96,503.4893859992735
43,84,97,522.7729359994555
43,84,98,512.4897249988862
43,84,99,630.5067619996407
43,84,100,545.2041450007528
44,85,1,499.0195539994602
44,85,2,502.0043339991389
44,85,3,492.3157100001845
44,85,4,494.3601859995397
44,85,5,501.8168010010413
44,85,6,546.3832060013374
44,85,7,670.1113269991765
44,85,8,522.770543999286
44,85,9,506.42732699998305
44,85,10,547.2657390000677
44,85,11,533.1879709992791
44,85,12,537.6327560006757
44,85,13,536.5054670000973
44,85,14,531.1447969997971
44,85,15,522.3963890002778
44,85,16,526.974844000506
44,85,17,557.7636910002184
44,85,18,550.8486320013617
44,85,19,547.7683329991123
44,85,20,559.5051559994317
44,85,21,523.7393570005224
44,85,22,510.0561990002461
44,85,23,506.437994999942
44,85,24,525.8509409995895
44,85,25,548.2113789985306
44,85,26,541.3674610008457
44,85,27,549.8312590007117
44,85,28,534.4244469997648
44,85,29,510.51283400011016
44,85,30,510.3593579988228
44,85,31,579.0575290011475
44,85,32,517.4416049994761
44,85,33,528.1026020002173
44,85,34,543.555883999943
44,85,35,531.002150999484
44,85,36,531.314936999479
44,85,37,525.466563000009
44,85,38,522.030359999917
44,85,39,502.21899099960865
44,85,40,535.7473979984206
44,85,41,539.2667910000455
44,85,42,534.5797680001851
44,85,43,540.7454839987622
44,85,44,518.8991739996709
44,85,45,511.08356899931096
44,85,46,512.3437269994611
44,85,47,527.5985589996708
44,85,48,537.3795410014282
44,85,49,543.7474950012984
44,85,50,545.3722719994403
44,85,51,520.7952079999814
44,85,52,502.12625700078206
44,85,53,505.51135699970473
44,85,54,544.6207380009582
44,85,55,532.0297859998391
44,85,56,546.9019000011031
44,85,57,533.5317110002507
44,85,58,540.5720559992915
44,85,59,553.8257110001723
44,85,60,514.5640190003178
44,85,61,498.30846000077145
44,85,62,515.6612150003639
44,85,63,515.152723999563
44,85,64,520.8446439992258
44,85,65,526.9656580003357
44,85,66,525.1323640004557
44,85,67,515.0733560003573
44,85,68,529.1215290017135
44,85,69,511.2967770000978
44,85,70,529.4942229993467
44,85,71,536.5264330011996
44,85,72,533.1129339992913
44,85,73,551.6445499997644
44,85,74,543.5788880004111
44,85,75,504.5385739995254
44,85,76,496.9825039988791
44,85,77,549.9914430001809
44,85,78,522.291272000075
44,85,79,544.9552529989887
44,85,80,535.8229270004813
44,85,81,527.9597930002637
44,85,82,511.5843509993283
44,85,83,523.5612400010723
44,85,84,534.4048100014334
44,85,85,532.798811000248
44,85,86,545.04170600012
44,85,87,537.4265659993398
44,85,88,530.4161119984201
44,85,89,527.3990610003239
44,85,90,533.079718999943
44,85,91,510.7592200001818
44,85,92,518.733755001449
44,85,93,545.0224649994198
44,85,94,519.7092310008884
44,85,95,517.586277999726
44,85,96,525.8193589997973
44,85,97,518.7026189996686
44,85,98,526.1850629995024
44,85,99,539.8637719990802
44,85,100,527.8129649996117
45,86,1,480.5526589989313
45,86,2,494.34448200008774
45,86,3,495.51067700122076
45,86,4,491.0288330011099
45,86,5,490.6927559986798
45,86,6,524.4622889986204
45,86,7,515.9727090012893
45,86,8,491.29786400044395
45,86,9,470.92135100137966
45,86,10,539.2731440006173
45,86,11,534.3117150005128
45,86,12,533.6628269997163
45,86,13,529.0648760001204
45,86,14,536.6429819987388
45,86,15,524.8537530005706
45,86,16,525.5900869997276
45,86,17,520.7080390009651
45,86,18,526.4424860015424
45,86,19,545.0715830011177
45,86,20,521.6469439983484
45,86,21,529.4293890001427
45,86,22,523.7342870004795
45,86,23,545.1244140003837
45,86,24,514.5440630003577
45,86,25,534.4560900011857
45,86,26,541.0029480008234
45,86,27,548.0693809986406
45,86,28,535.1794189991779
45,86,29,542.177385001196
45,86,30,546.1973820001731
45,86,31,549.5673789991997
45,86,32,521.8209590002516
45,86,33,551.4411380008823
45,86,34,530.3496180004004
45,86,35,527.5990560003265
45,86,36,532.8400539983704
45,86,37,545.1885350012162
45,86,38,538.6339790002239
45,86,39,497.89676900036284
45,86,40,533.1778690015199
45,86,41,527.5095719989622
45,86,42,537.9195770001388
45,86,43,532.5458790011908
45,86,44,545.071298000039
45,86,45,529.2147109994403
45,86,46,518.3845379997365
45,86,47,508.0385050005134
45,86,48,511.4564049999899
45,86,49,545.4793520002568
45,86,50,541.9184879992827
45,86,51,523.6484179986292
45,86,52,514.0526659997704
45,86,53,529.4031509984052
45,86,54,527.6658519997
45,86,55,538.8605589996587
45,86,56,562.077689999569
45,86,57,558.5106460002862
45,86,58,547.6826890007942
45,86,59,551.0514050001802
45,86,60,556.5090929994767
45,86,61,510.94126000134565
45,86,62,508.5286369994719
45,86,63,544.7433739991538
45,86,64,529.8353790003603
45,86,65,549.383535000743
45,86,66,553.7082740011101
45,86,67,527.2373329989932
45,86,68,537.4546589991951
45,86,69,519.4465020013013
45,86,70,545.9758689994487
45,86,71,533.4544249999453
45,86,72,542.0259350012202
45,86,73,531.5552960000787
45,86,74,535.6527460007783
45,86,75,536.5827020013967
45,86,76,512.3792080012208
45,86,77,503.67643299978226
45,86,78,506.027859999449
45,86,79,550.9012809998239
45,86,80,519.961563999459
45,86,81,542.1000360001926
45,86,82,540.9139429993957
45,86,83,538.4197080002195
45,86,84,516.708312999981
45,86,85,536.1442559988063
45,86,86,547.8037980010413
45,86,87,558.2226469996385
45,86,88,538.82036899995
45,86,89,548.9343290009856
45,86,90,549.0685980003036
45,86,91,512.4091240013513
45,86,92,496.98245500076155
45,86,93,543.6293069997191
45,86,94,525.8645599988085
45,86,95,540.1415400010592
45,86,96,526.7503850009234
45,86,97,546.0710999996081
45,86,98,536.2445970004046
45,86,99,517.8578380000545
45,86,100,545.2432929996576
46,87,1,514.6391660000518
46,87,2,491.97154300054535
46,87,3,469.7094989987818
46,87,4,505.6335420013056
46,87,5,497.1031109998876
46,87,6,510.3748710007494
46,87,7,498.6075710003206
46,87,8,497.13976999919396
46,87,9,505.30513800003973
46,87,10,500.93725099941366
46,87,11,524.0253930005565
46,87,12,545.4207820002921
46,87,13,539.4971249988885
46,87,14,541.5577589992608
46,87,15,541.7967260000296
46,87,16,538.7523140016128
46,87,17,515.9615430002304
46,87,18,523.5450050004147
46,87,19,543.370291001338
46,87,20,549.7923230013839
46,87,21,526.1874029984028
46,87,22,550.9915479997289
46,87,23,536.263895999582
46,87,24,547.1465119990171
46,87,25,507.91054199908103
46,87,26,521.0712080006488
46,87,27,544.7053139996569
46,87,28,548.2033449989103
46,87,29,554.1639900002338
46,87,30,549.5836499994766
46,87,31,542.7025919998414
46,87,32,505.4203340005188
46,87,33,502.7906710001844
46,87,34,536.6836670000339
46,87,35,547.7206939995085
46,87,36,560.9703769987391
46,87,37,546.0255580001103
46,87,38,550.0103499998659
46,87,39,500.8486090009683
46,87,40,505.8596840008249
46,87,41,516.8516089997865
46,87,42,536.6845739990822
46,87,43,534.151595998992
46,87,44,528.8606920003076
46,87,45,550.9110390012211
46,87,46,518.4031150001829
46,87,47,513.3918219999032
46,87,48,515.5625190000137
46,87,49,540.3873209997982
46,87,50,533.9674970000488
46,87,51,541.2748760008981
46,87,52,533.6308900004951
46,87,53,554.0757720009424
46,87,54,523.9180939988728
46,87,55,516.7934250002872
46,87,56,503.7484870008484
46,87,57,557.1841860000859
46,87,58,539.9404149993643
46,87,59,557.2624630003702
46,87,60,547.4439610006812
46,87,61,552.6106460001756
46,87,62,511.31077500031097
46,87,63,506.5750970006775
46,87,64,540.9659880006075
46,87,65,556.5879069999937
46,87,66,548.6656110006152
46,87,67,550.285551998968
46,87,68,511.9511100001546
46,87,69,514.5130319997406
46,87,70,512.5426100003097
46,87,71,517.3874760002946
46,87,72,548.7904919991706
46,87,73,534.644624000066
46,87,74,547.3378589995264
46,87,75,536.73892200095
46,87,76,517.9594900000666
46,87,77,505.34740399962175
46,87,78,497.7351189991168
46,87,79,547.9423039996618
46,87,80,568.4543820007093
46,87,81,557.4706949992105
46,87,82,551.459400998283
46,87,83,579.1558309992979
46,87,84,531.7277560006914
46,87,85,529.6348120009498
46,87,86,536.9071530003566
46,87,87,545.4478209994704
46,87,88,542.9016769994632
46,87,89,526.6914969997742
46,87,90,544.9398170003406
46,87,91,536.1948139998276
46,87,92,551.5621909999027
46,87,93,525.8986090011604
46,87,94,548.1426579990512
46,87,95,546.3389800006553
46,87,96,556.0236879991862
46,87,97,528.0150290000165
46,87,98,541.2095499996212
46,87,99,535.8070619986393
46,87,100,538.3867840009771
47,88,1,489.69071700048517
47,88,2,494.2871359999117
47,88,3,488.30666599860706
47,88,4,484.93725300068036
47,88,5,503.8290489992505
47,88,6,505.1248569998279
47,88,7,508.0950430001394
47,88,8,492.91588199957914
47,88,9,513.8027969987888
47,88,10,542.163841000729
47,88,11,564.96441300078
47,88,12,553.4439760012901
47,88,13,572.5517629998649
47,88,14,566.1650100009865
47,88,15,569.3260320003901
47,88,16,562.436352000077
47,88,17,576.8481339982827
47,88,18,534.1282020017388
47,88,19,537.6272539997444
47,88,20,539.0574159991957
47,88,21,534.9084570007108
47,88,22,535.2858059995924
47,88,23,540.1073379998707
47,88,24,564.5704489998025
47,88,25,538.1665469994914
47,88,26,531.9795909999812
47,88,27,521.7296280006849
47,88,28,528.5244309998234
47,88,29,526.8318330017792
47,88,30,532.4083819996304
47,88,31,524.6753489991534
47,88,32,521.8931569997949
47,88,33,533.6864079999941
47,88,34,528.8814200011984
47,88,35,527.191032000701
47,88,36,546.3753300009557
47,88,37,537.2476570009894
47,88,38,516.4297299997997
47,88,39,533.5313019986643
47,88,40,531.2477570005285
47,88,41,528.57184000095
47,88,42,538.4441539990803
47,88,43,538.8248110011773
47,88,44,548.389412000688
47,88,45,539.8706539999694
47,88,46,532.4501230006717
47,88,47,532.984536001095
47,88,48,557.6729650001653
47,88,49,527.6506390000577
47,88,50,540.8329300007608
47,88,51,534.1718529998616
47,88,52,533.6735529999714
47,88,53,526.4148109999951
47,88,54,538.9404550005565
47,88,55,527.9169259993068
47,88,56,532.8154790004191
47,88,57,541.649229999166
47,88,58,556.9730049992359
47,88,59,571.1210209992714
47,88,60,552.6265160006005
47,88,61,553.1222730005538
47,88,62,552.0852139998169
47,88,63,558.7295730001642
47,88,64,558.9349980000407
47,88,65,545.6324539991328
47,88,66,546.715612999833
47,88,67,548.9019760007068
47,88,68,552.8591270012839
47,88,69,613.899488998868
47,88,70,556.662940998649
47,88,71,559.2573360008828
47,88,72,527.4930839987064
47,88,73,543.0230540005141
47,88,74,529.6174539998901
47,88,75,538.6387559992727
47,88,76,518.073524999636
47,88,77,540.1569990008284
47,88,78,523.400395999488
47,88,79,526.7806039992138
47,88,80,521.0870980008622
47,88,81,507.88273900070635
47,88,82,522.9971050011955
47,88,83,519.3642039994302
47,88,84,527.2785559991462
47,88,85,518.6757349983964
47,88,86,522.6116449994151
47,88,87,527.9142730014428
47,88,88,520.2807870009565
47,88,89,533.721924000929
47,88,90,541.8113199993968
47,88,91,533.4965580004791
47,88,92,537.944603998767
47,88,93,533.2137749992398
47,88,94,520.4300280001917
47,88,95,536.666508000053
47,88,96,537.8056520003156
47,88,97,543.8152280003123
47,88,98,564.1959210006462
47,88,99,545.218080000268
47,88,100,555.1034780000919
48,89,1,508.9846930004569
48,89,2,502.1538919991144
48,89,3,508.4583349998866
48,89,4,498.70122899847047
48,89,5,502.58611799836217
48,89,6,495.58649900063756
48,89,7,518.3799350015761
48,89,8,514.8491410000133
48,89,9,513.2523049996962
48,89,10,522.5412220006547
48,89,11,561.948886999744
48,89,12,571.0482629983744
48,89,13,570.8151310009271
48,89,14,556.9813269994484
48,89,15,538.1259789992328
48,89,16,550.2396720003162
48,89,17,548.9677249988745
48,89,18,536.5273049992538
48,89,19,540.9249010008352
48,89,20,535.6164439999702
48,89,21,557.2712429984676
48,89,22,605.0170460002846
48,89,23,814.0172519997577
48,89,24,604.0841069989256
48,89,25,581.4677849994041
48,89,26,556.5656079998007
48,89,27,547.051700999873
48,89,28,558.5259680010495
48,89,29,528.0723750001926
48,89,30,534.9441329999536
48,89,31,524.6220560002257
48,89,32,554.9956859995291
48,89,33,520.3353420001804
48,89,34,520.1502899999468
48,89,35,525.1750579991494
48,89,36,561.1084639986075
48,89,37,555.7000970002264
48,89,38,555.7042019991059
48,89,39,561.6217560000223
48,89,40,568.5240679995331
48,89,41,561.4726080002583
48,89,42,549.1507110000384
48,89,43,525.2289649997692
48,89,44,532.2365640004136
48,89,45,543.7443050013826
48,89,46,554.2563569997583
48,89,47,550.5155989994819
48,89,48,555.0660799999605
48,89,49,540.4907800002547
48,89,50,533.8123539986555
48,89,51,533.7582180000027
48,89,52,534.2207980011153
48,89,53,547.7886769986071
48,89,54,530.9079700000439
48,89,55,527.4463559999276
48,89,56,531.9957270003215
48,89,57,527.1037980000983
48,89,58,543.4184620007727
48,89,59,539.3086880012561
48,89,60,536.1484949989972
48,89,61,535.5248039995786
48,89,62,534.4431970006553
48,89,63,546.7845789989951
48,89,64,529.1162800003804
48,89,65,538.006614000551
48,89,66,551.7190609989484
48,89,67,546.9932429987239
48,89,68,548.5545669998828
48,89,69,556.8328999997902
48,89,70,553.74893500084
48,89,71,538.9726119992702
48,89,72,561.9988500002364
48,89,73,531.752733999383
48,89,74,532.2529660006694
48,89,75,538.4465030001593
48,89,76,540.7720509992942
48,89,77,541.2863370002015
48,89,78,545.4823789987131
48,89,79,539.5388580000144
48,89,80,540.5766379990382
48,89,81,537.4722910000855
48,89,82,535.3786579998996
48,89,83,532.551472000705
48,89,84,537.6429879997886
48,89,85,538.6172649996297
48,89,86,541.3334610002494
48,89,87,534.4056550002279
48,89,88,537.0733439995092
48,89,89,545.0901469994278
48,89,90,530.7250940004451
48,89,91,524.5812449993537
48,89,92,537.3366389994771
48,89,93,532.7391470000293
48,89,94,549.5707829995808
48,89,95,542.7900640006555
48,89,96,542.0805289995769
48,89,97,549.3443129998923
48,89,98,536.4035400016292
48,89,99,535.4474980013038
48,89,100,539.7638939994067
49,90,1,500.00160499985213
49,90,2,499.98801500078116
49,90,3,489.8494720000599
49,90,4,500.6880660002935
49,90,5,493.9222549983242
49,90,6,506.50134200077446
49,90,7,512.4493919993256
49,90,8,494.7181579991593
49,90,9,508.7553210014448
49,90,10,523.2784159998118
49,90,11,547.0033639994654
49,90,12,558.0103299998882
49,90,13,565.5254619996413
49,90,14,545.8260949999385
49,90,15,547.0075610010099
49,90,16,554.822210000566
49,90,17,547.3681559997203
49,90,18,539.3048219993943
49,90,19,548.389772999144
49,90,20,558.3912389993202
49,90,21,541.4892910011986
49,90,22,537.6416479994077
49,90,23,538.0152270008693
49,90,24,549.151189999975
49,90,25,542.7759569993214
49,90,26,533.1804590005049
49,90,27,543.0607670004974
49,90,28,551.8107719999534
49,90,29,523.1864229990606
49,90,30,536.2818989997322
49,90,31,521.7853440008184
49,90,32,531.8726149998838
49,90,33,524.6473039987904
49,90,34,549.1644110006746
49,90,35,522.9636059993936
49,90,36,522.8171189992281
49,90,37,536.3623859993822
49,90,38,552.7431850005087
49,90,39,551.44711200046
49,90,40,556.672308999623
49,90,41,565.4968749986438
49,90,42,554.1372739990038
49,90,43,542.7298720005638
49,90,44,540.0817059999099
49,90,45,531.4369820007414
49,90,46,526.1245689998759
49,90,47,529.4980769995163
49,90,48,531.6389620002155
49,90,49,546.3973480000277
49,90,50,546.1735730004875
49,90,51,548.7904450001224
49,90,52,553.3340479996696
49,90,53,543.2755439996981
49,90,54,534.9600320005266
49,90,55,545.6195660008234
49,90,56,528.2512610010599
49,90,57,556.2628280003992
49,90,58,527.8985279983317
49,90,59,537.563465999483
49,90,60,540.2529120001418
49,90,61,571.530586001245
49,90,62,535.3010760009056
49,90,63,540.9907659995952
49,90,64,544.6076999996876
49,90,65,539.9041939999734
49,90,66,532.1749670001736
49,90,67,541.8269809997582
49,90,68,557.1017340007529
49,90,69,546.5243640010158
49,90,70,536.9254630004434
49,90,71,552.8037099993526
49,90,72,551.0135330005141
49,90,73,551.8368280008872
49,90,74,540.5637889998616
49,90,75,532.129655000972
49,90,76,542.4655229999189
49,90,77,539.0195270010736
49,90,78,535.0740739995672
49,90,79,542.7037949993974
49,90,80,556.7678090010304
49,90,81,527.8267960002268
49,90,82,553.8470880001114
49,90,83,541.4124580001953
49,90,84,532.9026149993297
49,90,85,538.2429109995428
49,90,86,547.5986400015245
49,90,87,528.9268139986234
49,90,88,551.5060590005305
49,90,89,554.6782660003373
49,90,90,543.4706440009904
49,90,91,540.3571660008311
49,90,92,532.6437589992565
49,90,93,541.0076680000202
49,90,94,539.0332229999331
49,90,95,537.1320490012295
49,90,96,539.0308709993406
49,90,97,543.5785879999457
49,90,98,535.4740260008839
49,90,99,550.3333209999255
49,90,100,545.0222479994409
50,91,1,498.3649180012435
50,91,2,506.7713790012931
50,91,3,489.3346360004216
50,91,4,496.84922699998424
50,91,5,503.5013449996768
50,91,6,501.1029859997507
50,91,7,506.0742920013581
50,91,8,506.2922939996497
50,91,9,498.3371870002884
50,91,10,528.7149579999095
50,91,11,552.6716040003521
50,91,12,560.8886089994485
50,91,13,552.412495999306
50,91,14,539.894405999803
50,91,15,551.1839930004498
50,91,16,543.3933929998602
50,91,17,549.7389190004469
50,91,18,539.5388569995703
50,91,19,561.6654020013812
50,91,20,534.5686159998877
50,91,21,544.4004040000436
50,91,22,551.9892089996574
50,91,23,544.8985820003145
50,91,24,525.4355750003015
50,91,25,536.599702998501
50,91,26,544.5282649998262
50,91,27,554.2590670011123
50,91,28,525.8445200015558
50,91,29,647.381201000826
50,91,30,606.6684309989796
50,91,31,544.8740780011576
50,91,32,534.8705920005159
50,91,33,535.1746439991985
50,91,34,576.1857340003189
50,91,35,540.202838001278
50,91,36,542.193674000373
50,91,37,530.6449510007951
50,91,38,552.8343139994831
50,91,39,539.4707390005351
50,91,40,540.1702039998781
50,91,41,538.9580219998606
50,91,42,542.4713829997927
50,91,43,531.8575159999455
50,91,44,574.9984249996487
50,91,45,541.0840430013195
50,91,46,560.702314000082
50,91,47,541.2934539999696
50,91,48,543.8998959998571
50,91,49,542.7375090002897
50,91,50,545.0518269990425
50,91,51,539.9096340006508
50,91,52,547.9918540004292
50,91,53,553.2938840005954
50,91,54,534.4559919994936
50,91,55,526.1632900001132
50,91,56,544.2959939991852
50,91,57,545.4461460012681
50,91,58,535.6670790006319
50,91,59,516.9873750000988
50,91,60,530.6632189985976
50,91,61,535.7795390009414
50,91,62,531.0136419993796
50,91,63,531.8486449996271
50,91,64,524.9812769998243
50,91,65,535.6566150003346
50,91,66,537.486479999643
50,91,67,536.821986999712
50,91,68,537.5714849997166
50,91,69,560.5899069996667
50,91,70,565.1102890005859
50,91,71,554.8677699989639
50,91,72,543.7690760008991
50,91,73,550.858941000115
50,91,74,528.0015040007129
50,91,75,528.0374620015209
50,91,76,532.9806039990217
50,91,77,540.3023649996612
50,91,78,524.2285540007288
50,91,79,533.2013990009727
50,91,80,536.8386840000312
50,91,81,529.8775940009364
50,91,82,536.090604000492
50,91,83,545.3648099992279
50,91,84,554.508645000169
50,91,85,543.7341079996258
50,91,86,534.9573769999552
50,91,87,547.1433050006453
50,91,88,537.6303890006966
50,91,89,544.1713660002279
50,91,90,546.1283920012647
50,91,91,527.7578799996263
50,91,92,544.6009210008924
50,91,93,535.4951779991097
50,91,94,534.8223580003832
50,91,95,531.7707739995967
50,91,96,530.0739859994792
50,91,97,549.5799139989686
50,91,98,527.8894319999381
50,91,99,544.8858550007571
50,91,100,544.6543580001162
51,92,1,516.2027440001111
51,92,2,502.1453909994307
51,92,3,502.58987300003355
51,92,4,506.7890170012106
51,92,5,495.98367099861207
51,92,6,500.12255600086064
51,92,7,500.435183999798
51,92,8,505.44897399959154
51,92,9,517.5023350002448
51,92,10,561.8090200005099
51,92,11,546.8034929999703
51,92,12,545.0999249987944
51,92,13,543.0610359999264
51,92,14,550.9471470013523
51,92,15,541.2703389993112
51,92,16,531.5568730002269
51,92,17,541.495332001432
51,92,18,537.3672799996712
51,92,19,545.5884249986411
51,92,20,571.197065000888
51,92,21,539.6621910003887
51,92,22,541.9974430005823
51,92,23,549.9748700003693
51,92,24,544.0464959992823
51,92,25,532.6630800009298
51,92,26,528.1192069996905
51,92,27,536.3964299995132
51,92,28,541.4643050007726
51,92,29,547.3469300013676
51,92,30,533.1613220005238
51,92,31,548.1200520007405
51,92,32,534.0154220011755
51,92,33,549.9694069985708
51,92,34,535.2374560006865
51,92,35,539.0117019996978
51,92,36,551.5407339989906
51,92,37,552.4853850001819
51,92,38,532.8317530002096
51,92,39,536.439468000026
51,92,40,538.5497539991775
51,92,41,541.7837950008106
51,92,42,544.1393150013027
51,92,43,519.9389119989064
51,92,44,549.7627149998152
51,92,45,605.716575999395
51,92,46,606.566123000448
51,92,47,570.1178330000403
51,92,48,546.5182110001479
51,92,49,540.8557949995156
51,92,50,563.1475800000771
51,92,51,555.6711579993134
51,92,52,541.2176879999606
51,92,53,554.1268719989603
51,92,54,525.7894919996033
51,92,55,533.5835389996646
51,92,56,564.9159940003301
51,92,57,533.5441499992157
51,92,58,536.8586179993144
51,92,59,537.9273889993783
51,92,60,539.3271689990797
51,92,61,521.0506780003925
51,92,62,529.5775930007949
51,92,63,522.860834000312
51,92,64,523.709675999271
51,92,65,525.5719930009946
51,92,66,535.4049500001565
51,92,67,542.9305540001224
51,92,68,530.8582720008417
51,92,69,526.9044249998842
51,92,70,534.6097679994273
51,92,71,547.2720849993493
51,92,72,558.6088840009324
51,92,73,549.3149230005656
51,92,74,562.1799460004695
51,92,75,539.195583000037
51,92,76,519.6059219997551
51,92,77,540.2272819992504
51,92,78,529.3303470007231
51,92,79,555.3669429991714
51,92,80,525.3466199992545
51,92,81,545.505766000133
51,92,82,534.9317159998463
51,92,83,546.2408570001571
51,92,84,537.9185269994196
51,92,85,548.7172569992254
51,92,86,536.7035550007131
51,92,87,554.280562000713
51,92,88,532.6278129996354
51,92,89,546.5254270002333
51,92,90,533.2631940000283
51,92,91,535.9094169998571
51,92,92,537.0609429992328
51,92,93,539.2448599995987
51,92,94,549.3248650000169
51,92,95,536.0686410003836
51,92,96,536.3405339994642
51,92,97,533.0760670003656
51,92,98,539.4773000007262
51,92,99,536.2306160004664
51,92,100,599.2133549989376
52,93,1,500.34007800059044
52,93,2,500.22179299958225
52,93,3,494.598635001239
52,93,4,488.21994900026766
52,93,5,506.9554940000671
52,93,6,493.1878619991039
52,93,7,502.1401510002761
52,93,8,503.81093800024246
52,93,9,501.9784050000453
52,93,10,556.8401529999392
52,93,11,572.042046000206
52,93,12,550.1364159990771
52,93,13,552.6332629997341
52,93,14,541.4687530010269
52,93,15,556.2329630010936
52,93,16,537.4970020002365
52,93,17,549.6667170009459
52,93,18,545.210236999992
52,93,19,570.4603570011386
52,93,20,536.2952119994588
52,93,21,542.0158130000345
52,93,22,532.368205000239
52,93,23,546.9449479987816
52,93,24,545.8248969989654
52,93,25,557.3725109989027
52,93,26,533.6718709986599
52,93,27,539.087532000849
52,93,28,535.1812979988608
52,93,29,527.8687919999356
52,93,30,520.5572949998896
52,93,31,525.6510689996503
52,93,32,540.4177979999076
52,93,33,535.553746000005
52,93,34,526.2805849997676
52,93,35,514.290961998995
52,93,36,532.2533399994427
52,93,37,529.9329679983202
52,93,38,531.319457999416
52,93,39,533.274467999945
52,93,40,547.9181229984533
52,93,41,534.8288400000456
52,93,42,547.9806620005547
52,93,43,546.684834998814
52,93,44,532.8218049999123
52,93,45,539.3385449988273
52,93,46,543.9145439995627
52,93,47,545.5231300002197
52,93,48,546.6799170008017
52,93,49,534.0123050009424
52,93,50,553.9506149998488
52,93,51,535.4987990012887
52,93,52,544.9618290003855
52,93,53,570.6490809989191
52,93,54,654.5655669997359
52,93,55,666.2051889998111
52,93,56,587.3613189996831
52,93,57,549.3884930001514
52,93,58,590.5701459996635
52,93,59,661.7965749992436
52,93,60,550.7185639999079
52,93,61,662.5850050004374
52,93,62,535.4828870003985
52,93,63,539.2436570000427
52,93,64,523.9856799998961
52,93,65,529.2143749993556
52,93,66,538.8624839997647
52,93,67,579.9141000006784
52,93,68,531.5159649999259
52,93,69,527.6801090003573
52,93,70,532.5447489994986
52,93,71,553.3779180004785
52,93,72,545.9530400003132
52,93,73,556.1193129997264
52,93,74,559.5824120009638
52,93,75,570.8435060005286
52,93,76,533.7288059999992
52,93,77,523.4943430004932
52,93,78,540.3278060002776
52,93,79,537.8771870000492
52,93,80,534.5475649992295
52,93,81,542.7948510005081
52,93,82,547.8571980002016
52,93,83,535.4798530006519
52,93,84,554.7715800003061
52,93,85,552.9627710002387
52,93,86,536.3047669998195
52,93,87,534.0175349992933
52,93,88,544.208018000063
52,93,89,537.1677909988648
52,93,90,537.9303129993787
52,93,91,531.1068209994119
52,93,92,535.2652689998649
52,93,93,528.0922290003218
52,93,94,540.5178390010406
52,93,95,531.1603330010257
52,93,96,543.5294239996438
52,93,97,553.8726360009605
52,93,98,534.9016370000754
52,93,99,532.8484959991329
52,93,100,541.0605769993708
53,94,1,494.1515440004878
53,94,2,491.08892699950957
53,94,3,491.17075899994234
53,94,4,499.638845998561
53,94,5,502.42766900009883
53,94,6,498.78773400087084
53,94,7,503.4011979987554
53,94,8,487.9038409999339
53,94,9,504.36236200039275
53,94,10,548.002016999817
53,94,11,547.0166190007149
53,94,12,550.0384960014344
53,94,13,560.320059001242
53,94,14,554.9716189998435
53,94,15,539.5896919999359
53,94,16,541.3018630006263
53,94,17,548.3205550008279
53,94,18,537.4829800002772
53,94,19,541.9039589996828
53,94,20,537.6533369999379
53,94,21,554.9445349988673
53,94,22,536.2356589994306
53,94,23,537.1285530000023
53,94,24,546.8568880005478
53,94,25,539.4126139999571
53,94,26,533.6025179985882
53,94,27,541.7986609991203
53,94,28,537.2863159991539
53,94,29,544.7394869988784
53,94,30,535.1629600008891
53,94,31,532.3034579996602
53,94,32,537.6642339997488
53,94,33,549.5739790003427
53,94,34,550.3781120005442
53,94,35,522.6638320000347
53,94,36,543.2582530011132
53,94,37,539.3478059995687
53,94,38,533.1932570006757
53,94,39,552.0615839996026
53,94,40,544.0060220007581
53,94,41,528.4059829991747
53,94,42,542.913649998809
53,94,43,543.7037899991992
53,94,44,539.591119000761
53,94,45,542.6667949996045
53,94,46,546.5898590009601
53,94,47,529.3295850005961
53,94,48,556.0089230002632
53,94,49,544.9966359992686
53,94,50,552.0969949993741
53,94,51,526.7887959998916
53,94,52,549.957932000325
53,94,53,543.04300900003
53,94,54,542.687229000876
53,94,55,537.0885399988765
53,94,56,538.1002230005834
53,94,57,520.6363560009777
53,94,58,532.1884659988427
53,94,59,536.309530998551
53,94,60,514.0358899989224
53,94,61,533.4581970000727
53,94,62,531.4749979988846
53,94,63,562.0692109987431
53,94,64,569.1056199993909
53,94,65,552.1129699991434
53,94,66,537.1128900005715
53,94,67,527.3823179995816
53,94,68,528.6600459985493
53,94,69,526.5100020005775
53,94,70,526.072419999764
53,94,71,530.5909580001753
53,94,72,536.4037060007831
53,94,73,561.3393299991003
53,94,74,549.772809001297
53,94,75,565.6967249997251
53,94,76,559.3808939993323
53,94,77,567.3892029990384
53,94,78,538.8689440005692
53,94,79,568.7604150007246
53,94,80,531.9982689998142
53,94,81,539.9906189995818
53,94,82,537.0045580002625
53,94,83,538.5163339997234
53,94,84,529.9764320006943
53,94,85,535.5629900004715
53,94,86,527.8551789997437
53,94,87,534.0118639996945
53,94,88,540.6228520005243
53,94,89,521.4528319993406
53,94,90,528.7134299996978
53,94,91,523.5956739998073
53,94,92,529.1625930003647
53,94,93,541.7851749989495
53,94,94,523.7469820003753
53,94,95,531.721354000183
53,94,96,534.863086999394
53,94,97,550.9939439998561
53,94,98,537.8435700004047
53,94,99,522.4031730012939
53,94,100,540.7285290002619
54,95,1,494.0074289988843
54,95,2,502.30346100033785
54,95,3,489.66565699993225
54,95,4,507.26911800120433
54,95,5,506.2433240000246
54,95,6,490.08619699998235
54,95,7,495.9658780007885
54,95,8,507.23360600022716
54,95,9,489.60922399965057
54,95,10,513.8668380004674
54,95,11,552.8283629992075
54,95,12,541.7778259998158
54,95,13,560.0182719990698
54,95,14,528.8279870001134
54,95,15,553.7962550006341
54,95,16,534.1901049996522
54,95,17,540.278598000441
54,95,18,533.1100590010465
54,95,19,535.8652100003383
54,95,20,527.6591699985147
54,95,21,543.653290000293
54,95,22,558.8106710001739
54,95,23,554.2024280002806
54,95,24,545.4436889995122
54,95,25,549.3813510001928
54,95,26,553.5613060001197
54,95,27,528.1034749987157
54,95,28,547.1181039993098
54,95,29,547.703176000141
54,95,30,539.8793119984475
54,95,31,540.4737099997874
54,95,32,521.0754460003955
54,95,33,542.0028089993139
54,95,34,549.7212030004448
54,95,35,533.1655209993187
54,95,36,538.6602880007558
54,95,37,544.412306000595
54,95,38,526.483597999686
54,95,39,550.0589389994275
54,95,40,534.1968880002241
54,95,41,549.6569070000987
54,95,42,591.2435130012454
54,95,43,532.1497429995361
54,95,44,545.8273740005097
54,95,45,537.3980610002036
54,95,46,545.8829870003683
54,95,47,536.2594569996872
54,95,48,525.7517800000642
54,95,49,530.821570999251
54,95,50,547.458765000556
54,95,51,554.3966020013613
54,95,52,553.8118200001918
54,95,53,554.4858620014566
54,95,54,559.2260059984255
54,95,55,682.3785649994534
54,95,56,630.7561379999242
54,95,57,600.9116679997533
54,95,58,593.0648649991781
54,95,59,584.50700100002
54,95,60,574.468804999924
54,95,61,751.1787929997809
54,95,62,634.7976529996231
54,95,63,601.4334519986733
54,95,64,556.3152539998555
54,95,65,547.8482150010677
54,95,66,552.065918000153
54,95,67,537.4749900001916
54,95,68,525.1094929990359
54,95,69,523.7434009995923
54,95,70,553.0367040009878
54,95,71,544.601210998735
54,95,72,541.6647640013252
54,95,73,549.0035239999997
54,95,74,542.4003150001226
54,95,75,543.5876039991854
54,95,76,553.6557560008077
54,95,77,547.1551150003506
54,95,78,552.2338190003211
54,95,79,533.7459309994301
54,95,80,547.4588659999426
54,95,81,528.6656680000306
54,95,82,541.2474730001122
54,95,83,532.5392119993921
54,95,84,555.7787320012721
54,95,85,537.0300049999059
54,95,86,535.9124749993498
54,95,87,531.4824510005565
54,95,88,535.772312001427
54,95,89,543.4038450002845
54,95,90,526.308328999221
54,95,91,532.9579890003515
54,95,92,532.9814059987257
54,95,93,539.7359140006301
54,95,94,542.5732349995087
54,95,95,537.9800669998076
54,95,96,540.7601779988909
54,95,97,520.9831170013786
54,95,98,528.60287600015
54,95,99,531.3663559991255
54,95,100,535.3517079984158
55,96,1,503.298873998574
55,96,2,509.5608390001871
55,96,3,498.27735899998515
55,96,4,506.23905999964336
55,96,5,493.20617800003674
55,96,6,488.3985520009446
55,96,7,513.0887759987672
55,96,8,518.023919999905
55,96,9,546.4736720005021
55,96,10,556.5871470007551
55,96,11,535.9970009994868
55,96,12,549.5564330012712
55,96,13,547.1036949984409
55,96,14,564.4147240000166
55,96,15,543.4608509985992
55,96,16,550.0185469991266
55,96,17,526.1098810005933
55,96,18,548.1993419998616
55,96,19,528.842039000665
55,96,20,541.7603959995176
55,96,21,546.6112890007935
55,96,22,545.892850999735
55,96,23,542.8153539996856
55,96,24,560.928523000257
55,96,25,546.2847239996336
55,96,26,544.0776609993918
55,96,27,546.0900689995469
55,96,28,608.4437700010312
55,96,29,689.6884910001972
55,96,30,542.6626120006404
55,96,31,636.3699489993451
55,96,32,532.8008040014538
55,96,33,540.1595839994116
55,96,34,530.5330270002742
55,96,35,541.3143810001202
55,96,36,532.810270000482
55,96,37,550.9140670001216
55,96,38,557.6506230008818
55,96,39,560.5388839994703
55,96,40,538.0797960006021
55,96,41,539.3321159990592
55,96,42,535.6161210002028
55,96,43,536.0472259999369
55,96,44,532.9101179995632
55,96,45,545.629091999217
55,96,46,537.5133589986945
55,96,47,541.8661620005878
55,96,48,540.268400000059
55,96,49,555.6503409989091
55,96,50,538.9044819985429
55,96,51,540.8423259996198
55,96,52,544.4235499999195
55,96,53,547.1286290012358
55,96,54,553.5514409984899
55,96,55,558.2282140003372
55,96,56,535.9787470006268
55,96,57,532.9007170003024
55,96,58,549.8768750003364
55,96,59,537.9909420007607
55,96,60,540.8845340007247
55,96,61,533.4128949998558
55,96,62,546.4169129991205
55,96,63,538.695559000189
55,96,64,563.6093140001321
55,96,65,532.4906189998728
55,96,66,542.7368170003319
55,96,67,538.4020439996675
55,96,68,539.068436000889
55,96,69,533.9020270002948
55,96,70,538.6692289994244
55,96,71,539.7540600006323
55,96,72,532.248270999844
55,96,73,541.5069289992971
55,96,74,548.7332529992273
55,96,75,545.6294750001689
55,96,76,537.6513079991128
55,96,77,541.8391650000558
55,96,78,548.2423529992957
55,96,79,560.2956300008373
55,96,80,546.600090998254
55,96,81,550.205644000016
55,96,82,579.3995490002999
55,96,83,603.1914630002575
55,96,84,564.063718999023
55,96,85,564.1869549999683
55,96,86,536.872687000141
55,96,87,564.76951500008
55,96,88,542.4665539994749
55,96,89,536.2818630001129
55,96,90,534.6648970007664
55,96,91,539.7301240009256
55,96,92,530.6346149991441
55,96,93,559.2382340000768
55,96,94,545.1963169998635
55,96,95,525.0400029999582
55,96,96,529.9628379998467
55,96,97,540.1146530002734
55,96,98,534.3975409996347
55,96,99,544.036141000106
55,96,100,532.5396970001748
56,97,1,514.2709080009809
56,97,2,503.6640630005422
56,97,3,509.1765180004586
56,97,4,496.35008800032665
56,97,5,500.6679569996777
56,97,6,497.84282299879123
56,97,7,507.1756830002414
56,97,8,487.9939900001773
56,97,9,491.4917559999594
56,97,10,525.6901780012413
56,97,11,556.5885290016013
56,97,12,542.7203190010914
56,97,13,528.7855400001717
56,97,14,540.8830769993074
56,97,15,554.5526309997513
56,97,16,541.3795069998741
56,97,17,552.3455590009689
56,97,18,540.0942159994884
56,97,19,549.2720869988261
56,97,20,538.3730650009966
56,97,21,567.4710990006133
56,97,22,549.1452019996359
56,97,23,547.7791160010383
56,97,24,539.4516520009347
56,97,25,551.7513699996925
56,97,26,539.451515998735
56,97,27,554.3184270009078
56,97,28,536.9790489985462
56,97,29,530.6800540001859
56,97,30,549.1354759997193
56,97,31,532.4075640000956
56,97,32,542.4732650008082
56,97,33,535.4999729988776
56,97,34,526.9459610008198
56,97,35,531.8705169993336
56,97,36,552.6309249999031
56,97,37,540.6305750002502
56,97,38,535.2347000007285
56,97,39,526.0125759996299
56,97,40,541.4523649997136
56,97,41,533.7210639991099
56,97,42,543.462132998684
56,97,43,536.8616599989764
56,97,44,538.7445850010408
56,97,45,540.8177400004206
56,97,46,524.0231850002601
56,97,47,537.5650549995044
56,97,48,543.4525399996346
56,97,49,540.1644979992852
56,97,50,539.3602299991471
56,97,51,546.4498560013453
56,97,52,545.3025579990936
56,97,53,531.180541998765
56,97,54,557.3481560004439
56,97,55,535.2897120010311
56,97,56,556.2568559998908
56,97,57,519.8184919991036
56,97,58,542.6519539996661
56,97,59,523.9505250010552
56,97,60,545.1694189996488
56,97,61,535.8461150008225
56,97,62,557.1660519999568
56,97,63,539.8102110011678
56,97,64,540.2454319992103
56,97,65,527.5251160001062
56,97,66,548.4425419999752
56,97,67,534.3155800001114
56,97,68,542.5089039999875
56,97,69,521.500256998479
56,97,70,536.2801419996686
56,97,71,530.4468390004331
56,97,72,538.6776920004195
56,97,73,542.7688370000396
56,97,74,539.3332069997996
56,97,75,544.578785998965
56,97,76,543.1531790000008
56,97,77,535.3207569987717
56,97,78,537.7710439988732
56,97,79,531.6968639999686
56,97,80,538.8857389989425
56,97,81,549.567014000786
56,97,82,546.6934200012474
56,97,83,553.4496499985835
56,97,84,537.5955079998676
56,97,85,542.2989779999625
56,97,86,533.3944539997901
56,97,87,540.151089999199
56,97,88,535.2265290002833
56,97,89,544.841898001323
56,97,90,520.5889570006548
56,97,91,529.1562210004486
56,97,92,541.2586649999866
56,97,93,539.157929000794
56,97,94,550.6419060002372
56,97,95,544.9394850002136
56,97,96,538.8113760000124
56,97,97,552.3230509988935
56,97,98,532.9961410006945
56,97,99,534.3011550012307
56,97,100,523.5875569997006
57,98,1,514.0953230002197
57,98,2,508.84748400130775
57,98,3,498.7110370002483
57,98,4,498.33215099897643
57,98,5,496.9094830012182
57,98,6,499.5352290006849
57,98,7,499.45894600023166
57,98,8,507.3327150003024
57,98,9,495.8993729997019
57,98,10,533.0837569999858
57,98,11,539.561302999573
57,98,12,541.2982979996741
57,98,13,547.7500630004215
57,98,14,541.6992690006737
57,98,15,537.8445080004894
57,98,16,545.0888550003583
57,98,17,538.6073059999035
57,98,18,546.3646389998758
57,98,19,535.1387150003575
57,98,20,539.8597499988682
57,98,21,532.280969000567
57,98,22,539.4317690006574
57,98,23,553.8561990015296
57,98,24,562.2056459997111
57,98,25,550.5938480000623
57,98,26,560.0074399990262
57,98,27,548.9208920007513
57,98,28,539.9636259990075
57,98,29,535.177001998818
57,98,30,528.9884710000479
57,98,31,518.9882429986028
57,98,32,547.4498300009145
57,98,33,529.7642000004998
57,98,34,529.1411219986912
57,98,35,536.3118550012587
57,98,36,544.4368420012324
57,98,37,526.9777929988777
57,98,38,530.5918980011484
57,98,39,517.7341880007589
57,98,40,530.2306109988422
57,98,41,528.9502810010163
57,98,42,538.91436000049
57,98,43,527.0875030000752
57,98,44,527.4100629994791
57,98,45,533.4070850003627
57,98,46,535.807260999718
57,98,47,527.9968550003105
57,98,48,549.8009929997352
57,98,49,541.2499789999856
57,98,50,542.3288099991623
57,98,51,539.2883770000481
57,98,52,551.7595940000319
57,98,53,562.117113999193
57,98,54,551.5571609994367
57,98,55,549.0542580009787
57,98,56,541.5168420004193
57,98,57,550.4988560005586
57,98,58,539.5356169992738
57,98,59,542.1861790000548
57,98,60,539.4635329994344
57,98,61,532.9121579998173
57,98,62,532.4105960007728
57,98,63,537.5327920010022
57,98,64,540.6446100005269
57,98,65,530.9595920007268
57,98,66,529.2901400007395
57,98,67,535.7040719991346
57,98,68,540.6457959998079
57,98,69,529.1715240000485
57,98,70,533.9127660008671
57,98,71,531.1933890006912
57,98,72,531.7985259989655
57,98,73,537.2894140000426
57,98,74,531.291968000005
57,98,75,535.7752470008563
57,98,76,536.0739080006169
57,98,77,534.9008320008579
57,98,78,540.6585540004016
57,98,79,534.2491270002938
57,98,80,531.1918649986183
57,98,81,525.098774000071
57,98,82,548.4065840009862
57,98,83,552.128356999674
57,98,84,548.4885009991558
57,98,85,542.5551150001411
57,98,86,548.3063249994302
57,98,87,529.9065819999669
57,98,88,548.087798000779
57,98,89,539.2897570000059
57,98,90,530.4050320009992
57,98,91,531.4149419991736
57,98,92,558.2887460004713
57,98,93,537.1760930011078
57,98,94,528.665361000094
57,98,95,532.0771770002466
57,98,96,527.4320560001797
57,98,97,532.2010140007478
57,98,98,535.1723059993674
57,98,99,542.2649800002546
57,98,100,539.3459590013663
58,99,1,508.94990199958556
58,99,2,502.24190699918836
58,99,3,497.9954469999939
58,99,4,502.0079790010641
58,99,5,507.42367500060936
58,99,6,499.5239460004086
58,99,7,512.8983510003309
58,99,8,501.6554020003241
58,99,9,509.78188699991733
58,99,10,509.0224510004191
58,99,11,555.329996999717
58,99,12,546.6539509998256
58,99,13,546.2631409991445
58,99,14,537.2974750007415
58,99,15,567.1743350012548
58,99,16,546.8015610003931
58,99,17,538.589793999563
58,99,18,532.4394599992957
58,99,19,529.4311220004602
58,99,20,536.0891899999842
58,99,21,530.2973600009864
58,99,22,525.3410029999941
58,99,23,540.144294998754
58,99,24,533.8015770012134
58,99,25,567.0715470005234
58,99,26,565.628063000986
58,99,27,559.9100809995434
58,99,28,579.7507810002571
58,99,29,560.0022079997871
58,99,30,553.6709529988002
58,99,31,526.3228870007879
58,99,32,558.272592999856
58,99,33,543.5789710008976
58,99,34,539.4745960002183
58,99,35,549.0606399998796
58,99,36,552.9438110006595
58,99,37,543.686697999874
58,99,38,553.8593839992245
58,99,39,544.8963170001662
58,99,40,535.4061389989511
58,99,41,538.2606369985297
58,99,42,532.9934430010326
58,99,43,534.4239349997224
58,99,44,544.2529890005972
58,99,45,529.1047400005482
58,99,46,540.5930570013879
58,99,47,530.6132460009394
58,99,48,537.9303750014515
58,99,49,532.9755030015804
58,99,50,554.9546990005183
58,99,51,546.6461979995074
58,99,52,529.1749349999009
58,99,53,537.6784250001947
58,99,54,545.4841970004054
58,99,55,552.0645529995818
58,99,56,542.1788090006885
58,99,57,553.2498400007171
58,99,58,555.2763360010431
58,99,59,553.7858970001253
58,99,60,546.3304510012676
58,99,61,540.2461079993373
58,99,62,535.8318479993613
58,99,63,542.2755790004885
58,99,64,536.3223559998005
58,99,65,552.5546930002747
58,99,66,541.0631350005133
58,99,67,539.956426999197
58,99,68,550.5815310007165
58,99,69,540.7870359995286
58,99,70,543.5028269985196
58,99,71,541.4648049991229
58,99,72,544.2494869985239
58,99,73,556.3544329997967
58,99,74,538.674331999573
58,99,75,538.5721889997512
58,99,76,537.5290649990347
58,99,77,536.716668999361
58,99,78,546.8124250000983
58,99,79,534.0087860004132
58,99,80,533.4367349987588
58,99,81,538.5559099995589
58,99,82,533.7841589989694
58,99,83,591.0507600001438
58,99,84,552.8615000002901
58,99,85,537.5700369986589
58,99,86,554.477666000821
58,99,87,539.9376610002946
58,99,88,554.9239240008319
58,99,89,554.0462730004947
58,99,90,541.0574119996454
58,99,91,543.306716999723
58,99,92,543.3843029986747
58,99,93,537.1509729993704
58,99,94,560.559691999515
58,99,95,542.7147340014926
58,99,96,531.8127350001305
58,99,97,546.3836340004491
58,99,98,540.1378580008895
58,99,99,529.0569150001829
58,99,100,543.187057999603
59,100,1,496.39371700141055
59,100,2,494.98500900153886
59,100,3,504.4486520000646
59,100,4,496.615281999766
59,100,5,508.3078610005032
59,100,6,504.5392699994409
59,100,7,512.020334999761
59,100,8,508.5742200008099
59,100,9,513.7559809991217
59,100,10,539.8389270012558
59,100,11,552.9963979988679
59,100,12,545.155073999922
59,100,13,548.9000310008123
59,100,14,545.1434189999418
59,100,15,551.8875870002375
59,100,16,558.1604919989331
59,100,17,536.1889900013921
59,100,18,536.005498999657
59,100,19,542.5131060001149
59,100,20,534.3412250003894
59,100,21,530.1491409991286
59,100,22,537.516346999837
59,100,23,540.7193390001339
59,100,24,533.8948689986864
59,100,25,541.5412769998511
59,100,26,541.1698429998069
59,100,27,551.1317079999571
59,100,28,574.6556659996713
59,100,29,549.3496790004428
59,100,30,537.7555600007327
59,100,31,545.0912169999356
59,100,32,557.8344580007979
59,100,33,549.7590089998994
59,100,34,545.2195710004162
59,100,35,546.049511000092
59,100,36,558.0097349993594
59,100,37,533.8281259992073
59,100,38,556.0706919986842
59,100,39,524.6718170001259
59,100,40,550.452621999284
59,100,41,541.3662920000206
59,100,42,541.7455340011657
59,100,43,532.117709000886
59,100,44,534.8629649997747
59,100,45,543.3161769997241
59,100,46,534.6925079993525
59,100,47,528.9841380017606
59,100,48,523.6865309998393
59,100,49,528.5415979997197
59,100,50,545.5890819994238
59,100,51,529.9613219995081
59,100,52,538.2858259999921
59,100,53,539.7311540000373
59,100,54,548.354593998738
59,100,55,540.0527760011755
59,100,56,545.889963999798
59,100,57,537.1203099984996
59,100,58,551.4138060007099
59,100,59,553.1399579995195
59,100,60,553.2206759999099
59,100,61,546.9238570003654
59,100,62,529.327745000046
59,100,63,539.1374900009396
59,100,64,541.3565870003367
59,100,65,539.4973679995019
59,100,66,539.3624680000357
59,100,67,534.2172119999304
59,100,68,527.8044250007952
59,100,69,540.5332279988215
59,100,70,533.5898289995384
59,100,71,551.3378810010181
59,100,72,548.191855999903
59,100,73,550.3256060001149
59,100,74,530.9371410003223
59,100,75,545.3373079999437
59,100,76,524.7482340000715
59,100,77,543.980279000607
59,100,78,536.0166890004621
59,100,79,537.9262419992301
59,100,80,535.7614210006432
59,100,81,541.4253580001969
59,100,82,526.2988650010811
59,100,83,551.7705880010908
59,100,84,534.206083000754
59,100,85,545.5435059993761
59,100,86,545.378520999293
59,100,87,544.8184810011298
59,100,88,543.3036179983901
59,100,89,545.1046130001487
59,100,90,548.5984000006283
59,100,91,553.3779659999709
59,100,92,552.0097949993215
59,100,93,526.2896730000648
59,100,94,531.0440430002927
59,100,95,536.7505039994285
59,100,96,540.9959759999765
59,100,97,539.4958509987191
59,100,98,542.5145509998401
59,100,99,529.5740589990601
59,100,100,532.1386209998309
60,101,1,520.364931999211
60,101,2,494.84721799854015
60,101,3,494.175671999983
60,101,4,499.04408499969577
60,101,5,496.55542300024536
60,101,6,504.77556599980744
60,101,7,495.92425399896456
60,101,8,489.1651179987093
60,101,9,514.4824889994197
60,101,10,539.2432770004234
60,101,11,536.8706099998235
60,101,12,537.9253930004779
60,101,13,538.8607929999125
60,101,14,542.7560620009899
60,101,15,539.5311760003096
60,101,16,542.1270450005977
60,101,17,550.9837989993684
60,101,18,556.1073730004864
60,101,19,539.7410280002077
60,101,20,536.5267469987884
60,101,21,549.6512839999923
60,101,22,547.0150020009896
60,101,23,531.250251999154
60,101,24,541.0343540006579
60,101,25,545.3428010005155
60,101,26,547.77540699979
60,101,27,558.6221799985651
60,101,28,537.7006920007261
60,101,29,540.3574310003023
60,101,30,550.3944410011172
60,101,31,543.7750750006671
60,101,32,547.6693459986564
60,101,33,549.638430999039
60,101,34,532.7891920005641
60,101,35,534.9253399999725
60,101,36,540.0176769999234
60,101,37,540.6481079990044
60,101,38,523.0956150007842
60,101,39,544.6071139995183
60,101,40,524.7791580004559
60,101,41,518.7610520006274
60,101,42,484.3510749997222
60,101,43,487.8740719996131
60,101,44,477.84411999964505
60,101,45,488.78064600103244
60,101,46,490.26587399930577
60,101,47,482.5960470006976
60,101,48,476.78683400044974
60,101,49,489.90926499936904
60,101,50,479.8781310000777
60,101,51,483.3916619991214
60,101,52,488.1168659994728
60,101,53,480.9082190004119
60,101,54,485.65963299915893
60,101,55,491.9392860010703
60,101,56,484.5078359994659
60,101,57,483.1936289992882
60,101,58,514.2539759999636
60,101,59,530.4454630004329
60,101,60,532.6421870013291
60,101,61,537.9828290006117
60,101,62,524.4377540002461
60,101,63,537.7015879985265
60,101,64,524.0178410003864
60,101,65,536.9469369998114
60,101,66,550.0992349989247
60,101,67,548.7954469990655
60,101,68,561.2179749987263
60,101,69,576.9321330008097
60,101,70,580.2728029993887
60,101,71,548.2198890003929
60,101,72,577.057230999344
60,101,73,560.2462189999642
60,101,74,585.190675999911
60,101,75,560.3561339994485
60,101,76,572.7263839999068
60,101,77,551.2905100003991
60,101,78,563.18040899896
60,101,79,561.7749840002944
60,101,80,572.2914470006799
60,101,81,539.6216579993052
60,101,82,553.7822440001037
60,101,83,537.5113070003863
60,101,84,530.914863000362
60,101,85,536.6528070007917
60,101,86,541.2748909984657
60,101,87,536.8430920007086
60,101,88,543.6175680006272
60,101,89,549.9456990000908
60,101,90,548.004457999923
60,101,91,565.535165998881
60,101,92,564.7515410000779
60,101,93,550.8916770013457
60,101,94,540.3789640004106
60,101,95,536.5353890010738
60,101,96,533.0494490008277
60,101,97,527.35325499998
60,101,98,539.2406770006346
60,101,99,525.9222559998307
60,101,100,532.910283000092
61,102,1,478.9644809989113
61,102,2,478.09287600102834
61,102,3,476.76640399913595
61,102,4,492.5855839992437
61,102,5,501.75131099967984
61,102,6,445.62356200003705
61,102,7,459.5053840002947
61,102,8,447.20252499973867
61,102,9,449.04517399845645
61,102,10,452.83645399831585
61,102,11,499.85154200112447
61,102,12,492.33066700071504
61,102,13,498.124188001384
61,102,14,533.0775969996466
61,102,15,550.8426430005784
61,102,16,535.4034049996699
61,102,17,545.9761470010562
61,102,18,535.7209600006172
61,102,19,555.265844999667
61,102,20,534.320700000535
61,102,21,542.5356310006464
61,102,22,538.8373359983234
61,102,23,556.5024299994548
61,102,24,562.6485070006311
61,102,25,568.2025699989026
61,102,26,544.793787999879
61,102,27,562.1233380006743
61,102,28,565.6627289990865
61,102,29,565.0101920000452
61,102,30,549.6317529996304
61,102,31,556.2629600008222
61,102,32,549.8067720000108
61,102,33,555.3093589987839
61,102,34,557.5661189996026
61,102,35,573.481511000864
61,102,36,557.9088529993896
61,102,37,524.321779001184
61,102,38,525.3939379999792
61,102,39,521.2303960015561
61,102,40,516.3184579996596
61,102,41,522.3750049990485
61,102,42,527.0133680005529
61,102,43,533.0418280009326
61,102,44,530.3887990012299
61,102,45,551.6129630013893
61,102,46,576.7212070004462
61,102,47,557.0136540009116
61,102,48,565.6084719994396
61,102,49,575.318518000131
61,102,50,598.0278810002346
61,102,51,546.1704950012063
61,102,52,579.01005200074
61,102,53,551.1692680011038
61,102,54,568.5867180000059
61,102,55,553.1563059994369
61,102,56,573.0619610003487
61,102,57,552.1570069995505
61,102,58,559.2921740008023
61,102,59,516.1791589998757
61,102,60,526.0256580004352
61,102,61,521.4841200013325
61,102,62,517.2054729991942
61,102,63,535.245503000624
61,102,64,511.93409400002565
61,102,65,513.2689950005442
61,102,66,520.7530699990457
61,102,67,522.8721370003768
61,102,68,528.4070799989422
61,102,69,538.9290349994553
61,102,70,527.4514159991668
61,102,71,522.7699620008934
61,102,72,548.0083919992467
61,102,73,522.6137549998384
61,102,74,526.7658430002484
61,102,75,529.8781120000058
61,102,76,529.0781789990433
61,102,77,532.5744960009615
61,102,78,532.3143170007825
61,102,79,538.321812000504
61,102,80,534.5672170005855
61,102,81,539.7440460001235
61,102,82,559.2952049992164
61,102,83,550.376249000692
61,102,84,549.8338999987027
61,102,85,536.8102320007893
61,102,86,536.1700839985133
61,102,87,543.6779270003171
61,102,88,533.073898001021
61,102,89,541.8898810003157
61,102,90,541.3170920000994
61,102,91,556.5948260009463
61,102,92,559.196680000241
61,102,93,544.0071180000814
61,102,94,540.9742890005873
61,102,95,543.7490669992258
61,102,96,534.2257669999526
61,102,97,550.5218080015766
61,102,98,538.249335000728
61,102,99,539.8519099999248
61,102,100,541.2272310004482
62,103,1,509.0144310015603
62,103,2,504.4399290000001
62,103,3,500.9645770005591
62,103,4,500.0171679985215
62,103,5,506.99380900005053
62,103,6,507.9017420011951
62,103,7,498.70005199954903
62,103,8,504.4956679994357
62,103,9,502.6971280003636
62,103,10,498.5980239998753
62,103,11,536.619480999434
62,103,12,536.1905730005674
62,103,13,534.4422750004014
62,103,14,550.3906989997631
62,103,15,537.2560689993406
62,103,16,539.0812200002983
62,103,17,532.3783939984423
62,103,18,540.3145359996415
62,103,19,538.7082970009942
62,103,20,550.9145340001851
62,103,21,531.0495470002934
62,103,22,544.7315999990678
62,103,23,523.5324299992499
62,103,24,550.4597420003847
62,103,25,535.6653620001453
62,103,26,542.7562039985787
62,103,27,533.9246430012281
62,103,28,534.7092210013216
62,103,29,548.3326929988834
62,103,30,550.9251940002287
62,103,31,550.4185769987089
62,103,32,539.91405799934
62,103,33,534.9237810005434
62,103,34,537.9491399999097
62,103,35,556.7204250000941
62,103,36,534.7830820010131
62,103,37,528.218409001056
62,103,38,541.8716940002923
62,103,39,528.1652760004363
62,103,40,531.9856499991147
62,103,41,530.1739660008025
62,103,42,532.3339120004675
62,103,43,531.3275459993747
62,103,44,532.1983300000284
62,103,45,530.3246280000167
62,103,46,536.1159389995009
62,103,47,544.9363890002132
62,103,48,544.2599809994135
62,103,49,548.1299160001072
62,103,50,551.0656610003934
62,103,51,540.062444000796
62,103,52,542.7729500006535
62,103,53,547.3894669994479
62,103,54,539.4943920000514
62,103,55,568.836812999507
62,103,56,560.522753999976
62,103,57,554.1837299988401
62,103,58,548.7136760002613
62,103,59,544.5389100004832
62,103,60,562.4489559995709
62,103,61,541.9069310009945
62,103,62,530.2132420001726
62,103,63,530.8265980002034
62,103,64,530.5406640000001
62,103,65,537.4826850002137
62,103,66,548.1232660004025
62,103,67,533.9596580015495
62,103,68,530.8535750009469
62,103,69,537.515797001106
62,103,70,530.5226950003998
62,103,71,522.4803220007743
62,103,72,552.5369610004418
62,103,73,528.3630760004598
62,103,74,528.3879700000398
62,103,75,537.7905949990236
62,103,76,533.8906510005472
62,103,77,535.8931360005954
62,103,78,549.8831580007391
62,103,79,543.2667869990837
62,103,80,558.9914739994128
62,103,81,543.9704899999924
62,103,82,592.3700429993914
62,103,83,562.3903010000504
62,103,84,558.4491070003423
62,103,85,535.3768929999205
62,103,86,569.8769579994405
62,103,87,526.0111860006873
62,103,88,544.0673100001732
62,103,89,532.5776680001582
62,103,90,538.8337630010938
62,103,91,532.3356770004466
62,103,92,532.507476000319
62,103,93,527.7635740003461
62,103,94,537.719753001511
62,103,95,536.1883440000383
62,103,96,532.4063349999051
62,103,97,530.4159379993507
62,103,98,535.0687709997146
62,103,99,524.4289970014506
62,103,100,545.6419969996205
63,104,1,511.8515459998889
63,104,2,498.84256400036975
63,104,3,503.03082299978996
63,104,4,499.61368900039815
63,104,5,505.75691599988204
63,104,6,498.897161000059
63,104,7,518.1338980000874
63,104,8,494.62717099959264
63,104,9,491.4829560002545
63,104,10,531.8430610004725
63,104,11,560.515088000102
63,104,12,542.1265599998151
63,104,13,550.2598570001282
63,104,14,548.5743669996737
63,104,15,548.2975220002118
63,104,16,540.9594289994857
63,104,17,543.3190550011204
63,104,18,534.7218959996098
63,104,19,543.6030250002659
63,104,20,539.1330110014678
63,104,21,544.8260729990579
63,104,22,529.2106919987418
63,104,23,536.2529329995596
63,104,24,524.1299230001459
63,104,25,534.0873870009091
63,104,26,534.7453670001414
63,104,27,548.18827499912
63,104,28,546.6449859995919
63,104,29,541.9173479986057
63,104,30,535.5399669988401
63,104,31,539.9609070009319
63,104,32,535.5287030015461
63,104,33,536.3038819996291
63,104,34,528.0123920001643
63,104,35,541.8226909987425
63,104,36,537.254265998854
63,104,37,531.9339969992143
63,104,38,535.1665500002127
63,104,39,539.8884490005003
63,104,40,531.8110560001514
63,104,41,535.0745640007517
63,104,42,540.8241209988773
63,104,43,532.5070180006151
63,104,44,539.3400220000331
63,104,45,532.582175999778
63,104,46,536.7536200010363
63,104,47,537.2223080012191
63,104,48,562.630155000079
63,104,49,529.1670990009152
63,104,50,536.1087359997327
63,104,51,527.5921009997546
63,104,52,540.469610999935
63,104,53,542.6954490012577
63,104,54,540.6078460000572
63,104,55,533.4866289995261
63,104,56,549.4416260007711
63,104,57,546.9944519991259
63,104,58,548.6005660004594
63,104,59,549.9271919998137
63,104,60,544.363238999722
63,104,61,554.9696649995894
63,104,62,541.2432760003867
63,104,63,550.5957959994703
63,104,64,548.3788969995658
63,104,65,527.7638030001981
63,104,66,550.5758510007581
63,104,67,530.1034210006037
63,104,68,540.4408899994451
63,104,69,531.8826439997792
63,104,70,546.2858230002894
63,104,71,530.6453839984897
63,104,72,549.6595429995068
63,104,73,547.3546580014954
63,104,74,540.1785189988004
63,104,75,527.7023470007407
63,104,76,539.5390489993588
63,104,77,536.603794000257
63,104,78,537.2947529995145
63,104,79,538.3670709998114
63,104,80,536.448183000175
63,104,81,542.7645119998488
63,104,82,537.7844710001227
63,104,83,535.8522110000195
63,104,84,534.8712239992892
63,104,85,553.8561399989703
63,104,86,537.3888280009851
63,104,87,540.9281909996935
63,104,88,527.7210100011871
63,104,89,549.0291280002566
63,104,90,532.9686659988511
63,104,91,540.7869829996343
63,104,92,539.2363390001265
63,104,93,530.7653319996462
63,104,94,533.3272509997187
63,104,95,537.6953480008524
63,104,96,538.4543700001814
63,104,97,540.7488130003912
63,104,98,532.2581319996971
63,104,99,531.043363000208
63,104,100,539.1667200001393
64,105,1,522.2302450001735
64,105,2,507.0826480005053
64,105,3,519.0187949992833
64,105,4,502.0296190014051
64,105,5,493.55179499980295
64,105,6,489.5440090003831
64,105,7,492.3060080000141
64,105,8,491.0217710003053
64,105,9,494.5744519991422
64,105,10,499.0121700011514
64,105,11,536.2368540008902
64,105,12,545.4011729998456
64,105,13,522.080463999373
64,105,14,540.167092000047
64,105,15,539.4290579988592
64,105,16,548.9442379985121
64,105,17,536.2671860002592
64,105,18,538.4651339991251
64,105,19,535.514527999112
64,105,20,528.373126000588
64,105,21,544.8035979989072
64,105,22,544.2650069999218
64,105,23,541.8825899996591
64,105,24,547.2427779986901
64,105,25,539.7108730012405
64,105,26,551.9210120000935
64,105,27,528.711986999042
64,105,28,547.9628470002353
64,105,29,551.7033579999406
64,105,30,541.9567160006409
64,105,31,552.8399319991877
64,105,32,563.4804669989535
64,105,33,543.1139639986213
64,105,34,558.7001090007107
64,105,35,546.9663299991225
64,105,36,556.4240660005453
64,105,37,529.9254740002652
64,105,38,551.0631189990818
64,105,39,542.9823839986057
64,105,40,542.6635490002809
64,105,41,542.0888440003182
64,105,42,535.7519099998171
64,105,43,545.7007099994371
64,105,44,539.0934150000248
64,105,45,542.4922750007681
64,105,46,538.069636999353
64,105,47,548.3441470005346
64,105,48,530.0542610002594
64,105,49,534.5105980013614
64,105,50,550.8629979995021
64,105,51,531.5635660008411
64,105,52,550.8923599991249
64,105,53,535.4638580010942
64,105,54,537.8986360010458
64,105,55,547.4192849997053
64,105,56,538.5941450003884
64,105,57,544.6805730007327
64,105,58,541.2301750002371
64,105,59,564.6839130004082
64,105,60,535.074622999673
64,105,61,547.2815399989486
64,105,62,550.6693700008327
64,105,63,553.3677259991236
64,105,64,542.7972479992604
64,105,65,544.6517140007927
64,105,66,547.7376449998701
64,105,67,548.5361360006209
64,105,68,526.4526609989844
64,105,69,550.2286040009494
64,105,70,534.3571499997779
64,105,71,551.323464998859
64,105,72,534.5655559995066
64,105,73,534.3978689998039
64,105,74,531.8401280001126
64,105,75,541.7985939984646
64,105,76,541.6249709996919
64,105,77,541.4375590007694
64,105,78,554.3769820014859
64,105,79,527.5831580001977
64,105,80,532.3753409993515
64,105,81,533.9079109999147
64,105,82,535.4021009989083
64,105,83,545.7324139988486
64,105,84,535.2850409999519
64,105,85,540.6432159998076
64,105,86,542.0221219992527
64,105,87,542.3889979992964
64,105,88,547.5555449993408
64,105,89,553.2207019987254
64,105,90,550.0279279985989
64,105,91,546.2513000002218
64,105,92,554.6020469992072
64,105,93,546.0947279989341
64,105,94,548.1487849992845
64,105,95,545.3704739993555
64,105,96,544.2527350005548
64,105,97,537.7125730010448
64,105,98,536.3723800001026
64,105,99,530.6535019990406
64,105,100,546.4644120002049
65,106,1,544.6651080001175
65,106,2,525.524790999043
65,106,3,530.7550630004698
65,106,4,513.4522420012217
65,106,5,501.90656000086165
65,106,6,507.14743899879977
65,106,7,509.9701679991995
65,106,8,504.34050699914224
65,106,9,508.2102050000685
65,106,10,535.4780149991711
65,106,11,552.7732789996662
65,106,12,545.3578960004961
65,106,13,544.0406389989221
65,106,14,526.7595710010937
65,106,15,568.0145980004454
65,106,16,542.7640180005255
65,106,17,551.958285001092
65,106,18,538.785212998846
65,106,19,558.0171670007985
65,106,20,543.3295329985413
65,106,21,534.1408349995618
65,106,22,536.2718910000694
65,106,23,539.9632759999804
65,106,24,536.9778019994556
65,106,25,539.6503539996047
65,106,26,550.3284449987405
65,106,27,536.5493499994045
65,106,28,535.3262049993646
65,106,29,538.3375860001252
65,106,30,542.8768170004332
65,106,31,557.0941939986369
65,106,32,533.146289000797
65,106,33,542.2817859998759
65,106,34,550.0289570009045
65,106,35,537.4743960001069
65,106,36,536.9094859997858
65,106,37,538.1070189996535
65,106,38,558.5001990002638
65,106,39,537.7573999994638
65,106,40,553.3662289999484
65,106,41,529.4082359996537
65,106,42,545.7357900013449
65,106,43,543.2906250007363
65,106,44,549.680823000017
65,106,45,531.9513279991952
65,106,46,543.2604779998655
65,106,47,541.5222640003776
65,106,48,555.8979449997423
65,106,49,532.864332999452
65,106,50,535.3088770007162
65,106,51,536.3270050002029
65,106,52,542.3029909998149
65,106,53,535.627277000458
65,106,54,527.8723139999784
65,106,55,529.3423650000477
65,106,56,541.8157090007298
65,106,57,534.9128380003094
65,106,58,534.2538370005059
65,106,59,527.9013510007644
65,106,60,537.7931420007371
65,106,61,545.8494899994548
65,106,62,555.0287089990888
65,106,63,542.3176290005358
65,106,64,548.9470299999084
65,106,65,541.4667320001172
65,106,66,537.0554490000359
65,106,67,527.9179419994762
65,106,68,537.8783039996051
65,106,69,518.0644179999945
65,106,70,532.7951010003744
65,106,71,680.0869790004072
65,106,72,950.1561390006827
65,106,73,561.2547760010784
65,106,74,577.8900949990202
65,106,75,562.8440749987931
65,106,76,570.5062869983522
65,106,77,539.2716460009979
65,106,78,711.0077689994796
65,106,79,569.5215639989328
65,106,80,652.9215980008303
65,106,81,583.0568530000164
65,106,82,713.716852998914
65,106,83,574.7586649995355
65,106,84,544.9160000007396
65,106,85,694.9340650007798
65,106,86,565.2892319994862
65,106,87,706.5028299984988
65,106,88,590.2308919994539
65,106,89,620.5681949995778
65,106,90,564.982740999767
65,106,91,579.8732940002083
65,106,92,742.5824979982281
65,106,93,652.080535001005
65,106,94,577.9852359992219
65,106,95,535.5636170006619
65,106,96,546.3559680010803
65,106,97,535.8667719992809
65,106,98,543.06346300109
65,106,99,537.4533569993218
65,106,100,538.64592500031
66,107,1,513.9396989998204
66,107,2,495.87002899897925
66,107,3,511.4486679995025
66,107,4,501.063094001438
66,107,5,505.576399000347
66,107,6,508.92634999945585
66,107,7,514.8756349990435
66,107,8,505.65458399978525
66,107,9,514.8047580005368
66,107,10,535.3542899993045
66,107,11,545.4082150008617
66,107,12,553.1126130008488
66,107,13,570.3997239997989
66,107,14,556.3104920001933
66,107,15,545.2921769992827
66,107,16,544.2599630005134
66,107,17,553.2323440002074
66,107,18,544.5110370001203
66,107,19,559.7890459994233
66,107,20,557.2239759985678
66,107,21,531.2917869996454
66,107,22,563.9613820003433
66,107,23,578.6314680008218
66,107,24,535.6176120003511
66,107,25,547.6215170001524
66,107,26,541.8446139992739
66,107,27,548.6586299994087
66,107,28,538.9686560010887
66,107,29,538.2498079998186
66,107,30,547.5027359989326
66,107,31,541.2007609993452
66,107,32,546.9696119998844
66,107,33,531.7828659990482
66,107,34,553.3720160001394
66,107,35,535.2458629986359
66,107,36,545.1958590001595
66,107,37,545.7615739996982
66,107,38,552.8516269987449
66,107,39,546.2279049988865
66,107,40,554.8879519992624
66,107,41,531.5164690000529
66,107,42,541.672658000607
66,107,43,539.4184330016287
66,107,44,546.0201740006596
66,107,45,548.6512010011211
66,107,46,533.4894839998015
66,107,47,546.214845000577
66,107,48,546.7680530000507
66,107,49,539.0401220010972
66,107,50,530.5773680011043
66,107,51,551.3880689995858
66,107,52,543.0948709999939
66,107,53,538.1968479996431
66,107,54,531.6863680000097
66,107,55,548.2022060004965
66,107,56,534.2933390002145
66,107,57,538.6519370003953
66,107,58,533.6159549988224
66,107,59,532.226401999651
66,107,60,534.6598539999832
66,107,61,542.7743410000403
66,107,62,530.0768470006005
66,107,63,535.0453880000714
66,107,64,535.0539700011723
66,107,65,549.0532639996673
66,107,66,532.6875909995579
66,107,67,543.7520069990569
66,107,68,543.3489730003203
66,107,69,549.8429360013688
66,107,70,546.0585869986971
66,107,71,547.4696229994152
66,107,72,521.3993449997361
66,107,73,561.5752609992342
66,107,74,543.3463870012929
66,107,75,553.6257920011849
66,107,76,542.0920720007416
66,107,77,541.9701589999022
66,107,78,542.140659999859
66,107,79,540.0197950002621
66,107,80,543.8203289995727
66,107,81,530.3003509998234
66,107,82,565.1062799988722
66,107,83,530.8486110006925
66,107,84,553.8517589993717
66,107,85,552.3535280008218
66,107,86,544.1498500003945
66,107,87,535.8037739988504
66,107,88,536.747693999132
66,107,89,543.5187050006789
66,107,90,532.9726930012839
66,107,91,576.3007399982598
66,107,92,542.6713580000069
66,107,93,536.0377119995974
66,107,94,554.5977639994817
66,107,95,529.8248590006551
66,107,96,543.4027969986346
66,107,97,537.5365279996913
66,107,98,549.7028620011406
66,107,99,536.4807669993752
66,107,100,551.4108870011114
67,108,1,514.97359899804
67,108,2,501.19855100274435
67,108,3,495.52245199811296
67,108,4,507.29268100258196
67,108,5,498.137818001851
67,108,6,507.0191340018937
67,108,7,512.6433270015696
67,108,8,497.3221910004213
67,108,9,497.23075600195443
67,108,10,514.646059997176
67,108,11,558.8282200005779
67,108,12,568.954610000219
67,108,13,538.7704759996268
67,108,14,553.7906919998932
67,108,15,547.1155659979559
67,108,16,541.4569759996084
67,108,17,555.0327919991105
67,108,18,530.556779998733
67,108,19,537.8433820005739
67,108,20,538.4717569977511
67,108,21,553.2048000022769
67,108,22,549.3330309982412
67,108,23,550.1080219983123
67,108,24,545.3660580024007
67,108,25,563.143259001663
67,108,26,523.400918002153
67,108,27,545.4987479970441
67,108,28,529.1136690029816
67,108,29,535.7050380007422
67,108,30,564.590905996738
67,108,31,558.0527059973974
67,108,32,532.8446909988998
67,108,33,543.9817980004591
67,108,34,541.6668269972433
67,108,35,539.9495780002326
67,108,36,543.7400189985055
67,108,37,537.4633379979059
67,108,38,549.281248000625
67,108,39,545.4098800000793
67,108,40,556.9858870003372
67,108,41,537.9974520001269
67,108,42,549.2317839998577
67,108,43,545.6698380003218
67,108,44,529.0770880019409
67,108,45,538.3571000020311
67,108,46,542.9597510010353
67,108,47,537.4092799975188
67,108,48,555.5861959983304
67,108,49,532.9352330008987
67,108,50,554.229781999311
67,108,51,534.2134390011779
67,108,52,550.9542520012474
67,108,53,540.9701190001215
67,108,54,549.8482639995927
67,108,55,548.0984070018167
67,108,56,554.1670999991766
67,108,57,538.3834480016958
67,108,58,546.3175280019641
67,108,59,550.7850469984987
67,108,60,533.8667399992119
67,108,61,542.3721730003308
67,108,62,550.4949380010657
67,108,63,554.63051499828
67,108,64,548.6254759998701
67,108,65,543.1343739983276
67,108,66,536.5959689988813
67,108,67,555.4266990002361
67,108,68,535.4079280004953
67,108,69,539.1456990000734
67,108,70,555.8139050008322
67,108,71,531.777393000084
67,108,72,550.7588450018375
67,108,73,558.7735020017135
67,108,74,522.3884709994309
67,108,75,556.6591019996849
67,108,76,535.3500199998962
67,108,77,558.7969289990724
67,108,78,554.0765779987851
67,108,79,551.320016002137
67,108,80,531.8761630005611
67,108,81,549.3736879980133
67,108,82,545.9560130002501
67,108,83,537.2214380004152
67,108,84,533.303257998341
67,108,85,549.6942309982842
67,108,86,541.8549400019401
67,108,87,545.3959539991047
67,108,88,543.0397220006853
67,108,89,532.2346300017671
67,108,90,544.2683090004721
67,108,91,545.5109329996048
67,108,92,560.217382000701
67,108,93,552.1909750023042
67,108,94,655.5073089984944
67,108,95,573.3324449975044
67,108,96,632.0098010000947
67,108,97,542.5342169983196
67,108,98,539.8117160002585
67,108,99,531.6001099999994
67,108,100,530.149337999319
68,109,1,498.6287989995617
68,109,2,503.3253630026593
68,109,3,516.4033619985275
68,109,4,509.1337819976616
68,109,5,510.1886150005157
68,109,6,496.61386300067534
68,109,7,498.28914899990195
68,109,8,507.76699500056566
68,109,9,501.29719799952
68,109,10,804.4911040014995
68,109,11,689.361758002633
68,109,12,672.7824739973585
68,109,13,648.9434799987066
68,109,14,597.5735250030993
68,109,15,537.5981069992122
68,109,16,545.2013630019792
68,109,17,547.441479000554
68,109,18,549.9104779992194
68,109,19,552.0687460011686
68,109,20,548.1387339968933
68,109,21,539.5639359994675
68,109,22,546.4713410001423
68,109,23,539.8023199995805
68,109,24,544.6424920010031
68,109,25,556.4908890009974
68,109,26,537.2963609988801
68,109,27,535.7681070017861
68,109,28,549.5408429997042
68,109,29,554.8591970000416
68,109,30,545.074288998876
68,109,31,549.3625660019461
68,109,32,530.5521519985632
68,109,33,547.3762260007788
68,109,34,546.4239680004539
68,109,35,540.5907120002666
68,109,36,527.9761160018097
68,109,37,550.4984440012777
68,109,38,557.5625959972967
68,109,39,557.1753600015654
68,109,40,553.4368469998299
68,109,41,550.756384000124
68,109,42,543.2446440026979
68,109,43,560.3969869989669
68,109,44,530.8033280016389
68,109,45,549.22352399808
68,109,46,543.2037870014028
68,109,47,544.1934560003574
68,109,48,539.7978520013567
68,109,49,545.0338980008382
68,109,50,526.7952750000404
68,109,51,545.0078539979586
68,109,52,541.2495419986953
68,109,53,535.8314360018994
68,109,54,539.8740169985103
68,109,55,539.8800029979611
68,109,56,534.7903570000199
68,109,57,535.243177000666
68,109,58,540.5657009978313
68,109,59,535.0596110001788
68,109,60,539.5379829969897
68,109,61,545.5060669992235
68,109,62,538.807180000731
68,109,63,536.4500260002387
68,109,64,544.070512001781
68,109,65,545.7226510006876
68,109,66,537.2209720007959
68,109,67,542.0959420007421
68,109,68,546.9343830009166
68,109,69,535.4653659996984
68,109,70,543.9442050010257
68,109,71,535.5598229980387
68,109,72,549.3668640010583
68,109,73,541.6606100006902
68,109,74,542.4715000008291
68,109,75,539.8880469983851
68,109,76,552.9588460012747
68,109,77,527.5345669979288
68,109,78,532.6573259990255
68,109,79,538.8943689977168
68,109,80,533.6267750026309
68,109,81,539.2153969987703
68,109,82,530.3053459974763
68,109,83,553.7982189998729
68,109,84,543.0658299992501
68,109,85,528.6361610014865
68,109,86,535.9333630003675
68,109,87,536.6733119990386
68,109,88,534.2069209982583
68,109,89,531.6538240003865
68,109,90,536.5175370025099
68,109,91,537.0711049981765
68,109,92,542.8970239991031
68,109,93,529.4218199996976
68,109,94,550.964705998922
68,109,95,536.1158310006431
68,109,96,538.8238339983218
68,109,97,548.6543549995986
68,109,98,534.3619900013437
68,109,99,558.2823829972767
68,109,100,551.7189630008943
69,110,1,504.1036600014195
69,110,2,509.49740700161783
69,110,3,505.3204630021355
69,110,4,498.5620480001671
69,110,5,494.83966899788356
69,110,6,497.3659709976346
69,110,7,498.55684299836867
69,110,8,503.81118500081357
69,110,9,502.7152259972354
69,110,10,505.4192529969441
69,110,11,552.9557980007667
69,110,12,547.9584990025614
69,110,13,551.3176780004869
69,110,14,553.8024200031941
69,110,15,539.9903309989895
69,110,16,551.4240189986594
69,110,17,538.4333490001154
69,110,18,558.2348869975249
69,110,19,546.0620129997551
69,110,20,546.1577090027276
69,110,21,532.4425530016015
69,110,22,542.665680997743
69,110,23,540.518442998291
69,110,24,537.825752999197
69,110,25,547.2131939968676
69,110,26,550.571095001942
69,110,27,565.0979009988077
69,110,28,599.5149820009829
69,110,29,541.7202900025586
69,110,30,569.8033650005527
69,110,31,549.2691910003487
69,110,32,545.9446919994662
69,110,33,538.9506149986119
69,110,34,547.0037429986405
69,110,35,535.8823690003192
69,110,36,539.3572819994006
69,110,37,544.1297739998845
69,110,38,532.8718609998759
69,110,39,547.0172290006303
69,110,40,543.0369450004946
69,110,41,549.2922160010494
69,110,42,540.0589229975594
69,110,43,541.2683879985707
69,110,44,527.2441339984653
69,110,45,555.0000350012851
69,110,46,540.6945579998137
69,110,47,529.4902780005941
69,110,48,544.2597920009575
69,110,49,535.3772960006609
69,110,50,550.5802879997646
69,110,51,544.5741929979704
69,110,52,537.8188709983078
69,110,53,542.9940899994108
69,110,54,544.8915399974794
69,110,55,536.5101540010073
69,110,56,538.0079319984361
69,110,57,537.465028999577
69,110,58,537.7215309999883
69,110,59,537.400080000225
69,110,60,539.2554809986905
69,110,61,543.5304719976557
69,110,62,534.8050520005927
69,110,63,536.2229659986042
69,110,64,550.1385049974488
69,110,65,533.3841930005292
69,110,66,542.5888579993625
69,110,67,536.7720579997695
69,110,68,541.4267390005989
69,110,69,541.010565997567
69,110,70,547.6164910032821
69,110,71,545.4937639988202
69,110,72,557.6527920020453
69,110,73,542.8587299975334
69,110,74,536.5541719984321
69,110,75,547.2214029978204
69,110,76,524.266563999845
69,110,77,541.2288449988409
69,110,78,539.3725829999312
69,110,79,540.7331110000086
69,110,80,544.2728870002611
69,110,81,553.136184997129
69,110,82,548.845255998458
69,110,83,533.9095259987516
69,110,84,536.4307200034091
69,110,85,548.5960680016433
69,110,86,537.0677240025543
69,110,87,538.0493269985891
69,110,88,545.9414440010733
69,110,89,539.2109290005465
69,110,90,557.1636550012045
69,110,91,531.6332649999822
69,110,92,532.1225750012673
69,110,93,550.8967630012194
69,110,94,554.0065019995382
69,110,95,544.3432399988524
69,110,96,544.2946090006444
69,110,97,539.6987509993778
69,110,98,538.3099419996142
69,110,99,542.2882479979307
69,110,100,540.7610980000754
70,111,1,516.350773999875
70,111,2,506.1084410008334
70,111,3,496.36361000011675
70,111,4,511.49837099728757
70,111,5,505.6339830007346
70,111,6,508.4769860004599
70,111,7,520.4279370009317
70,111,8,523.6357270005101
70,111,9,500.32126899895957
70,111,10,513.1211929983692
70,111,11,553.2516079983907
70,111,12,563.4758989981492
70,111,13,541.8233140007942
70,111,14,556.7888570003561
70,111,15,562.4239729986584
70,111,16,552.6631499997166
70,111,17,542.2372879984323
70,111,18,554.4798219998484
70,111,19,552.0544610008074
70,111,20,554.2553749983199
70,111,21,544.8487280009431
70,111,22,557.3601450014394
70,111,23,541.6791810021095
70,111,24,543.8631690012699
70,111,25,538.3237300011388
70,111,26,545.8521920008934
70,111,27,532.2797310000169
70,111,28,547.5603289996798
70,111,29,546.8908910006576
70,111,30,543.8989340000262
70,111,31,544.2453649993695
70,111,32,548.9436120005848
70,111,33,557.9510419993312
70,111,34,535.947271000623
70,111,35,550.021907001792
70,111,36,553.7172259973886
70,111,37,563.5266479985148
70,111,38,538.1381090010109
70,111,39,553.6408539992408
70,111,40,605.5054339994967
70,111,41,562.0443420011725
70,111,42,542.7364960014529
70,111,43,546.4685840015591
70,111,44,540.6212589987263
70,111,45,546.4303269982338
70,111,46,547.980038998503
70,111,47,546.9621299998835
70,111,48,535.6518480002705
70,111,49,544.6431639975344
70,111,50,548.4035800000129
70,111,51,539.6264859991788
70,111,52,541.063311000471
70,111,53,545.2320849981334
70,111,54,541.6647860001831
70,111,55,538.7419349972333
70,111,56,544.5786189993669
70,111,57,533.824646998255
70,111,58,549.104060002719
70,111,59,547.9966099992453
70,111,60,539.9672629973793
70,111,61,554.2814469990844
70,111,62,539.2517779982882
70,111,63,534.7067619986774
70,111,64,538.7422439998772
70,111,65,548.6263759994472
70,111,66,546.6877270009718
70,111,67,542.7348000011989
70,111,68,555.3955340001266
70,111,69,550.5266899999697
70,111,70,551.5619799989508
70,111,71,541.3090639995062
70,111,72,550.750419999531
70,111,73,553.9773309974407
70,111,74,540.2551869992749
70,111,75,542.6118780014804
70,111,76,538.9812389985309
70,111,77,533.476590000646
70,111,78,544.0183899991098
70,111,79,540.0366260000737
70,111,80,548.5694849994616
70,111,81,550.081698998838
70,111,82,542.141558998992
70,111,83,540.8560039977601
70,111,84,541.9198000017786
70,111,85,538.9548140010447
70,111,86,545.1733240006433
70,111,87,546.3362810005492
70,111,88,540.8111399992777
70,111,89,545.1201040013984
70,111,90,541.1324599990621
70,111,91,545.3928060014732
70,111,92,555.5483040006948
70,111,93,548.9072189993749
70,111,94,541.7593329984811
70,111,95,553.5895670000173
70,111,96,548.1215840009099
70,111,97,555.8883899975626
70,111,98,540.0579000015568
70,111,99,542.442714999197
70,111,100,534.1671819987823
71,112,1,499.8320499980764
71,112,2,505.5677500022284
71,112,3,491.9997990000411
71,112,4,510.19098600227153
71,112,5,505.5889279974508
71,112,6,511.8872309976723
71,112,7,500.8882430010999
71,112,8,509.29541400182643
71,112,9,497.5385809993895
71,112,10,516.1772470019059
71,112,11,550.5274110000755
71,112,12,571.1510959990846
71,112,13,557.0167170008062
71,112,14,561.0391530026391
71,112,15,544.764229998691
71,112,16,547.1332180022728
71,112,17,544.1791999983252
71,112,18,556.0346749989549
71,112,19,551.8817910015059
71,112,20,544.1461890004575
71,112,21,544.2562230018666
71,112,22,560.906986000191
71,112,23,543.7158249987988
71,112,24,533.910255999217
71,112,25,540.6629800017981
71,112,26,538.7158520024968
71,112,27,533.9200470007199
71,112,28,551.5687829974922
71,112,29,536.4669759983371
71,112,30,546.1244489997625
71,112,31,547.8217380004935
71,112,32,540.1444119997905
71,112,33,530.1638550008647
71,112,34,552.435563000472
71,112,35,523.0353030019614
71,112,36,542.4312359973555
71,112,37,532.6964190026047
71,112,38,535.3708040020138
71,112,39,545.7407659996534
71,112,40,540.1023740014352
71,112,41,543.0960570010939
71,112,42,540.4485580002074
71,112,43,546.2141819989483
71,112,44,536.1321089985722
71,112,45,543.6143279985117
71,112,46,528.1125050023547
71,112,47,549.2110630002571
71,112,48,561.2089960013691
71,112,49,541.9966919980652
71,112,50,549.8349400004372
71,112,51,540.6964540015906
71,112,52,551.0710419985116
71,112,53,534.5033099983993
71,112,54,545.1503660005983
71,112,55,537.7045539971732
71,112,56,538.5824299992237
71,112,57,533.3681969968893
71,112,58,542.3419709986774
71,112,59,540.4945100017358
71,112,60,539.5000050011731
71,112,61,529.7995889995946
71,112,62,589.6063940017484
71,112,63,541.764912999497
71,112,64,548.9608809984929
71,112,65,534.088268999767
71,112,66,537.4655449995771
71,112,67,538.5235720023047
71,112,68,536.3660809998692
71,112,69,526.4474930008873
71,112,70,548.9030240023567
71,112,71,530.4521560028661
71,112,72,560.8889619979891
71,112,73,540.5853459997161
71,112,74,540.9282309992705
71,112,75,532.5729940013844
71,112,76,550.7844720013964
71,112,77,537.7919130005466
71,112,78,540.5629740016593
71,112,79,543.5844929997984
71,112,80,563.6828850001621
71,112,81,539.3191340008343
71,112,82,547.7197479995084
71,112,83,545.9524279976904
71,112,84,536.8730560003314
71,112,85,544.2555800000264
71,112,86,541.0944779978308
71,112,87,543.5972979976214
71,112,88,535.1253640001232
71,112,89,550.810051998269
71,112,90,533.3000070022536
71,112,91,534.1435090012965
71,112,92,552.1565019989794
71,112,93,545.1474319997942
71,112,94,522.4705489999906
71,112,95,544.1265730005398
71,112,96,532.6928549984586
71,112,97,539.7938759997487
71,112,98,537.8945929987822
71,112,99,535.1618200002122
71,112,100,544.1188919976412
72,113,1,501.34456099840463
72,113,2,503.8817269996798
72,113,3,502.75983399842517
72,113,4,501.00822399690514
72,113,5,499.3443510029465
72,113,6,507.55080800081487
72,113,7,500.0606930007052
72,113,8,506.1682580017077
72,113,9,498.3842949986865
72,113,10,493.39893000069424
72,113,11,540.0907160001225
72,113,12,544.1017349985486
72,113,13,555.485855002189
72,113,14,555.0737060002575
72,113,15,544.3742850002309
72,113,16,554.4515980000142
72,113,17,539.2103909980506
72,113,18,538.1658070000412
72,113,19,556.9969559983292
72,113,20,539.6426599982078
72,113,21,547.9650060005952
72,113,22,535.3085130009276
72,113,23,540.7436139976198
72,113,24,587.211958001717
72,113,25,541.4505529988674
72,113,26,543.5691670027154
72,113,27,539.0432749991305
72,113,28,556.8685739999637
72,113,29,541.0006279998925
72,113,30,551.3350110013562
72,113,31,539.4511640006385
72,113,32,550.4006689989183
72,113,33,531.4565270018647
72,113,34,543.1551250003395
72,113,35,536.9872600022063
72,113,36,542.5514520029537
72,113,37,535.761002000072
72,113,38,534.8715110012563
72,113,39,531.9477539997024
72,113,40,545.45481400055
72,113,41,535.6931559981604
72,113,42,541.0542780009564
72,113,43,546.1515339993639
72,113,44,546.4436129987007
72,113,45,539.6371959977841
72,113,46,533.6498569995456
72,113,47,530.4191719988012
72,113,48,538.5686170011468
72,113,49,536.9844460001332
72,113,50,556.661268001335
72,113,51,546.6213840009004
72,113,52,542.5580959999934
72,113,53,541.7176429982646
72,113,54,542.8084800005308
72,113,55,549.0373149987136
72,113,56,544.2232109999168
72,113,57,548.945205999189
72,113,58,542.8005809990282
72,113,59,538.1792789994506
72,113,60,535.0477239990141
72,113,61,537.8667540026072
72,113,62,534.6355690016935
72,113,63,541.8207310030994
72,113,64,535.5719839972153
72,113,65,535.8911729999818
72,113,66,537.8198180005711
72,113,67,545.7566580007551
72,113,68,533.3019419995253
72,113,69,537.8871489992889
72,113,70,529.9929529974179
72,113,71,549.5282550000411
72,113,72,555.1152049993107
72,113,73,540.9166819990787
72,113,74,542.8919120022329
72,113,75,539.4470840001304
72,113,76,526.515544999711
72,113,77,543.5373020009138
72,113,78,548.4235489966522
72,113,79,533.9356510012294
72,113,80,541.2354410000262
72,113,81,544.5246339986625
72,113,82,538.4880489982606
72,113,83,533.4932120022131
72,113,84,543.1005880018347
72,113,85,535.2929090004181
72,113,86,547.1276550015318
72,113,87,540.4192139976658
72,113,88,541.2596429996483
72,113,89,534.8349380001309
72,113,90,544.4728269976622
72,113,91,538.0556529999012
72,113,92,526.0185780025495
72,113,93,543.3938610003679
72,113,94,528.5103269998217
72,113,95,530.8760099978826
72,113,96,554.0890150004998
72,113,97,541.5552129998105
72,113,98,544.5262460016238
72,113,99,547.540597999614
72,113,100,539.5712770005048
73,114,1,510.9739059989806
73,114,2,494.3945170016377
73,114,3,512.4189070011198
73,114,4,499.3060310007422
73,114,5,508.4193910006434
73,114,6,503.6969479988329
73,114,7,496.0458630011999
73,114,8,494.3463059971691
73,114,9,500.0343600004271
73,114,10,504.92939299874706
73,114,11,548.7362489984662
73,114,12,529.7813470024266
73,114,13,544.3775929998083
73,114,14,534.8283280000032
73,114,15,541.5402399994491
73,114,16,543.4104410014697
73,114,17,549.5287580015429
73,114,18,546.6113980000955
73,114,19,541.4180760017189
73,114,20,536.4250730017375
73,114,21,544.1159469992272
73,114,22,539.7509290014568
73,114,23,546.0303719992226
73,114,24,544.4908860008582
73,114,25,546.8688289984129
73,114,26,538.2813620017259
73,114,27,541.4453730008972
73,114,28,536.089451998123
73,114,29,538.0231269991782
73,114,30,530.1384339982178
73,114,31,532.7683890027402
73,114,32,532.7408199991623
73,114,33,545.8321000005526
73,114,34,542.8734300003271
73,114,35,524.2257370009611
73,114,36,541.8628219995298
73,114,37,533.4743350031204
73,114,38,538.3515100002114
73,114,39,532.8373500015005
73,114,40,539.251484999113
73,114,41,535.059359997831
73,114,42,532.0921189995715
73,114,43,538.8771629986877
73,114,44,531.7552009983046
73,114,45,535.1997310026491
73,114,46,524.8405849997653
73,114,47,522.9526440016343
73,114,48,538.9564400029485
73,114,49,543.1885389989475
73,114,50,524.0672899999481
73,114,51,533.437086000049
73,114,52,530.6166280024627
73,114,53,539.2273020006542
73,114,54,543.8039000000572
73,114,55,540.8851940010209
73,114,56,549.1191420005634
73,114,57,556.0838540004625
73,114,58,532.495930998266
73,114,59,533.2373550008924
73,114,60,542.8672809975978
73,114,61,529.6223449986428
73,114,62,545.3836699998647
73,114,63,539.7978510009125
73,114,64,545.6311509988154
73,114,65,530.4908420002903
73,114,66,547.2887769974477
73,114,67,531.9900840004266
73,114,68,537.7475880013662
73,114,69,525.3856400013319
73,114,70,530.2830209984677
73,114,71,555.8802179984923
73,114,72,532.2972510002728
73,114,73,534.3494589978945
73,114,74,534.2200710001634
73,114,75,529.978292001033
73,114,76,539.6039509978436
73,114,77,538.1774720008252
73,114,78,532.8560169982666
73,114,79,522.7617159980582
73,114,80,534.6723910006403
73,114,81,534.3149840009573
73,114,82,531.3803159988311
73,114,83,529.5358839975961
73,114,84,532.9161390000081
73,114,85,537.91074900073
73,114,86,535.0696339992282
73,114,87,531.516544000624
73,114,88,541.5060239974991
73,114,89,546.6137059993343
73,114,90,530.0423279986717
73,114,91,537.9128700005822
73,114,92,539.5848910011409
73,114,93,533.7843939996674
73,114,94,522.1594129980076
73,114,95,537.3113499990723
73,114,96,533.4759049983404
73,114,97,536.0463170000003
73,114,98,532.3153200006345
73,114,99,545.2508589987701
73,114,100,548.0930339981569
74,115,1,493.62527500125
74,115,2,513.1945989996893
74,115,3,505.5981969999266
74,115,4,509.30859800064354
74,115,5,497.7877509991231
74,115,6,492.85193200194044
74,115,7,506.1696770026174
74,115,8,502.9255080007715
74,115,9,494.52782799926354
74,115,10,500.40997399992193
74,115,11,544.4238090021827
74,115,12,535.4708959966956
74,115,13,537.943699000607
74,115,14,557.5684789982915
74,115,15,553.2077420029964
74,115,16,551.914127998316
74,115,17,534.8991799983196
74,115,18,552.7373149998311
74,115,19,538.7450870002795
74,115,20,560.6582079999498
74,115,21,536.8437449978956
74,115,22,547.9441300012695
74,115,23,538.1444939994253
74,115,24,553.8766030003899
74,115,25,527.8263489999517
74,115,26,547.492311001406
74,115,27,543.9822129992535
74,115,28,549.1621569999552
74,115,29,552.0045630000823
74,115,30,541.7665999993915
74,115,31,536.7839569989883
74,115,32,532.7453190002416
74,115,33,542.3900409987255
74,115,34,537.2418180013483
74,115,35,534.1564750015095
74,115,36,541.8375029985327
74,115,37,536.3378180009022
74,115,38,536.8461060024856
74,115,39,534.2615900008241
74,115,40,535.2584030006255
74,115,41,544.4628290024411
74,115,42,522.5728199984587
74,115,43,539.2204439995112
74,115,44,539.6988360007526
74,115,45,537.5691310000548
74,115,46,534.9417569996149
74,115,47,525.9908970001561
74,115,48,548.8160349996178
74,115,49,547.2114520016476
74,115,50,556.0306949992082
74,115,51,547.6864299998851
74,115,52,537.909368002147
74,115,53,547.3919229989406
74,115,54,541.1867050024739
74,115,55,544.5749560021795
74,115,56,545.1610029995209
74,115,57,532.0940040001005
74,115,58,533.4677639984875
74,115,59,544.0466969994304
74,115,60,538.3299630011606
74,115,61,549.0979480018723
74,115,62,541.1807359996601
74,115,63,537.653051000234
74,115,64,545.8372440007224
74,115,65,541.1950499983504
74,115,66,531.5434139993158
74,115,67,552.0273370020732
74,115,68,544.6411010016163
74,115,69,526.8737089973001
74,115,70,534.2878669980564
74,115,71,535.629082001833
74,115,72,543.5446489973401
74,115,73,535.9260539989918
74,115,74,546.2468629993964
74,115,75,537.2863989978214
74,115,76,532.4115690018516
74,115,77,533.4352850004507
74,115,78,540.0203380013409
74,115,79,541.5214970016677
74,115,80,530.1352770002268
74,115,81,538.9759009995032
74,115,82,558.694438997918
74,115,83,541.4814049981942
74,115,84,528.7568749990896
74,115,85,540.4402999993181
74,115,86,540.3701070026727
74,115,87,549.8676419992989
74,115,88,548.2771569986653
74,115,89,553.7868360006541
74,115,90,532.3784579995845
74,115,91,532.1665740011667
74,115,92,547.4337710002146
74,115,93,537.8728579999006
74,115,94,540.1339099989855
74,115,95,537.4169440001424
74,115,96,546.085416997812
74,115,97,537.8964980009187
74,115,98,544.886088999192
74,115,99,535.0232540004072
74,115,100,540.4204740007117
75,116,1,516.7999869991036
75,116,2,504.0367020010308
75,116,3,513.8979090006615
75,116,4,516.2472600022738
75,116,5,490.6622430025891
75,116,6,502.22045600094134
75,116,7,508.0207950013573
75,116,8,500.2579619977041
75,116,9,497.4016100022709
75,116,10,503.1691519980086
75,116,11,539.7770339986891
75,116,12,550.2236120009911
75,116,13,537.6648589990509
75,116,14,546.9590020002215
75,116,15,549.171426002431
75,116,16,552.8824829998484
75,116,17,538.9243190002162
75,116,18,533.8052480001352
75,116,19,539.8773819979397
75,116,20,531.2543580002966
75,116,21,552.5425970008655
75,116,22,539.3668659999094
75,116,23,542.9839809985424
75,116,24,534.8918140007299
75,116,25,541.3917400001083
75,116,26,541.9117400015239
75,116,27,545.4805629997281
75,116,28,543.2381150021683
75,116,29,554.6838250011206
75,116,30,523.4092119972047
75,116,31,542.826007000258
75,116,32,536.3105169999471
75,116,33,538.7145690001489
75,116,34,540.7158489979338
75,116,35,539.9566509986471
75,116,36,536.7726639997272
75,116,37,540.4265500001202
75,116,38,535.837633000483
75,116,39,544.3685040008859
75,116,40,534.073556002113
75,116,41,554.4068429990148
75,116,42,554.5841940001992
75,116,43,533.7577760001295
75,116,44,549.3122600018978
75,116,45,567.9723260000173
75,116,46,565.0676769982965
75,116,47,544.210304000444
75,116,48,540.1888160013186
75,116,49,526.3811050026561
75,116,50,529.033121001703
75,116,51,539.529190002213
75,116,52,538.4775439997611
75,116,53,547.3354540008586
75,116,54,541.1673620001238
75,116,55,539.0780540001288
75,116,56,546.0559939965606
75,116,57,548.1488810000883
75,116,58,542.3250730018481
75,116,59,529.2313719983213
75,116,60,551.9146309998177
75,116,61,539.418004998879
75,116,62,540.2923239998927
75,116,63,533.4786280000117
75,116,64,545.6661540010828
75,116,65,539.0513460006332
75,116,66,540.0082739979553
75,116,67,546.0402489989065
75,116,68,542.8251410012308
75,116,69,537.5451040017651
75,116,70,535.2460949980014
75,116,71,543.9702250005212
75,116,72,539.8538430017652
75,116,73,549.9869249979383
75,116,74,532.0018509992224
75,116,75,534.1948749992298
75,116,76,545.6307480017131
75,116,77,535.6440369978372
75,116,78,539.9364279983274
75,116,79,552.2753299992473
75,116,80,535.3923560032854
75,116,81,536.6994619980687
75,116,82,530.250232997787
75,116,83,535.801943999104
75,116,84,536.8896389991278
75,116,85,545.6785520000267
75,116,86,526.2593150000612
75,116,87,530.4335889995855
75,116,88,517.8211880011077
75,116,89,551.120889998856
75,116,90,532.7991140002268
75,116,91,531.0121100010292
75,116,92,518.775385000481
75,116,93,527.3878699990746
75,116,94,538.5830999985046
75,116,95,533.5825830006797
75,116,96,539.2829489974247
75,116,97,541.468169001746
75,116,98,529.2717180018371
75,116,99,547.4217019982461
75,116,100,528.9840450022893
76,117,1,501.9504199990479
76,117,2,497.76225900131976
76,117,3,495.6457570006023
76,117,4,497.2249640013615
76,117,5,493.60203800097224
76,117,6,508.80972300001304
76,117,7,496.0593889991287
76,117,8,507.8164149999793
76,117,9,507.59309900240623
76,117,10,513.8201249974372
76,117,11,531.129996998061
76,117,12,548.4274970003753
76,117,13,542.9729159986891
76,117,14,562.5494800005981
76,117,15,540.0079999999434
76,117,16,546.7710830016586
76,117,17,541.2909779988695
76,117,18,544.4320079986937
76,117,19,539.0703839984781
76,117,20,548.2182230007311
76,117,21,530.8512850024272
76,117,22,556.3790119995247
76,117,23,550.4275929997675
76,117,24,539.1517179996299
76,117,25,527.1344220018364
76,117,26,532.0051019989478
76,117,27,534.8950519983191
76,117,28,535.9899809991475
76,117,29,526.2401700019836
76,117,30,534.5223680014897
76,117,31,528.3228669977689
76,117,32,543.2364810003492
76,117,33,530.3309289993194
76,117,34,541.3280739994661
76,117,35,532.7715860003082
76,117,36,545.5769319996762
76,117,37,529.0396790005616
76,117,38,542.7366429976246
76,117,39,535.2067660023749
76,117,40,532.1507059998112
76,117,41,533.2448709996243
76,117,42,530.2939799985324
76,117,43,530.7830850033497
76,117,44,537.4627339988365
76,117,45,545.6876239986741
76,117,46,529.4016189982358
76,117,47,539.4252959995356
76,117,48,535.5567570004496
76,117,49,556.4552720024949
76,117,50,532.4899770021148
76,117,51,539.495683999121
76,117,52,547.5415709988738
76,117,53,546.0294250005973
76,117,54,536.2431569992623
76,117,55,552.651476002211
76,117,56,539.5749010021973
76,117,57,543.7903800011554
76,117,58,538.4351870015962
76,117,59,546.5548600004695
76,117,60,541.2090070021804
76,117,61,552.4126799973601
76,117,62,527.662620999763
76,117,63,544.8432849989331
76,117,64,545.5055739985255
76,117,65,535.2560939973046
76,117,66,536.6075929996441
76,117,67,541.9041249988368
76,117,68,530.0153159987531
76,117,69,533.3714910011622
76,117,70,538.4256309989723
76,117,71,538.67375900154
76,117,72,531.591146998835
76,117,73,531.7981900006998
76,117,74,553.6536959989462
76,117,75,535.2677199989557
76,117,76,546.1952240002574
76,117,77,535.5481750011677
76,117,78,547.7115539979422
76,117,79,562.6148629999079
76,117,80,569.7771570012264
76,117,81,537.0795730013924
76,117,82,532.2140280004533
76,117,83,533.7325949985825
76,117,84,546.6805470023246
76,117,85,551.6392850004195
76,117,86,544.7732989996439
76,117,87,527.6349730011134
76,117,88,544.0218849980738
76,117,89,546.3319160007813
76,117,90,545.6535519988392
76,117,91,534.8682579970045
76,117,92,547.2174540009291
76,117,93,529.8068259980937
76,117,94,536.9381469972723
76,117,95,540.6339319997642
76,117,96,538.1197739989148
76,117,97,539.138644002378
76,117,98,531.3388440008566
76,117,99,542.752870998811
76,117,100,536.8987930014555
77,118,1,491.8239020007604
77,118,2,496.7289499982144
77,118,3,496.07018800088554
77,118,4,501.62887899932684
77,118,5,496.28993299847934
77,118,6,515.2802099983091
77,118,7,507.05126600223593
77,118,8,500.9676039990154
77,118,9,505.83157900109654
77,118,10,504.77697200039984
77,118,11,558.1045250000898
77,118,12,546.651007996843
77,118,13,547.5564959997428
77,118,14,537.0621660003962
77,118,15,543.7742280009843
77,118,16,544.7407629981171
77,118,17,548.0009160019108
77,118,18,540.308201998414
77,118,19,539.848714000982
77,118,20,534.2529799963813
77,118,21,538.3905730013794
77,118,22,555.6169960000261
77,118,23,542.7621109993197
77,118,24,533.9316490026249
77,118,25,546.093741999357
77,118,26,527.4785479996353
77,118,27,534.4430340010149
77,118,28,532.1399099993869
77,118,29,534.1326130001107
77,118,30,543.8006869990204
77,118,31,540.2263370015135
77,118,32,546.8349690017931
77,118,33,532.5417129970447
77,118,34,536.1959309993836
77,118,35,547.455475996685
77,118,36,544.72578000059
77,118,37,545.2594669986865
77,118,38,543.0358230005368
77,118,39,530.4027009988204
77,118,40,537.94564099735
77,118,41,539.8323369990976
77,118,42,535.9013650013367
77,118,43,543.4006030009186
77,118,44,583.9212049977505
77,118,45,533.5104120022152
77,118,46,534.3499840018922
77,118,47,539.2681810008071
77,118,48,539.8694799987425
77,118,49,534.9177530006273
77,118,50,538.915660999919
77,118,51,533.4659539985296
77,118,52,535.745326000324
77,118,53,544.5557839993853
77,118,54,543.7433369988867
77,118,55,548.1437090020336
77,118,56,533.5057459997188
77,118,57,531.6844299995864
77,118,58,537.6229860012245
77,118,59,546.1865729994315
77,118,60,530.1396780014329
77,118,61,530.9740800003055
77,118,62,532.5525770022068
77,118,63,534.7939860002953
77,118,64,540.680974998395
77,118,65,550.5159569984244
77,118,66,542.4956099996052
77,118,67,557.1365209980286
77,118,68,548.1584770022891
77,118,69,544.8057240027993
77,118,70,612.2467589993903
77,118,71,576.1094499976025
77,118,72,645.4027790023247
77,118,73,550.6129109999165
77,118,74,553.6158169998089
77,118,75,538.1776430003811
77,118,76,530.743524999707
77,118,77,563.4103260017582
77,118,78,542.7340339992952
77,118,79,523.9984590007225
77,118,80,537.3571420022927
77,118,81,538.1254839994654
77,118,82,539.6683790022507
77,118,83,539.185945999634
77,118,84,552.3403490005876
77,118,85,537.5488910030981
77,118,86,560.8712990033382
77,118,87,536.9617440010188
77,118,88,546.2485200005176
77,118,89,534.5570699973905
77,118,90,547.9046050022589
77,118,91,541.3924400018004
77,118,92,545.2561130005051
77,118,93,539.8067530004482
77,118,94,541.4566680010466
77,118,95,550.996808000491
77,118,96,543.8846069991996
77,118,97,535.3090370008431
77,118,98,536.8455630014068
77,118,99,554.5972660002008
77,118,100,545.1386829990952
78,119,1,513.8415699984762
78,119,2,497.12433199965744
78,119,3,509.00954399912735
78,119,4,508.1586480009719
78,119,5,511.6965220004204
78,119,6,502.97739199959324
78,119,7,511.53742599854013
78,119,8,503.22002400207566
78,119,9,516.9527830003062
78,119,10,511.99304800320533
78,119,11,559.1365449981822
78,119,12,548.7273550024838
78,119,13,558.6425370020152
78,119,14,556.7497119991458
78,119,15,543.293167000229
78,119,16,544.2937230000098
78,119,17,547.3344089987222
78,119,18,544.3938179996621
78,119,19,542.8315200006182
78,119,20,551.8391510013316
78,119,21,557.126817999233
78,119,22,542.7698490020703
78,119,23,543.7918450006691
78,119,24,544.1042450001987
78,119,25,541.259183002694
78,119,26,557.851262998156
78,119,27,542.1428420013399
78,119,28,539.7774029988796
78,119,29,550.6537479996041
78,119,30,537.2542719997
78,119,31,554.160353000043
78,119,32,534.1593859993736
78,119,33,560.6269179988885
78,119,34,540.3416049994121
78,119,35,543.7622140016174
78,119,36,545.8741029979137
78,119,37,548.9917289996811
78,119,38,545.1270919984381
78,119,39,553.895614000794
78,119,40,542.8095370007213
78,119,41,537.6817959986511
78,119,42,556.91488100274
78,119,43,530.8156099999906
78,119,44,556.7199270008132
78,119,45,540.8342709997669
78,119,46,539.0763590003189
78,119,47,536.0090070025763
78,119,48,549.09780899834
78,119,49,548.1422359989665
78,119,50,542.1144600004482
78,119,51,542.7410060001421
78,119,52,546.9950949991471
78,119,53,533.2422299979953
78,119,54,548.9472930021293
78,119,55,530.7485789999191
78,119,56,554.2450939974515
78,119,57,535.376174000703
78,119,58,530.3155759975198
78,119,59,545.6188739990466
78,119,60,541.8841400023666
78,119,61,544.413600997359
78,119,62,549.9597300004098
78,119,63,553.9190800009237
78,119,64,525.8547430021281
78,119,65,539.205999000842
78,119,66,540.7584349995886
78,119,67,524.040366999543
78,119,68,551.4851219995762
78,119,69,555.9628320006595
78,119,70,532.7688249999483
78,119,71,533.231576999242
78,119,72,534.2265760009468
78,119,73,546.4042750027147
78,119,74,536.4481319993502
78,119,75,553.5873169974366
78,119,76,548.7363229985931
78,119,77,543.1523349980125
78,119,78,551.5117670001928
78,119,79,535.763138999755
78,119,80,532.8755529990303
78,119,81,545.3381190018263
78,119,82,561.8817709982977
78,119,83,543.3020290001878
78,119,84,538.4310299996287
78,119,85,550.5690270001651
78,119,86,536.925723998138
78,119,87,559.3136870011222
78,119,88,542.802087002201
78,119,89,555.511006998131
78,119,90,541.6044349985896
78,119,91,552.9927630013844
78,119,92,537.2053259998211
78,119,93,542.9966270021396
78,119,94,554.1467969997029
78,119,95,548.1715370005986
78,119,96,535.2986879988748
78,119,97,546.4537910011131
78,119,98,541.8076879977889
78,119,99,545.901686000434
78,119,100,537.8429379998124
79,120,1,523.4850220003864
79,120,2,511.4015799990739
79,120,3,506.09098900167737
79,120,4,509.85698599833995
79,120,5,507.4637870020524
79,120,6,516.8355999994674
79,120,7,513.0588920001173
79,120,8,512.8469489973213
79,120,9,508.9155839996238
79,120,10,511.2587280018488
79,120,11,543.9859270009038
79,120,12,571.0689719999209
79,120,13,557.2826479983632
79,120,14,548.4356439992553
79,120,15,539.1146990004927
79,120,16,561.0479459974158
79,120,17,541.238637000788
79,120,18,542.3067030023958
79,120,19,556.2342550001631
79,120,20,540.6345060000604
79,120,21,543.66607799966
79,120,22,551.9916709999961
79,120,23,533.5928280001099
79,120,24,538.7100859989005
79,120,25,532.111350003106
79,120,26,539.6691820023989
79,120,27,539.1072570018878
79,120,28,537.8875040005369
79,120,29,540.9910559974378
79,120,30,532.063291000668
79,120,31,545.4349689971423
79,120,32,558.2328270029393
79,120,33,538.0266489992209
79,120,34,543.2077959994785
79,120,35,545.1719289994799
79,120,36,546.7065490011009
79,120,37,542.569036999339
79,120,38,529.3291180023516
79,120,39,561.4523650001502
79,120,40,528.8311959993734
79,120,41,554.1815010001301
79,120,42,546.2910429996555
79,120,43,544.5658469980117
79,120,44,547.9025090025971
79,120,45,546.2289950010017
79,120,46,527.7229989987973
79,120,47,543.275641000946
79,120,48,539.9584939987108
79,120,49,543.4846779971849
79,120,50,540.4095539997797
79,120,51,539.5193990007101
79,120,52,542.9746039990277
79,120,53,535.7016119996842
79,120,54,541.76653399918
79,120,55,548.038799999631
79,120,56,537.9796390006959
79,120,57,559.1806420015928
79,120,58,550.5784699998912
79,120,59,534.5553739971365
79,120,60,538.8538799998059
79,120,61,529.5849580033973
79,120,62,552.6063789984619
79,120,63,536.6615639977681
79,120,64,539.8956740027643
79,120,65,558.0969860020559
79,120,66,543.113813000673
79,120,67,547.7337880001869
79,120,68,540.3436719971069
79,120,69,550.0940179990721
79,120,70,543.2179859999451
79,120,71,543.7238890008302
79,120,72,557.5488180002139
79,120,73,535.0857990015356
79,120,74,546.0254550016543
79,120,75,544.0740289996029
79,120,76,540.829579000274
79,120,77,544.9937829980627
79,120,78,543.7152400008927
79,120,79,537.3426659971301
79,120,80,539.6610889984004
79,120,81,540.8669259995804
79,120,82,550.1645730000746
79,120,83,540.4283860007126
79,120,84,554.5910069995443
79,120,85,536.8199920012557
79,120,86,546.1006050027208
79,120,87,549.7194529998524
79,120,88,538.096153002698
79,120,89,555.6316349975532
79,120,90,545.6752210011473
79,120,91,536.6739739984041
79,120,92,530.8848499989836
79,120,93,533.6068630022055
79,120,94,536.3243440006045
79,120,95,538.3934329984186
79,120,96,536.7167880031047
79,120,97,540.1755679995404
79,120,98,555.1269630013849
79,120,99,536.3224819993775
79,120,100,540.8467909983301
80,121,1,508.02740799917956
80,121,2,496.95429100029287
80,121,3,502.91616699905717
80,121,4,497.14379500073846
80,121,5,496.0398080002051
80,121,6,507.9866270025377
80,121,7,502.0361720016808
80,121,8,512.9905099965981
80,121,9,509.15981300204294
80,121,10,510.695509998186
80,121,11,553.3037909990526
80,121,12,558.7842099994305
80,121,13,549.9763209991215
80,121,14,546.8410720022803
80,121,15,539.9513260017557
80,121,16,543.1205080021755
80,121,17,553.4602129991981
80,121,18,537.4532819987508
80,121,19,539.0196389998891
80,121,20,544.7882269982074
80,121,21,550.2208660000178
80,121,22,538.2331750006415
80,121,23,536.5026090003084
80,121,24,546.9476119978935
80,121,25,546.002242997929
80,121,26,551.7357869975967
80,121,27,529.1242549974413
80,121,28,543.3903890007059
80,121,29,544.6762179999496
80,121,30,542.5437750018318
80,121,31,536.4395190008509
80,121,32,536.7813909979304
80,121,33,545.8615309980814
80,121,34,552.8404280012182
80,121,35,537.6983349997317
80,121,36,542.6670550004928
80,121,37,544.9323719985841
80,121,38,536.7774930018641
80,121,39,537.9270579978765
80,121,40,542.3913750018983
80,121,41,536.8442950020835
80,121,42,544.726049000019
80,121,43,539.2586630005098
80,121,44,547.6991710020229
80,121,45,534.9034520004352
80,121,46,539.4747810023546
80,121,47,524.770822001301
80,121,48,539.4021510001039
80,121,49,539.9149950026185
80,121,50,539.2797349995817
80,121,51,557.992367001134
80,121,52,530.6569670028694
80,121,53,536.9316249998519
80,121,54,550.4751950029458
80,121,55,540.3567089997523
80,121,56,551.9145060025039
80,121,57,549.1735260002315
80,121,58,539.9704599985853
80,121,59,547.1241140003258
80,121,60,535.048633999395
80,121,61,545.435397001711
80,121,62,534.3386860004102
80,121,63,559.4421130008413
80,121,64,544.9291779987107
80,121,65,537.8862590005156
80,121,66,539.6370300004492
80,121,67,554.4849600009911
80,121,68,550.4062750005687
80,121,69,542.4452420011221
80,121,70,539.0246479983034
80,121,71,547.5916920004238
80,121,72,543.9748270000564
80,121,73,546.7553390008106
80,121,74,531.2762130015471
80,121,75,537.4535890005063
80,121,76,562.9635180011974
80,121,77,537.9290370001399
80,121,78,540.0399179998203
80,121,79,534.2246809996141
80,121,80,539.5206459979818
80,121,81,543.9726550030173
80,121,82,548.4504390005895
80,121,83,540.2702669998689
80,121,84,538.957341999776
80,121,85,545.5121230006625
80,121,86,551.1248050024733
80,121,87,548.4509909983899
80,121,88,544.0519760013558
80,121,89,542.73301899957
80,121,90,548.6461060027068
80,121,91,534.4955189975735
80,121,92,546.5863009994791
80,121,93,532.0630709975376
80,121,94,548.5066979999829
80,121,95,527.086985999631
80,121,96,548.9622780005448
80,121,97,535.4971939996176
80,121,98,541.8544460007979
80,121,99,541.8762790031906
80,121,100,542.799967002793
81,122,1,513.745355001447
81,122,2,505.6481760002498
81,122,3,524.1789520005113
81,122,4,514.5512449998932
81,122,5,516.1517850028758
81,122,6,507.1877760019561
81,122,7,517.1340180022526
81,122,8,521.0473070001171
81,122,9,502.21033599882503
81,122,10,502.4719599969103
81,122,11,542.6557619975938
81,122,12,545.4679270005727
81,122,13,608.3249340008479
81,122,14,549.1332240017073
81,122,15,561.2279950000811
81,122,16,537.0539569994435
81,122,17,567.2769580014574
81,122,18,535.3269920015009
81,122,19,547.7720160015451
81,122,20,542.369630002213
81,122,21,543.6563750008645
81,122,22,554.1413099999772
81,122,23,541.4636410023377
81,122,24,540.4453049995936
81,122,25,538.7061250003171
81,122,26,544.4119839994528
81,122,27,539.4209410005715
81,122,28,530.9842399983609
81,122,29,555.1784499984933
81,122,30,542.5450000002456
81,122,31,562.5322500018228
81,122,32,531.497573996603
81,122,33,525.0124500016682
81,122,34,542.4607079985435
81,122,35,539.7550640009285
81,122,36,549.0460990004067
81,122,37,533.4253860019089
81,122,38,528.494314999989
81,122,39,535.0184419985453
81,122,40,538.9634700004535
81,122,41,530.4663419992721
81,122,42,545.798299001035
81,122,43,539.5247759988706
81,122,44,571.7950629987172
81,122,45,536.3620930002071
81,122,46,544.2073480007821
81,122,47,535.8310449992132
81,122,48,539.9475619997247
81,122,49,546.3844250007241
81,122,50,547.2401260012703
81,122,51,539.2772410014004
81,122,52,542.8161880008702
81,122,53,532.4991870002123
81,122,54,534.1862999994191
81,122,55,539.230097001564
81,122,56,536.7995060005342
81,122,57,531.4385450001282
81,122,58,537.5087829997938
81,122,59,543.0345259992464
81,122,60,528.551035997225
81,122,61,529.0532330000133
81,122,62,538.6267360008787
81,122,63,535.8958389988402
81,122,64,540.8948570002394
81,122,65,529.963836997922
81,122,66,546.3492259987106
81,122,67,534.2537219985388
81,122,68,543.4432050024043
81,122,69,537.3451630002819
81,122,70,547.2589199998765
81,122,71,549.0211100004672
81,122,72,541.4857370014943
81,122,73,555.1615820004372
81,122,74,533.4712030016817
81,122,75,557.0378369993705
81,122,76,563.5892809987126
81,122,77,535.225999999966
81,122,78,544.7090339985152
81,122,79,554.0708989974519
81,122,80,532.291259001795
81,122,81,543.1683899987547
81,122,82,544.9283110028773
81,122,83,535.3526860017155
81,122,84,543.7864179984899
81,122,85,538.5979079983372
81,122,86,542.3218249998172
81,122,87,549.0877299998829
81,122,88,534.8662720025459
81,122,89,533.5986319987569
81,122,90,545.5000830006611
81,122,91,546.757037001953
81,122,92,534.8583390004933
81,122,93,525.5297789990436
81,122,94,547.7929909975501
81,122,95,543.4573400016234
81,122,96,544.5895089978876
81,122,97,534.2343570009689
81,122,98,534.4606379985635
81,122,99,543.3632979984395
81,122,100,539.5790969996597
82,123,1,514.5685719980975
82,123,2,507.94915499864146
82,123,3,506.7030579994025
82,123,4,504.27378799940925
82,123,5,498.3906390007178
82,123,6,502.4607310006104
82,123,7,490.9976460003236
82,123,8,500.62877999880584
82,123,9,504.6193330017559
82,123,10,517.2344559978228
82,123,11,545.4193830009899
82,123,12,552.3936819990922
82,123,13,560.4867609981738
82,123,14,539.0968979991158
82,123,15,542.5161749990366
82,123,16,529.8686259993701
82,123,17,551.1917959993298
82,123,18,538.3259959999123
82,123,19,547.5835220022418
82,123,20,544.1876350014354
82,123,21,535.9682880007313
82,123,22,558.8313299995207
82,123,23,541.5518219997466
82,123,24,530.8223130014085
82,123,25,556.6302199986239
82,123,26,549.7635899992019
82,123,27,551.3879870013625
82,123,28,530.4175870005565
82,123,29,550.863668002421
82,123,30,529.0057759993942
82,123,31,555.7291699988127
82,123,32,548.5557749998407
82,123,33,538.6610759996984
82,123,34,530.9626210000715
82,123,35,540.0927179980499
82,123,36,528.6009660012496
82,123,37,556.0941100011405
82,123,38,538.2805170011125
82,123,39,537.974121998559
82,123,40,543.1934850021207
82,123,41,544.1095380010665
82,123,42,518.0029069997545
82,123,43,535.6499080007779
82,123,44,545.4267509994679
82,123,45,542.6676150018466
82,123,46,542.7260710021073
82,123,47,532.2796189975634
82,123,48,536.4853079991008
82,123,49,530.3666059990064
82,123,50,530.5699279997498
82,123,51,536.1819489990012
82,123,52,537.8229900015867
82,123,53,544.6932189988729
82,123,54,528.5827879997669
82,123,55,539.7989200027951
82,123,56,534.6438670021598
82,123,57,548.910020999756
82,123,58,547.147691999271
82,123,59,561.4316660030454
82,123,60,553.790296002262
82,123,61,537.4151850010094
82,123,62,549.7967619994597
82,123,63,539.3020150004304
82,123,64,544.2444460022671
82,123,65,533.5489459976088
82,123,66,541.7309440017561
82,123,67,536.6594400002214
82,123,68,554.3969589998596
82,123,69,546.2270499992883
82,123,70,551.3373319990933
82,123,71,529.0323119988898
82,123,72,544.3368119995284
82,123,73,548.3324029992218
82,123,74,531.7707450012676
82,123,75,568.298769001558
82,123,76,534.2309170009685
82,123,77,539.9726489995373
82,123,78,536.4079479986685
82,123,79,533.9194709995354
82,123,80,587.5728729988623
82,123,81,536.345139000332
82,123,82,541.0995349993755
82,123,83,533.3596720010974
82,123,84,541.9287099975918
82,123,85,550.0286249989585
82,123,86,544.0181029989617
82,123,87,548.1625190004706
82,123,88,534.6968979974918
82,123,89,550.5071039988252
82,123,90,536.6626840004756
82,123,91,549.280262002867
82,123,92,534.4439359978423
82,123,93,543.4999080025591
82,123,94,542.3739079997176
82,123,95,549.1509519997635
82,123,96,539.3544099970313
82,123,97,543.3493199998338
82,123,98,552.4546300002839
82,123,99,568.2717509989743
82,123,100,579.873224000039
83,124,1,507.5385840027593
83,124,2,502.38767200062284
83,124,3,499.20938200011733
83,124,4,507.3865359991032
83,124,5,499.8108340005274
83,124,6,502.8866749998997
83,124,7,499.63420299900463
83,124,8,497.56673599767964
83,124,9,512.0372460005456
83,124,10,552.3164149999502
83,124,11,560.5926169992017
83,124,12,550.9149499994237
83,124,13,556.8205950003176
83,124,14,555.0334910003585
83,124,15,551.7005349975079
83,124,16,554.1809099995589
83,124,17,548.7096189972362
83,124,18,571.9433540034515
83,124,19,543.667980000464
83,124,20,536.6532490006648
83,124,21,551.9246049989306
83,124,22,543.3456499995373
83,124,23,545.9894519990485
83,124,24,543.6010119992716
83,124,25,549.4083369994769
83,124,26,549.1229289982584
83,124,27,567.3393689976365
83,124,28,543.9274130003469
83,124,29,547.46727300153
83,124,30,543.931058000453
83,124,31,562.0540090021677
83,124,32,553.2029679998232
83,124,33,551.4062430011109
83,124,34,529.640434000612
83,124,35,548.3373470015067
83,124,36,552.8192599995236
83,124,37,537.0064640010241
83,124,38,536.9341429977794
83,124,39,541.4992760015593
83,124,40,538.8759609995759
83,124,41,533.5513509999146
83,124,42,546.1189240013482
83,124,43,541.7287410018616
83,124,44,541.9767130006221
83,124,45,534.4106499978807
83,124,46,541.4414209990355
83,124,47,537.8399670007639
83,124,48,547.599451001588
83,124,49,547.4948400005815
83,124,50,536.3590989982185
83,124,51,541.3678020013322
83,124,52,542.6558139988629
83,124,53,553.5756019999098
83,124,54,541.082561998337
83,124,55,534.8277010016318
83,124,56,547.183173999656
83,124,57,542.1738920013013
83,124,58,550.3751360010938
83,124,59,565.5789929987804
83,124,60,550.5083949974505
83,124,61,548.3043909989647
83,124,62,554.7414190004929
83,124,63,540.0172240006214
83,124,64,548.0894600004831
83,124,65,531.2634549991344
83,124,66,554.6654550016683
83,124,67,542.5575160006701
83,124,68,547.5631269982841
83,124,69,536.4769990010245
83,124,70,534.0947450022213
83,124,71,541.7380639992189
83,124,72,547.8293600026518
83,124,73,551.6104549969896
83,124,74,549.5841250012745
83,124,75,551.2754369992763
83,124,76,539.207351001096
83,124,77,549.3312989965489
83,124,78,544.7793610001099
83,124,79,538.4595629984688
83,124,80,544.9735649999639
83,124,81,549.3664969981182
83,124,82,545.9453489966108
83,124,83,535.8939910001936
83,124,84,535.2229880008963
83,124,85,551.2448580011551
83,124,86,561.7173800019373
83,124,87,551.7762359995686
83,124,88,541.0414059988398
83,124,89,544.4636979991628
83,124,90,540.1519660008489
83,124,91,560.3611570004432
83,124,92,546.8994950024353
83,124,93,544.9987319989305
83,124,94,547.0320290005475
83,124,95,561.5180550012155
83,124,96,533.0172289977781
83,124,97,539.4530529993062
83,124,98,544.245814999158
83,124,99,549.9666890027584
83,124,100,548.16984900026
84,125,1,505.33564999932423
84,125,2,514.6585980000964
84,125,3,499.5409520015528
84,125,4,518.33624199935
84,125,5,512.0716210003593
84,125,6,512.064572001691
84,125,7,500.15250599972205
84,125,8,499.85947999812197
84,125,9,507.7981930007809
84,125,10,519.2100409985869
84,125,11,544.0960400010226
84,125,12,570.33330899867
84,125,13,559.9944189998496
84,125,14,555.4215700030909
84,125,15,536.3041210002848
84,125,16,561.9808029987325
84,125,17,534.1715370013844
84,125,18,571.2922899983823
84,125,19,556.5996969999105
84,125,20,550.6679480022285
84,125,21,532.0816359999299
84,125,22,542.3395779980638
84,125,23,545.2267159998883
84,125,24,557.7883689984446
84,125,25,528.6731149972184
84,125,26,562.4034989996289
84,125,27,547.3647199978586
84,125,28,532.057635999081
84,125,29,540.0376420002431
84,125,30,548.6438510015432
84,125,31,540.8141699990665
84,125,32,538.0680450034561
84,125,33,534.11700200013
84,125,34,540.5248290007876
84,125,35,540.1714100007666
84,125,36,534.2567860025156
84,125,37,545.8086619983078
84,125,38,530.5599950006581
84,125,39,560.0497600025847
84,125,40,552.868203001708
84,125,41,546.3079430010112
84,125,42,553.2965270031127
84,125,43,547.2161209982005
84,125,44,537.8910729996278
84,125,45,556.8383910031116
84,125,46,547.7073539987032
84,125,47,563.8123309981893
84,125,48,540.463291999913
84,125,49,545.019957000477
84,125,50,534.8569730012969
84,125,51,548.2428939976671
84,125,52,527.2378539993952
84,125,53,544.5885540029849
84,125,54,547.2142199978407
84,125,55,543.7164260001737
84,125,56,536.0062629988533
84,125,57,549.9035040011222
84,125,58,551.7777459972422
84,125,59,549.3364470021334
84,125,60,540.0816239998676
84,125,61,563.1901900014782
84,125,62,543.5803719992691
84,125,63,550.5025809979998
84,125,64,545.5404319982335
84,125,65,541.6838170021947
84,125,66,549.8744340002304
84,125,67,538.6305680003716
84,125,68,554.6480459997838
84,125,69,525.5359209986636
84,125,70,540.3359219999402
84,125,71,539.4790840000496
84,125,72,549.9944639996102
84,125,73,546.0935810006049
84,125,74,555.9074739976495
84,125,75,534.561054999358
84,125,76,548.6504000000423
84,125,77,531.5700600003765
84,125,78,541.7746159982926
84,125,79,538.5028090022388
84,125,80,549.2846880006255
84,125,81,539.6093590024975
84,125,82,564.6019629966759
84,125,83,533.0447519991139
84,125,84,526.7669799977739
84,125,85,551.970305001305
84,125,86,551.7201330003445
84,125,87,540.5735159984033
84,125,88,538.5831819985469
84,125,89,530.2240800010622
84,125,90,543.4326729991881
84,125,91,548.0825180020474
84,125,92,525.6176000002597
84,125,93,535.921586000768
84,125,94,551.196403997892
84,125,95,532.1745189976355
84,125,96,547.9088400024921
84,125,97,533.0067849972693
84,125,98,583.0965450004442
84,125,99,580.0337209984718
84,125,100,544.392613999662
85,126,1,498.44264299827046
85,126,2,514.485440999124
85,126,3,506.3072640004975
85,126,4,499.99686799856136
85,126,5,540.9801030000381
85,126,6,513.2115660017007
85,126,7,501.56188099936116
85,126,8,508.92426000064006
85,126,9,564.8850329998822
85,126,10,549.503640999319
85,126,11,552.7667140013364
85,126,12,562.5272520010185
85,126,13,552.2622749995207
85,126,14,552.5591629993869
85,126,15,554.5024670027487
85,126,16,554.2449660024431
85,126,17,545.3243129995826
85,126,18,538.6795949998486
85,126,19,535.450748000585
85,126,20,543.198774998018
85,126,21,556.917521997093
85,126,22,541.9940530009626
85,126,23,544.2935140017653
85,126,24,574.0272919974814
85,126,25,543.2356990022527
85,126,26,559.1768169979332
85,126,27,527.3748299987346
85,126,28,538.7847569982114
85,126,29,549.1575230007584
85,126,30,527.2477329999674
85,126,31,533.9729509978497
85,126,32,545.4616700008046
85,126,33,564.5924870004819
85,126,34,543.7383169992245
85,126,35,552.9343080015678
85,126,36,544.3637400021544
85,126,37,551.6340040012437
85,126,38,545.7657759980066
85,126,39,550.0379240002076
85,126,40,561.9469749981363
85,126,41,554.6344440008397
85,126,42,543.8330300021335
85,126,43,557.6671379967593
85,126,44,537.1602899977006
85,126,45,560.0929629981692
85,126,46,538.7847599995439
85,126,47,535.9203179978067
85,126,48,536.6662800006452
85,126,49,532.6323499975842
85,126,50,535.9649869969871
85,126,51,544.5984939979098
85,126,52,574.011298998812
85,126,53,534.3230629987374
85,126,54,617.8761530027259
85,126,55,539.2550249998749
85,126,56,556.782394000038
85,126,57,540.9140070005378
85,126,58,543.041531000199
85,126,59,554.0345070003241
85,126,60,546.3018730006297
85,126,61,561.3032710025436
85,126,62,545.7958049992158
85,126,63,538.6952650005696
85,126,64,550.935926999955
85,126,65,538.1381709994457
85,126,66,557.3811280009977
85,126,67,538.5486960003618
85,126,68,548.0655079991266
85,126,69,537.6718869993056
85,126,70,540.7171789993299
85,126,71,535.1447520006332
85,126,72,538.3663159991556
85,126,73,544.7838309992221
85,126,74,542.3273000014888
85,126,75,538.4891920002701
85,126,76,542.5013099993521
85,126,77,547.4265169978025
85,126,78,539.6995250011969
85,126,79,548.3657539989508
85,126,80,544.4612960018276
85,126,81,537.4475759999768
85,126,82,546.4964589991723
85,126,83,545.3838499997801
85,126,84,534.3346449990349
85,126,85,540.3927780025697
85,126,86,551.5857649988902
85,126,87,537.36173300058
85,126,88,541.5746740000031
85,126,89,561.9683710028767
85,126,90,530.5519079993246
85,126,91,543.1372890016064
85,126,92,543.6975750017154
85,126,93,546.3354060011625
85,126,94,545.3915010002675
85,126,95,559.8268850008026
85,126,96,557.6355490011338
85,126,97,543.9945649995934
85,126,98,539.8839699992095
85,126,99,541.4635230008571
85,126,100,537.0335030020215
86,127,1,507.6974369985692
86,127,2,500.57511100021657
86,127,3,510.5905900018115
86,127,4,499.55809399762074
86,127,5,497.42142900140607
86,127,6,510.6692990011652
86,127,7,498.1670099987241
86,127,8,516.0026159974223
86,127,9,511.04882000072394
86,127,10,534.4469869996828
86,127,11,556.2083340009849
86,127,12,556.818214001396
86,127,13,550.2155780013709
86,127,14,548.5864660004154
86,127,15,566.7840319983952
86,127,16,549.9649419980415
86,127,17,541.8645669997204
86,127,18,561.212862998218
86,127,19,546.6783390002092
86,127,20,542.3877129978791
86,127,21,535.7997450009861
86,127,22,545.5396450015542
86,127,23,539.3292400003702
86,127,24,543.3900820025883
86,127,25,539.5364379983221
86,127,26,548.4923529984371
86,127,27,539.4952120004746
86,127,28,532.2731099986413
86,127,29,538.229550998949
86,127,30,536.5609979999135
86,127,31,528.3202870014065
86,127,32,535.4408429993782
86,127,33,544.2671640012122
86,127,34,521.301950000634
86,127,35,544.6877059985127
86,127,36,546.4322439984244
86,127,37,555.1413510002021
86,127,38,547.3886129984749
86,127,39,554.8360820030211
86,127,40,540.2410649985541
86,127,41,552.8917400006321
86,127,42,537.4573040026007
86,127,43,543.2114340001135
86,127,44,549.2904469974746
86,127,45,545.5934500023432
86,127,46,541.3869759977388
86,127,47,528.2478609988175
86,127,48,544.565803000296
86,127,49,543.4456030016008
86,127,50,536.4998240002024
86,127,51,548.094036999828
86,127,52,532.603431998723
86,127,53,539.9178250008845
86,127,54,559.6948380007234
86,127,55,532.4398589982593
86,127,56,548.0224519997137
86,127,57,525.2879239997128
86,127,58,509.5639030005259
86,127,59,516.8321769997419
86,127,60,518.7520250001398
86,127,61,541.6951440020057
86,127,62,544.2039549998299
86,127,63,543.6886050010798
86,127,64,530.4044150034315
86,127,65,528.9705340001092
86,127,66,535.8193440006289
86,127,67,530.0057339991326
86,127,68,532.4697289979667
86,127,69,515.1015670016932
86,127,70,536.5855099989858
86,127,71,516.8212600001425
86,127,72,540.0550459999067
86,127,73,536.2093370022194
86,127,74,537.1109810002963
86,127,75,539.6534770006838
86,127,76,580.0411099990015
86,127,77,540.9260849992279
86,127,78,540.832725000655
86,127,79,540.5461320005998
86,127,80,554.5229409981403
86,127,81,566.5052559998003
86,127,82,553.8105529994937
86,127,83,551.0031210033048
86,127,84,552.7374640005291
86,127,85,556.7618360000779
86,127,86,549.9671229990781
86,127,87,546.0678840026958
86,127,88,538.748562001274
86,127,89,556.2943260010798
86,127,90,531.8329920010001
86,127,91,544.0595250001934
86,127,92,542.5819369993405
86,127,93,551.1996999994153
86,127,94,543.1818399993062
86,127,95,529.309427998669
86,127,96,518.7648239989358
86,127,97,531.6240430001926
86,127,98,516.9464339996921
86,127,99,516.5424590013572
86,127,100,525.0678970005538
87,128,1,540.3404220014636
87,128,2,516.2217969991616
87,128,3,512.1535979997134
87,128,4,509.366250000312
87,128,5,501.0333040008845
87,128,6,506.4542110012553
87,128,7,492.60787700040964
87,128,8,509.76757099851966
87,128,9,506.8371310007933
87,128,10,532.5943640018522
87,128,11,553.8684560015099
87,128,12,555.5503810028313
87,128,13,549.8635359981563
87,128,14,559.6805480017792
87,128,15,532.7092169973184
87,128,16,548.9748360014346
87,128,17,530.6647260003956
87,128,18,532.2856319980929
87,128,19,528.2742769995821
87,128,20,542.3236779970466
87,128,21,538.5273159990902
87,128,22,537.9180760028248
87,128,23,545.1078309997683
87,128,24,556.4076660011779
87,128,25,534.9692840027274
87,128,26,540.7513249992917
87,128,27,546.1490069974388
87,128,28,545.8895039992058
87,128,29,551.8730430012511
87,128,30,553.2351340007153
87,128,31,554.2155340008321
87,128,32,572.4275520005904
87,128,33,573.630178001622
87,128,34,536.4408149980591
87,128,35,544.5083450031234
87,128,36,534.9317740001425
87,128,37,552.012404998095
87,128,38,552.4527950001357
87,128,39,546.0882389998005
87,128,40,536.7092279993813
87,128,41,547.4843829979363
87,128,42,545.8475819978048
87,128,43,540.3477420004492
87,128,44,538.2847129985748
87,128,45,550.3114960010862
87,128,46,534.8204010006157
87,128,47,532.7487639988249
87,128,48,541.9436029987992
87,128,49,540.9280819985725
87,128,50,542.70083099982
87,128,51,538.7541759992018
87,128,52,536.4593120029895
87,128,53,542.1833760010486
87,128,54,547.9163009986223
87,128,55,548.5355450000498
87,128,56,552.1233959989331
87,128,57,536.2220069982868
87,128,58,556.8068320026214
87,128,59,537.7413499991235
87,128,60,556.1645820016565
87,128,61,543.318829000782
87,128,62,552.3048499999277
87,128,63,538.1894830024976
87,128,64,545.9680450003361
87,128,65,547.6817269991443
87,128,66,527.7232099979301
87,128,67,539.0774110019265
87,128,68,541.3698279990058
87,128,69,551.6751510003814
87,128,70,537.4424430010549
87,128,71,542.0364720012003
87,128,72,539.2207850018167
87,128,73,538.3134050025546
87,128,74,537.0495019997179
87,128,75,537.4361120011599
87,128,76,532.4181180003507
87,128,77,538.8481619993399
87,128,78,542.6247180002974
87,128,79,543.2864719987265
87,128,80,545.8810350028216
87,128,81,537.7673090006283
87,128,82,543.9657859969884
87,128,83,538.0881079981918
87,128,84,547.8924679991906
87,128,85,552.8549499977089
87,128,86,530.2552069988451
87,128,87,551.9180810006219
87,128,88,545.8474790029868
87,128,89,547.6135009994323
87,128,90,535.8277100021951
87,128,91,541.9586210009584
87,128,92,547.2380920000433
87,128,93,528.3882719995745
87,128,94,543.5740139982954
87,128,95,562.3925079999026
87,128,96,541.8983919989842
87,128,97,537.8143790003378
87,128,98,542.3398499988252
87,128,99,532.0927609973296
87,128,100,537.2529230007785
88,129,1,512.7003859997785
88,129,2,510.5484029991203
88,129,3,497.3732709986507
88,129,4,498.1475859967759
88,129,5,494.89911300042877
88,129,6,499.1431489979732
88,129,7,502.4909980020311
88,129,8,494.51474899979075
88,129,9,498.602450999897
88,129,10,514.8254730011104
88,129,11,550.6036970000423
88,129,12,527.3351089999778
88,129,13,556.1243310003192
88,129,14,571.0456609995163
88,129,15,537.4289810024493
88,129,16,541.8952750005701
88,129,17,548.4166830028698
88,129,18,537.2573540007579
88,129,19,554.3771779994131
88,129,20,534.13345700028
88,129,21,541.7328820003604
88,129,22,552.3950140013767
88,129,23,535.1696979996632
88,129,24,541.5950579990749
88,129,25,552.8921509976499
88,129,26,540.0325179980427
88,129,27,550.3431810029724
88,129,28,543.5892469977261
88,129,29,552.5636180027504
88,129,30,538.2055480004055
88,129,31,556.5041800000472
88,129,32,543.7113130028592
88,129,33,537.7796410029987
88,129,34,542.469563002669
88,129,35,531.5018010005588
88,129,36,547.9049050009053
88,129,37,521.9147839998186
88,129,38,548.5078150013578
88,129,39,536.2831490019744
88,129,40,532.0914839976467
88,129,41,537.5577550003072
88,129,42,531.7866800032789
88,129,43,547.5415260007139
88,129,44,530.2914540006896
88,129,45,544.8604310004157
88,129,46,558.7186939992534
88,129,47,547.3262289997365
88,129,48,535.4366300016409
88,129,49,541.519223999785
88,129,50,544.0833989996463
88,129,51,543.3834760005993
88,129,52,554.3742820009356
88,129,53,547.2602530026052
88,129,54,563.2551119997515
88,129,55,541.7785610006831
88,129,56,547.3760579989175
88,129,57,541.3069860005635
88,129,58,554.9808280011348
88,129,59,556.6628810011025
88,129,60,550.3899099967384
88,129,61,541.1183540018101
88,129,62,541.2102469999809
88,129,63,543.5331789994962
88,129,64,533.8891100000183
88,129,65,535.4348740002024
88,129,66,533.8392359990394
88,129,67,551.6590689985605
88,129,68,535.4587590009032
88,129,69,543.5050269989006
88,129,70,546.722625997063
88,129,71,539.4691519977641
88,129,72,539.6594070007268
88,129,73,545.6118279980728
88,129,74,544.7901890001958
88,129,75,537.3290389979957
88,129,76,531.843103999563
88,129,77,539.8301349996473
88,129,78,534.8446139978478
88,129,79,548.147721998248
88,129,80,539.7437650026404
88,129,81,538.1748699983291
88,129,82,546.8875429978652
88,129,83,546.4839820015186
88,129,84,544.0878689987585
88,129,85,547.5716470027692
88,129,86,552.2896719994606
88,129,87,547.3400919981941
88,129,88,545.2082149968192
88,129,89,548.3758600021247
88,129,90,540.7720769981097
88,129,91,540.5583610008762
88,129,92,538.4348909974506
88,129,93,536.3756100014143
88,129,94,532.7662320014497
88,129,95,538.0774209988886
88,129,96,538.7226809980348
88,129,97,539.2871819967695
88,129,98,543.0769209997379
88,129,99,538.8199789995269
88,129,100,532.7311649998592
89,130,1,502.66059699788457
89,130,2,499.26123000113876
89,130,3,497.58124499931
89,130,4,516.1383970007591
89,130,5,506.09879799958435
89,130,6,499.16823400053545
89,130,7,500.06201200085343
89,130,8,507.61326599968015
89,130,9,527.2185459980392
89,130,10,551.9098559998383
89,130,11,549.4393400003901
89,130,12,571.2047900015023
89,130,13,549.3129909991694
89,130,14,550.8632339988253
89,130,15,538.6125650002214
89,130,16,547.9497249980341
89,130,17,561.0062019986799
89,130,18,553.8193859974854
89,130,19,563.7045830007992
89,130,20,532.1719810017385
89,130,21,552.6876489966526
89,130,22,546.323532002134
89,130,23,551.367896998272
89,130,24,541.7718930002593
89,130,25,553.4298910024518
89,130,26,536.5911980006786
89,130,27,542.8850249991228
89,130,28,539.8151939989475
89,130,29,551.2941580018378
89,130,30,539.6842780028237
89,130,31,548.7833879997197
89,130,32,541.101045000687
89,130,33,530.5903170010424
89,130,34,544.5574810000835
89,130,35,554.657339998812
89,130,36,522.9474780026067
89,130,37,529.4471699999121
89,130,38,537.1027190012683
89,130,39,545.0670290010748
89,130,40,549.51352399803
89,130,41,542.6472429971909
89,130,42,540.736401999311
89,130,43,542.1905699986382
89,130,44,536.4340750020347
89,130,45,542.6740939983574
89,130,46,537.2126889997162
89,130,47,541.5478089998942
89,130,48,541.6741099979845
89,130,49,530.1102419980452
89,130,50,549.8596530014765
89,130,51,542.2867390007013
89,130,52,546.6503759998886
89,130,53,528.6799030000111
89,130,54,548.6685700016096
89,130,55,549.2582780025259
89,130,56,549.2080869989877
89,130,57,546.8339460021525
89,130,58,562.920150001446
89,130,59,528.5115789993142
89,130,60,556.1348480005108
89,130,61,542.3009189980803
89,130,62,545.8587050015922
89,130,63,533.134263001557
89,130,64,535.8239269990008
89,130,65,546.4049309994152
89,130,66,530.681435000588
89,130,67,533.7275259989838
89,130,68,544.9971999987611
89,130,69,533.6254389985697
89,130,70,543.8361320011609
89,130,71,551.8099779983459
89,130,72,539.8703530008788
89,130,73,546.5043919975869
89,130,74,535.2978989976691
89,130,75,548.3691330009606
89,130,76,538.1215010020242
89,130,77,548.3798900022521
89,130,78,547.9634199982684
89,130,79,558.7557899998501
89,130,80,542.8966529980244
89,130,81,537.3787009993976
89,130,82,544.1859489983472
89,130,83,553.9558349992149
89,130,84,531.329473000369
89,130,85,555.4000119991542
89,130,86,531.9177029996354
89,130,87,542.8973029993358
89,130,88,537.9165109989117
89,130,89,537.6503290026449
89,130,90,543.2055519995629
89,130,91,549.4303519990353
89,130,92,541.4458060004108
89,130,93,531.8599460006226
89,130,94,545.0326339996536
89,130,95,541.5007310002693
89,130,96,544.3110009982774
89,130,97,555.0858850001532
89,130,98,545.1541090005776
89,130,99,548.8313380010368
89,130,100,531.7956379985844
90,131,1,513.3990869981062
90,131,2,498.92516500040074
90,131,3,501.77236500167055
90,131,4,513.2596050025313
90,131,5,499.1592070000479
90,131,6,499.68750900006853
90,131,7,500.2936939999927
90,131,8,505.92760400104453
90,131,9,508.5261839994928
90,131,10,514.8644289984077
90,131,11,581.3864350020594
90,131,12,545.2013780013658
90,131,13,547.9034269992553
90,131,14,547.8495739989739
90,131,15,539.688255998044
90,131,16,572.8410099982284
90,131,17,538.3147079992341
90,131,18,547.655628000939
90,131,19,560.8667080014129
90,131,20,536.8680950014095
90,131,21,554.7527759990771
90,131,22,536.8470749999688
90,131,23,561.9935180002358
90,131,24,551.1900829988008
90,131,25,544.2339510009333
90,131,26,539.4966789972386
90,131,27,551.3913620015956
90,131,28,540.4704130014579
90,131,29,547.2111259987287
90,131,30,538.0363050026062
90,131,31,549.6562170010293
90,131,32,531.4415210013976
90,131,33,545.2670759987086
90,131,34,537.448299000971
90,131,35,552.7936219987168
90,131,36,541.9052600009309
90,131,37,537.1906229993328
90,131,38,568.4676279997802
90,131,39,578.7101829992025
90,131,40,549.5398200000636
90,131,41,536.0706110004685
90,131,42,533.8391110017255
90,131,43,539.4475940011034
90,131,44,528.001986000163
90,131,45,537.6813860020775
90,131,46,553.4186539989605
90,131,47,545.4820990016742
90,131,48,550.8935199977714
90,131,49,543.8749519998964
90,131,50,545.8381970020127
90,131,51,530.8992890022637
90,131,52,538.9449620015512
90,131,53,543.7300849989697
90,131,54,549.8124870027823
90,131,55,548.9582900008827
90,131,56,535.0912229987443
90,131,57,541.7694039970229
90,131,58,548.2232480026141
90,131,59,546.3369259996398
90,131,60,548.8932549997116
90,131,61,529.9876569988555
90,131,62,542.443510999874
90,131,63,549.9585500001558
90,131,64,540.1839210026083
90,131,65,523.91231999718
90,131,66,547.8271939973638
90,131,67,548.0837770010112
90,131,68,541.4804640022339
90,131,69,541.8559179997828
90,131,70,533.6367380004958
90,131,71,539.9861559999408
90,131,72,545.3676079996512
90,131,73,541.8140739966475
90,131,74,555.5945650012291
90,131,75,530.9212539978034
90,131,76,542.2634319984354
90,131,77,559.0377670014277
90,131,78,540.1281590020517
90,131,79,537.2304619995703
90,131,80,539.3511619986384
90,131,81,556.2829289992806
90,131,82,543.45118999845
90,131,83,545.9315090010932
90,131,84,545.4254690012021
90,131,85,543.3205629997246
90,131,86,537.7599670027848
90,131,87,542.7802390004217
90,131,88,544.339862997731
90,131,89,549.2680219977046
90,131,90,541.288866999821
90,131,91,540.7009269983973
90,131,92,537.7547970019805
90,131,93,532.8111530034221
90,131,94,535.0863730018318
90,131,95,535.5299449984159
90,131,96,549.0876919975562
90,131,97,544.1786279989174
90,131,98,536.1579810014518
90,131,99,547.894665000058
90,131,100,543.3768590010004
91,132,1,518.6429579989635
91,132,2,507.1629119993304
91,132,3,496.99909099945216
91,132,4,507.67930199799594
91,132,5,497.02369299848215
91,132,6,507.633891000296
91,132,7,500.6070599993109
91,132,8,513.8108600003761
91,132,9,515.8121130007203
91,132,10,513.1406150030671
91,132,11,547.9503349997685
91,132,12,546.5547240019077
91,132,13,555.4311679989041
91,132,14,542.9947089978668
91,132,15,563.8773079990642
91,132,16,546.6621069972462
91,132,17,544.7909880022053
91,132,18,545.8264709996001
91,132,19,567.5191849986732
91,132,20,539.4535740015272
91,132,21,541.776869999012
91,132,22,541.7640439991374
91,132,23,546.9128559998353
91,132,24,537.2333399973286
91,132,25,555.6037640017166
91,132,26,544.6472379990155
91,132,27,540.1395810004033
91,132,28,537.0293769992713
91,132,29,550.3140440014249
91,132,30,531.0658509988571
91,132,31,533.3620140008861
91,132,32,538.6191559991858
91,132,33,538.1082659987442
91,132,34,540.166038001189
91,132,35,555.4778410005383
91,132,36,555.5497290006315
91,132,37,542.8815799969016
91,132,38,544.0050039978814
91,132,39,542.1070250013145
91,132,40,545.6313709983078
91,132,41,538.6182060028659
91,132,42,537.9490889972658
91,132,43,544.6918540001207
91,132,44,531.3145559994155
91,132,45,551.8710880023718
91,132,46,558.6779550030769
91,132,47,534.1277309998986
91,132,48,550.0237250016653
91,132,49,540.8409129995562
91,132,50,535.590391002188
91,132,51,544.3984760022431
91,132,52,543.0295250007475
91,132,53,538.2451799996488
91,132,54,537.7553719990829
91,132,55,533.9228500015452
91,132,56,542.1928399991884
91,132,57,627.4451549979858
91,132,58,550.0162989992532
91,132,59,541.6558920005627
91,132,60,539.5902349991957
91,132,61,545.2330610023637
91,132,62,542.4506170020322
91,132,63,546.224893998442
91,132,64,543.6029480006255
91,132,65,545.0198069993348
91,132,66,541.9076990001486
91,132,67,572.3648569983197
91,132,68,532.2508700010076
91,132,69,534.7714579984313
91,132,70,542.44164299962
91,132,71,574.5255589972658
91,132,72,549.9294549990736
91,132,73,536.0755600013363
91,132,74,533.2584919997316
91,132,75,542.0558149999124
91,132,76,544.1417520014511
91,132,77,540.9021390005364
91,132,78,553.2887749977817
91,132,79,549.0320540011453
91,132,80,538.5800549993291
91,132,81,543.7341959986952
91,132,82,542.7763469997444
91,132,83,554.010866999306
91,132,84,541.3236550011788
91,132,85,537.3975840011553
91,132,86,543.1963280025229
91,132,87,573.1780759997491
91,132,88,528.0056230003538
91,132,89,541.1507739991066
91,132,90,533.5774900013348
91,132,91,543.1841000026907
91,132,92,533.8350290003291
91,132,93,536.2176199996611
91,132,94,549.4882999992114
91,132,95,543.2213359999878
91,132,96,532.7499209997768
91,132,97,543.2100840007479
91,132,98,544.7357270022621
91,132,99,539.4297719976748
91,132,100,545.1988060012809
92,133,1,495.4050839987758
92,133,2,507.9749729993637
92,133,3,503.788773999986
92,133,4,498.7457059978624
92,133,5,502.95996599743376
92,133,6,505.67472699913196
92,133,7,492.1923349975259
92,133,8,510.1649680000264
92,133,9,512.2066670010099
92,133,10,521.5302969991171
92,133,11,544.9726229999214
92,133,12,569.2405009976937
92,133,13,539.6080240025185
92,133,14,553.6952699985704
92,133,15,546.5066719989409
92,133,16,554.6757820011408
92,133,17,543.5140230001707
92,133,18,558.4828660030325
92,133,19,543.5949190032261
92,133,20,547.322279002401
92,133,21,539.8984090024896
92,133,22,539.8216069988848
92,133,23,541.8825219967403
92,133,24,535.5971470016812
92,133,25,532.0090469977004
92,133,26,528.0033520029974
92,133,27,531.0909139989235
92,133,28,536.9129199971212
92,133,29,545.6550779999816
92,133,30,538.5477790005098
92,133,31,548.9360890023818
92,133,32,530.4751049989136
92,133,33,545.5689410009654
92,133,34,538.5240790019452
92,133,35,538.7482119986089
92,133,36,533.4437540004728
92,133,37,535.0879949983209
92,133,38,533.0334850004874
92,133,39,548.979290000716
92,133,40,537.1126320023905
92,133,41,547.8112650016556
92,133,42,553.848071001994
92,133,43,549.138951999339
92,133,44,534.6983300005377
92,133,45,543.9547850000963
92,133,46,541.0514830000466
92,133,47,556.8767760014453
92,133,48,531.68468000149
92,133,49,541.2921800016193
92,133,50,544.6224020015507
92,133,51,539.651048999076
92,133,52,549.301043000014
92,133,53,528.8596659993345
92,133,54,543.0179569993925
92,133,55,531.6085010017559
92,133,56,533.904187999724
92,133,57,534.4528459972935
92,133,58,532.5587359984638
92,133,59,540.7006860004913
92,133,60,532.2804950010323
92,133,61,533.1583599981968
92,133,62,549.1381790016021
92,133,63,546.6257050029526
92,133,64,539.6749610008555
92,133,65,563.7718899997708
92,133,66,539.1810809996969
92,133,67,537.1169050013123
92,133,68,543.6095330005628
92,133,69,530.2574299967091
92,133,70,535.2437260007719
92,133,71,532.4821129979682
92,133,72,539.2654060015047
92,133,73,533.7099220014352
92,133,74,552.7040080014558
92,133,75,543.5514689997945
92,133,76,549.3123390006076
92,133,77,527.1186959980696
92,133,78,546.5376700012712
92,133,79,545.3218300026492
92,133,80,544.8677409985976
92,133,81,549.9472990013601
92,133,82,620.5777079994732
92,133,83,669.1347849991871
92,133,84,599.4445690012071
92,133,85,649.8395779999555
92,133,86,713.6440909998782
92,133,87,727.7853320010763
92,133,88,560.2896090022114
92,133,89,571.6214329986542
92,133,90,553.7235629999486
92,133,91,524.1690950024349
92,133,92,547.620551998989
92,133,93,557.5848230000702
92,133,94,532.0796019987029
92,133,95,540.6834140012506
92,133,96,538.4002380014863
92,133,97,542.8498309993302
92,133,98,546.3328619989625
92,133,99,541.6008960019099
92,133,100,558.2270369995967
93,134,1,510.88268499734113
93,134,2,499.9181540006248
93,134,3,513.5465460007254
93,134,4,608.5641909994592
93,134,5,508.5617740005546
93,134,6,495.4571059970476
93,134,7,514.2384979990311
93,134,8,504.7147869991022
93,134,9,529.2687660003139
93,134,10,553.9824080005928
93,134,11,565.2085709989478
93,134,12,546.9366990000708
93,134,13,571.5617470013967
93,134,14,548.862536001252
93,134,15,564.2468360019848
93,134,16,543.4171640008572
93,134,17,556.2620830023661
93,134,18,555.358169000101
93,134,19,550.3682999988087
93,134,20,545.378629998595
93,134,21,549.5385979993443
93,134,22,538.8620230005472
93,134,23,540.0038219995622
93,134,24,540.9380799974315
93,134,25,539.0991530002793
93,134,26,534.2366240001866
93,134,27,555.9519380003621
93,134,28,540.8258070019656
93,134,29,531.2938210008724
93,134,30,537.2157870006049
93,134,31,534.3167709979753
93,134,32,537.5863589979417
93,134,33,535.6724099983694
93,134,34,538.3816030007438
93,134,35,531.5289380014292
93,134,36,548.8835560026928
93,134,37,537.6456230005715
93,134,38,543.1028649982181
93,134,39,537.726170001406
93,134,40,541.4647640027397
93,134,41,557.1545209968463
93,134,42,545.5957150006725
93,134,43,542.6984750010888
93,134,44,536.3070809980854
93,134,45,545.7176199997775
93,134,46,564.641262000805
93,134,47,534.3010640026478
93,134,48,547.8405609974288
93,134,49,549.5530269981828
93,134,50,553.9529500019853
93,134,51,539.0018500002043
93,134,52,545.9297540000989
93,134,53,546.1180889979005
93,134,54,542.795309000212
93,134,55,535.5211579990282
93,134,56,543.9204350004729
93,134,57,537.6752560005116
93,134,58,547.1455549995881
93,134,59,539.3467870017048
93,134,60,550.2726819977397
93,134,61,530.8178839986795
93,134,62,538.8276829980896
93,134,63,550.0737820002541
93,134,64,537.0980900006543
93,134,65,539.6164350022445
93,134,66,550.3924139993615
93,134,67,535.6568219976907
93,134,68,535.8864720001293
93,134,69,525.3645830016467
93,134,70,534.4980900008522
93,134,71,539.5050189981703
93,134,72,530.6658190020244
93,134,73,537.3940669996955
93,134,74,565.8949690005102
93,134,75,539.0294520002499
93,134,76,544.3986979989859
93,134,77,577.1718360010709
93,134,78,543.5203259985428
93,134,79,543.2197259979148
93,134,80,541.7437969990715
93,134,81,554.9607470020419
93,134,82,536.382110996783
93,134,83,550.887181001599
93,134,84,536.0254180013726
93,134,85,546.5588730003219
93,134,86,535.4318930003501
93,134,87,536.1029470004723
93,134,88,529.3410360027337
93,134,89,545.4181610002706
93,134,90,529.9141469986353
93,134,91,539.7726920018613
93,134,92,546.427222998318
93,134,93,559.8340860015014
93,134,94,550.3278270007286
93,134,95,549.6908960012661
93,134,96,535.0796039965644
93,134,97,545.119883998268
93,134,98,535.2127049991395
93,134,99,554.6953519988165
93,134,100,533.6476009979378
94,135,1,503.680355999677
94,135,2,494.9261750007281
94,135,3,504.13325399858877
94,135,4,504.88143500115257
94,135,5,513.2723659990006
94,135,6,507.2422160010319
94,135,7,509.68578299944056
94,135,8,509.54589499815484
94,135,9,495.2618649986107
94,135,10,539.2325350003375
94,135,11,548.902178001299
94,135,12,573.7367389992869
94,135,13,555.6800029989972
94,135,14,547.9446149984142
94,135,15,548.7553130005836
94,135,16,544.4962660003512
94,135,17,545.1013380006771
94,135,18,553.026563997264
94,135,19,540.1808610004082
94,135,20,541.6673549989355
94,135,21,550.3424380003707
94,135,22,551.0729649977293
94,135,23,541.9909709999047
94,135,24,541.8161859997781
94,135,25,555.085694999434
94,135,26,534.0652330014564
94,135,27,556.7653500002052
94,135,28,525.199118997989
94,135,29,552.6957180009049
94,135,30,555.1992559994687
94,135,31,558.3958470015205
94,135,32,535.7584459998179
94,135,33,565.3552030016726
94,135,34,547.0178530013072
94,135,35,547.810596999625
94,135,36,557.2829609991459
94,135,37,556.985025999893
94,135,38,530.8637199996156
94,135,39,545.3070449984807
94,135,40,541.2048459984362
94,135,41,551.3940990022093
94,135,42,556.701729001361
94,135,43,545.4373979991942
94,135,44,553.0224180001824
94,135,45,541.9610740027565
94,135,46,546.0117740003625
94,135,47,542.6084389982861
94,135,48,538.7101220003387
94,135,49,536.0935700009577
94,135,50,548.0994720019225
94,135,51,535.2834879995498
94,135,52,540.019153002504
94,135,53,548.5156280010415
94,135,54,542.4678109993692
94,135,55,540.9500179994211
94,135,56,539.8440850003681
94,135,57,529.7102129989071
94,135,58,551.3032999988354
94,135,59,544.5195860011154
94,135,60,532.6498030008224
94,135,61,533.3308459994441
94,135,62,544.1783030000806
94,135,63,537.960440000461
94,135,64,549.654037997243
94,135,65,529.6117759971821
94,135,66,557.9254629992647
94,135,67,536.7508190029184
94,135,68,547.8302970004734
94,135,69,548.744314997748
94,135,70,540.6662320019677
94,135,71,531.6162880008051
94,135,72,548.5513589992479
94,135,73,546.6350620008598
94,135,74,560.2516539984208
94,135,75,557.6275649982563
94,135,76,555.772681000235
94,135,77,545.7903370006534
94,135,78,547.7844910019485
94,135,79,534.9664290006331
94,135,80,536.2445550017583
94,135,81,539.5491300005233
94,135,82,541.2361970011261
94,135,83,537.6873479981441
94,135,84,540.166210001189
94,135,85,525.6067069967685
94,135,86,541.2929269987217
94,135,87,541.010118999111
94,135,88,548.980366998876
94,135,89,544.5636040021782
94,135,90,528.7179150000156
94,135,91,546.3080350018572
94,135,92,552.2248730012507
94,135,93,535.7658190005168
94,135,94,534.0130619988486
94,135,95,531.5392450029321
94,135,96,538.7458089971915
94,135,97,547.7901969970844
94,135,98,542.3352819998399
94,135,99,546.3497759992606
94,135,100,533.482234000985
95,136,1,504.04739799705567
95,136,2,515.5020949969185
95,136,3,501.53061599849025
95,136,4,503.3515000031912
95,136,5,503.9273360016523
95,136,6,505.37861500197323
95,136,7,494.32607400012785
95,136,8,496.3033309977618
95,136,9,510.8508029989025
95,136,10,543.871999001567
95,136,11,552.5875630009978
95,136,12,541.3832920021378
95,136,13,549.9629280020599
95,136,14,549.8030759990797
95,136,15,535.5858920011087
95,136,16,551.6244770005869
95,136,17,544.0315369996824
95,136,18,638.6420109993196
95,136,19,551.4788979999139
95,136,20,548.2444260014745
95,136,21,543.8622390029195
95,136,22,557.3670769990713
95,136,23,541.622239001299
95,136,24,549.5852089989057
95,136,25,538.4487330011325
95,136,26,547.7038150020235
95,136,27,527.4789879986201
95,136,28,535.0034559996857
95,136,29,539.1443359985715
95,136,30,533.5346969986858
95,136,31,539.1731199997594
95,136,32,547.701995998068
95,136,33,532.70803399937
95,136,34,543.7146770018444
95,136,35,532.6149129978148
95,136,36,547.6950320007745
95,136,37,542.5520200005849
95,136,38,533.255875998293
95,136,39,543.1732280012511
95,136,40,535.5205259984359
95,136,41,548.3512909995625
95,136,42,547.9660090022662
95,136,43,535.733942000661
95,136,44,545.337526997173
95,136,45,549.4565599983616
95,136,46,545.9430779992545
95,136,47,565.0391599992872
95,136,48,553.9775090001058
95,136,49,534.3432139998185
95,136,50,541.1426099999517
95,136,51,561.2180809985148
95,136,52,550.6509509978059
95,136,53,550.6949410009838
95,136,54,548.2824499995331
95,136,55,558.7595969991526
95,136,56,548.9471539985971
95,136,57,530.4364830008126
95,136,58,538.6715739987267
95,136,59,548.7064389999432
95,136,60,549.7293139997055
95,136,61,530.6818810022378
95,136,62,554.6311809994222
95,136,63,541.1437040020246
95,136,64,535.3161820021342
95,136,65,535.025516001042
95,136,66,524.1554450003605
95,136,67,551.1861129998579
95,136,68,537.8193350006768
95,136,69,544.6484989988676
95,136,70,547.9965179983992
95,136,71,543.9564980006253
95,136,72,544.1584309992322
95,136,73,547.1258750003472
95,136,74,539.2548380004882
95,136,75,540.2615489983873
95,136,76,539.9170180025976
95,136,77,552.2445559981861
95,136,78,547.1652159976657
95,136,79,545.6450860001496
95,136,80,543.4660639984941
95,136,81,545.245673001773
95,136,82,542.3569470003713
95,136,83,544.7313340009714
95,136,84,551.6630660022201
95,136,85,535.456098998111
95,136,86,545.3137850017811
95,136,87,542.6205690018833
95,136,88,549.3598450011632
95,136,89,539.8042689994327
95,136,90,547.9662020006799
95,136,91,539.7640510018391
95,136,92,548.2567999970342
95,136,93,552.6711179991253
95,136,94,544.2806510000082
95,136,95,538.3306489966344
95,136,96,537.4862540011236
95,136,97,551.8187769994256
95,136,98,544.0418830003182
95,136,99,542.4992570005998
95,136,100,539.6465740013809
96,137,1,503.19513299837126
96,137,2,507.1522449979966
96,137,3,506.94592999934684
96,137,4,502.3507529986091
96,137,5,512.3263770001358
96,137,6,505.20913999935146
96,137,7,515.1877639982558
96,137,8,501.12692300172057
96,137,9,511.1316649999935
96,137,10,544.7456939982658
96,137,11,556.2241619991255
96,137,12,551.9438490009634
96,137,13,556.282926001586
96,137,14,543.9198710009805
96,137,15,567.825983001967
96,137,16,534.8009879999154
96,137,17,552.3319620006077
96,137,18,538.0685050004104
96,137,19,549.4870459988306
96,137,20,544.1163770010462
96,137,21,542.9715200007195
96,137,22,541.7153060006967
96,137,23,535.3687070019078
96,137,24,556.6028140019625
96,137,25,537.2091809986159
96,137,26,537.69058999751
96,137,27,557.591954999225
96,137,28,544.6555090020411
96,137,29,529.2153770024015
96,137,30,538.4789950003324
96,137,31,531.2738530010392
96,137,32,532.2485449978558
96,137,33,534.5202179996704
96,137,34,540.3103950011428
96,137,35,548.8110379992577
96,137,36,551.17884900028
96,137,37,538.4625619990402
96,137,38,540.0717289994645
96,137,39,532.6015200007532
96,137,40,536.1169390016585
96,137,41,538.839447999635
96,137,42,543.0201550007041
96,137,43,537.8453089979303
96,137,44,537.8355749999173
96,137,45,541.0586879988841
96,137,46,564.9257299992314
96,137,47,539.431377001165
96,137,48,555.1602049999929
96,137,49,542.2121029987466
96,137,50,548.7938369988115
96,137,51,557.8902570014179
96,137,52,550.3319420022308
96,137,53,534.9727469983918
96,137,54,546.8514239983051
96,137,55,554.9648580017674
96,137,56,538.00117100036
96,137,57,528.2497560001502
96,137,58,542.8529739983787
96,137,59,546.4432990011119
96,137,60,539.8160719996667
96,137,61,543.4965339991322
96,137,62,543.3410380028363
96,137,63,535.5986400027177
96,137,64,539.0636080010154
96,137,65,535.7445589979761
96,137,66,548.3926439992501
96,137,67,575.0505089999933
96,137,68,533.5863739965134
96,137,69,536.9734830019297
96,137,70,549.4582770006673
96,137,71,716.2639610032784
96,137,72,538.0434740000055
96,137,73,569.2969109986734
96,137,74,531.189445999189
96,137,75,541.1166950034385
96,137,76,542.061644999194
96,137,77,530.9819380017871
96,137,78,543.2711370012839
96,137,79,549.1408570014755
96,137,80,543.1107990007149
96,137,81,542.3875570013479
96,137,82,537.545344002865
96,137,83,544.8163120017853
96,137,84,536.0331219999352
96,137,85,553.497024000535
96,137,86,549.4090329993924
96,137,87,543.8145609987259
96,137,88,547.104171000683
96,137,89,538.8300830018125
96,137,90,540.4506169979868
96,137,91,542.2514019992377
96,137,92,539.8603180001373
96,137,93,561.9663580000633
96,137,94,552.1454049994645
96,137,95,543.7497130005795
96,137,96,543.6014150000119
96,137,97,551.7177799993078
96,137,98,547.5076010006887
96,137,99,540.6953749989043
96,137,100,549.0103750016715
97,138,1,517.7101320005022
97,138,2,493.03250500088325
97,138,3,501.7020039995259
97,138,4,502.5513940017845
97,138,5,506.34895599796437
97,138,6,503.5720859996218
97,138,7,508.51001699993503
97,138,8,498.40969599972595
97,138,9,507.1714149999025
97,138,10,520.8166560005338
97,138,11,553.5850939995726
97,138,12,552.8650369997195
97,138,13,571.0065829989617
97,138,14,564.4351700029802
97,138,15,559.9547800011351
97,138,16,551.2361120017886
97,138,17,553.9371769991703
97,138,18,550.8119789992634
97,138,19,545.1422349979111
97,138,20,544.6034200031136
97,138,21,545.2714320017549
97,138,22,537.3296549987572
97,138,23,549.6762239999953
97,138,24,538.3901650020562
97,138,25,536.757096000656
97,138,26,542.0338149997406
97,138,27,541.8281189995469
97,138,28,534.6543660016323
97,138,29,541.5264920011396
97,138,30,558.2394900011423
97,138,31,535.2407499995024
97,138,32,546.3207339998917
97,138,33,539.0969460022461
97,138,34,536.3288830012607
97,138,35,534.3472319982538
97,138,36,539.2203839983267
97,138,37,530.533141001797
97,138,38,548.7697440003103
97,138,39,535.088660002657
97,138,40,551.921730999311
97,138,41,543.9619719982147
97,138,42,560.2866059998632
97,138,43,547.1077490001335
97,138,44,548.8985900010448
97,138,45,538.3364929984964
97,138,46,575.6400790014595
97,138,47,541.104619998805
97,138,48,542.1520809977665
97,138,49,539.6960430007312
97,138,50,549.095391001174
97,138,51,547.4605680028617
97,138,52,534.3192309992446
97,138,53,537.8842739992251
97,138,54,544.8137370003678
97,138,55,531.5096970007289
97,138,56,546.7684279974492
97,138,57,547.7258210012224
97,138,58,549.8257109975384
97,138,59,548.5182709999208
97,138,60,546.2037840006815
97,138,61,537.531936999585
97,138,62,543.6733419992379
97,138,63,537.3810999990383
97,138,64,550.1247259999218
97,138,65,540.3046530009306
97,138,66,540.192627999204
97,138,67,535.2935310002067
97,138,68,535.6929769986891
97,138,69,550.5130080018716
97,138,70,616.4552559966978
97,138,71,554.9484500006656
97,138,72,537.3816020000959
97,138,73,547.918975000357
97,138,74,544.741821999196
97,138,75,544.1705559969705
97,138,76,542.3808019986609
97,138,77,539.9655459987116
97,138,78,550.0616380013525
97,138,79,546.4644960011356
97,138,80,535.8845139999175
97,138,81,546.336777999386
97,138,82,535.9577969975362
97,138,83,545.3580409994174
97,138,84,535.2332450020185
97,138,85,547.3204640002223
97,138,86,536.1256630021671
97,138,87,556.8676860020787
97,138,88,532.7199810017191
97,138,89,541.882061999786
97,138,90,578.5937100008596
97,138,91,578.4970300010173
97,138,92,549.7298539994517
97,138,93,545.201362001535
97,138,94,537.7716799994232
97,138,95,544.532806998177
97,138,96,552.5514239998301
97,138,97,549.5912559999852
97,138,98,553.7057879992062
97,138,99,557.5862290024816
97,138,100,560.2992060012184
98,139,1,511.10808800149243
98,139,2,501.3037280004937
98,139,3,509.5311849981954
98,139,4,509.68390200068825
98,139,5,506.25960400066106
98,139,6,510.8521660004044
98,139,7,529.4487249993836
98,139,8,501.05335300031584
98,139,9,508.8842939985625
98,139,10,519.5840259984834
98,139,11,546.3775759999407
98,139,12,555.6294180023542
98,139,13,542.3977380014549
98,139,14,552.6682880008593
98,139,15,546.4268320029078
98,139,16,542.8401070021209
98,139,17,564.5303970013629
98,139,18,547.0056930025748
98,139,19,549.0464360009355
98,139,20,561.8063980000443
98,139,21,555.3202579976642
98,139,22,535.3502329999174
98,139,23,542.6507310003217
98,139,24,522.7307890017983
98,139,25,541.4470479990996
98,139,26,543.032380999648
98,139,27,547.1725250026793
98,139,28,536.2679039972136
98,139,29,546.3468839989218
98,139,30,538.1728419997671
98,139,31,555.3205309988698
98,139,32,617.4094359994342
98,139,33,545.2856670017354
98,139,34,535.4741289993399
98,139,35,538.6991900013527
98,139,36,538.0971819977276
98,139,37,539.0604549975251
98,139,38,528.2296590012265
98,139,39,525.8553569983633
98,139,40,558.3601810030814
98,139,41,545.9850570005074
98,139,42,537.2056779997365
98,139,43,549.1814230008458
98,139,44,549.6827959977963
98,139,45,536.6290470010426
98,139,46,547.3274169999058
98,139,47,540.0072880001971
98,139,48,544.2810159984219
98,139,49,545.2403569979651
98,139,50,546.7822530008561
98,139,51,540.2637340012006
98,139,52,549.5625699986704
98,139,53,531.4816940008313
98,139,54,556.0264840023592
98,139,55,531.5730389993405
98,139,56,531.7804539990902
98,139,57,533.4126540001307
98,139,58,543.564752999373
98,139,59,526.6913880004722
98,139,60,552.88272100006
98,139,61,538.0134919978445
98,139,62,540.0309890028439
98,139,63,552.2651969986327
98,139,64,541.1958819968277
98,139,65,526.3560120001785
98,139,66,537.1576020006614
98,139,67,535.4458630026784
98,139,68,537.7099279976392
98,139,69,529.6610750010586
98,139,70,535.3838090013596
98,139,71,548.7215309985913
98,139,72,546.7198730002565
98,139,73,530.0344660026894
98,139,74,543.4189900006459
98,139,75,541.3114769980893
98,139,76,534.913059000246
98,139,77,548.3919049984252
98,139,78,544.3154530003085
98,139,79,544.7101089994248
98,139,80,535.3911300007894
98,139,81,533.3965530007845
98,139,82,534.9200899981952
98,139,83,566.559191000124
98,139,84,536.30006000094
98,139,85,543.3220700033417
98,139,86,534.2824590006785
98,139,87,554.2602869973052
98,139,88,535.0614269991638
98,139,89,547.9108319996158
98,139,90,534.5390040019993
98,139,91,552.596289999201
98,139,92,543.3153020021564
98,139,93,539.699593999103
98,139,94,537.3665539991634
98,139,95,544.2455209995387
98,139,96,536.1456130012812
98,139,97,546.9267970001965
98,139,98,543.8211260006938
98,139,99,538.811287999124
98,139,100,542.6768239994999
99,140,1,509.72967500274535
99,140,2,501.88754800183233
99,140,3,511.2568910008122
99,140,4,512.4072299986437
99,140,5,542.5004879980406
99,140,6,518.3809180016397
99,140,7,502.28270599836833
99,140,8,512.473538001359
99,140,9,504.2291860008845
99,140,10,548.4969489989453
99,140,11,551.7780949994631
99,140,12,559.0447289978329
99,140,13,542.3238260009384
99,140,14,558.6700379972172
99,140,15,552.4001229969144
99,140,16,549.4366510029067
99,140,17,551.0632680015988
99,140,18,547.8836969996337
99,140,19,530.4408060001151
99,140,20,536.7998360015918
99,140,21,546.491100001731
99,140,22,544.6865949998028
99,140,23,548.8942470001348
99,140,24,537.4802510013978
99,140,25,545.9369120035262
99,140,26,541.3662779974402
99,140,27,535.0825569985318
99,140,28,542.7734460026841
99,140,29,635.1535309986502
99,140,30,542.1156949996657
99,140,31,543.3849020009802
99,140,32,547.2393290001492
99,140,33,558.2037450003554
99,140,34,532.0146189988009
99,140,35,558.2320479988994
99,140,36,544.948716997169
99,140,37,542.1250430008513
99,140,38,541.7976749995432
99,140,39,552.3956659999385
99,140,40,551.0320529974706
99,140,41,549.512337998749
99,140,42,538.8309020017914
99,140,43,544.0510929984157
99,140,44,541.7422509999597
99,140,45,542.2572629977367
99,140,46,551.9268210009614
99,140,47,536.7226439993829
99,140,48,537.34075200191
99,140,49,538.66852200008
99,140,50,548.8633370005118
99,140,51,537.3681470009615
99,140,52,544.0913330021431
99,140,53,553.3069909979531
99,140,54,535.1319319997856
99,140,55,575.1088510005502
99,140,56,530.469653000182
99,140,57,554.9775819999923
99,140,58,540.1266959997884
99,140,59,554.9843890003103
99,140,60,545.601310001075
99,140,61,544.9533249993692
99,140,62,552.5329810006951
99,140,63,530.7279339976958
99,140,64,554.2989360001229
99,140,65,538.6283959996945
99,140,66,546.9710610013863
99,140,67,540.4597800006741
99,140,68,552.8736189990013
99,140,69,545.3526749988669
99,140,70,550.6361779989675
99,140,71,546.4593140022771
99,140,72,553.6404790000233
99,140,73,556.6360160009935
99,140,74,532.379893000325
99,140,75,534.0735720019438
99,140,76,541.6137440006423
99,140,77,554.7061760007637
99,140,78,542.4711619998561
99,140,79,543.3980570014683
99,140,80,546.1828910010809
99,140,81,550.2022040018346
99,140,82,533.4067969997704
99,140,83,547.2975759985275
99,140,84,547.3883350023243
99,140,85,543.0010989985021
99,140,86,547.9298019999987
99,140,87,541.4322869983152
99,140,88,550.7107900011761
99,140,89,555.520529000205
99,140,90,550.2910459981649
99,140,91,543.2163039986335
99,140,92,549.237703999097
99,140,93,538.2070349987771
99,140,94,532.6798870009952
99,140,95,559.6106560005865
99,140,96,531.6996419969655
99,140,97,546.1636359978002
99,140,98,537.8536970019923
99,140,99,562.9129820008529
99,140,100,546.6354680029326
100,141,1,506.1879989989393
100,141,2,509.8996199994872
100,141,3,495.1771699998062
100,141,4,510.25006100098835
100,141,5,518.3999920009228
100,141,6,517.9729590017814
100,141,7,513.4127999990596
100,141,8,503.22465999852284
100,141,9,508.30131899783737
100,141,10,513.7513429981482
100,141,11,547.6765120001801
100,141,12,550.573815999087
100,141,13,538.2784700013872
100,141,14,558.4521380005754
100,141,15,565.8442540006945
100,141,16,751.8429820011079
100,141,17,642.3082020010042
100,141,18,628.6625479988288
100,141,19,617.6232990001154
100,141,20,631.1929520015838
100,141,21,626.2358809981379
100,141,22,635.5634620013006
100,141,23,637.9405879997648
100,141,24,647.1825829976297
100,141,25,642.5483349994465
100,141,26,643.5168820025865
100,141,27,604.9564060012926
100,141,28,623.6730800010264
100,141,29,648.2047190002049
100,141,30,648.8042220007628
100,141,31,613.1068430004234
100,141,32,634.4158810024965
100,141,33,642.843122001068
100,141,34,607.5646200006304
100,141,35,635.8183509983064
100,141,36,628.395060000912
100,141,37,631.2175470011425
100,141,38,642.0348699975875
100,141,39,639.9449040000036
100,141,40,623.9539710004465
100,141,41,640.1512939992244
100,141,42,648.2576469970809
100,141,43,646.9123370006855
100,141,44,626.4550139967469
100,141,45,648.3842130000994
100,141,46,672.6415860030102
100,141,47,633.497521001118
100,141,48,629.7020210004121
100,141,49,625.5121920003148
100,141,50,608.2262069976423
100,141,51,642.8698310010077
100,141,52,635.1462040001934
100,141,53,628.1195110022963
100,141,54,637.6636490022065
100,141,55,680.102395999711
100,141,56,632.6231179991737
100,141,57,625.5649750019074
100,141,58,649.4967190010357
100,141,59,635.467988999153
100,141,60,631.8029579997528
100,141,61,630.3676480019931
100,141,62,648.7286129995482
100,141,63,623.9361430016288
100,141,64,645.3655040022568
100,141,65,627.8417650028132
100,141,66,640.9926750020531
100,141,67,691.2881720018049
100,141,68,632.6549339974008
100,141,69,661.8426940003701
100,141,70,632.6311209995765
100,141,71,641.89052599977
100,141,72,680.2241650002543
100,141,73,635.4430629980925
100,141,74,652.3338850020082
100,141,75,636.9107879982039
100,141,76,631.232829997316
100,141,77,620.9688240014657
100,141,78,631.3182569974742
100,141,79,627.8825369990955
100,141,80,640.522392001003
100,141,81,623.3665040017513
100,141,82,635.3108319999592
100,141,83,644.0887909993762
100,141,84,637.3144019999017
100,141,85,643.282745997567
100,141,86,633.3274220014573
100,141,87,635.4229299977305
100,141,88,621.8484540004283
100,141,89,682.7998689986998
100,141,90,619.5886259993131
100,141,91,640.5246600006649
100,141,92,638.4610489985789
100,141,93,641.7627350019757
100,141,94,619.8240330013505
100,141,95,616.9965000008233
100,141,96,629.5523959997809
100,141,97,619.9351169998408
100,141,98,634.5326449991262
100,141,99,628.8311909993354
100,141,100,660.6225109972002
