step,reward,success,latency_ms,eef_x,eef_y,eef_z,nut_x,nut_y,nut_z,eef_nut_distance,action_dx,action_dy,action_dz,action_rx,action_ry,action_rz,action_gripper
1,0.0040133407607339635,0,74.0535550000061,-0.09826773524941408,0.003934124816885597,1.0102820855650485,-0.11120956105671527,0.1507704862897102,0.8782523388503831,0.1978895194883833,0.16312438249588013,0.11154566705226898,0.042731113731861115,0.00569466408342123,0.12254214286804199,0.038336481899023056,-0.9962319135665894
2,0.0025264237489226685,0,1.2241969999990943,-0.09843736063328959,0.006192616362955653,1.0087950199462816,-0.11120953500452484,0.1507704814383089,0.8422845175908216,0.2208882860239174,0.16115093231201172,0.2195902317762375,-0.04436773806810379,0.006672352086752653,0.12250290811061859,0.029898781329393387,-0.999891459941864
3,0.0020207261767222983,0,0.8110260000080416,-0.09672097198468442,0.010234356863890794,1.0065808917145258,-0.11121030558176961,0.15077062493409282,0.8222350578369986,0.23225798134657974,0.35698071122169495,0.5294971466064453,-0.1484082192182541,-0.0016548059647902846,0.11280089616775513,0.03885025531053543,-1.0
4,0.0024286594718091583,0,1.0779719999902682,-0.09298899835462474,0.01579736071648383,1.003547626611401,-0.11121132138375109,0.15077081409527385,0.8260445308020253,0.22373474293342688,0.46882057189941406,0.6485095620155334,-0.1904093623161316,-0.00643922807648778,0.11253134161233902,0.010707874782383442,-1.0
5,0.002890246213481995,0,1.4653089999967506,-0.08820653474461544,0.022241694625332684,1.0000732917070938,-0.11121194541109297,0.150770930300746,0.8280573065304366,0.215959515880952,0.4630092978477478,0.6395601630210876,-0.2260141670703888,-0.006678938400000334,0.10256140679121017,0.010913814418017864,-1.0
6,0.0034153504868391195,0,1.5465090000077453,-0.08291317556097408,0.029253236201621943,0.9963315721935286,-0.11121228463038679,0.15077099346967393,0.8290401016066736,0.20869557023734905,0.4641335606575012,0.6374645829200745,-0.26597777009010315,-0.007299617864191532,0.09261822700500488,0.004563016816973686,-1.0
7,0.004026661141660603,0,1.281728999998677,-0.07729352313470998,0.036658285754482156,0.9923117333941891,-0.11121245160681847,0.15077102456378447,0.8295147360039338,0.2016806218419084,0.46282142400741577,0.6312255859375,-0.29919248819351196,-0.0075736274011433125,0.08307290077209473,-0.0009259131620638072,-1.0
8,0.004742355173345536,0,1.264108000015085,-0.0715026645587051,0.044304405882451374,0.9880128967519691,-0.1112125312538484,0.1507710393955396,0.8297477577618269,0.194832933007039,0.4565635025501251,0.6185585856437683,-0.32795771956443787,-0.007752045523375273,0.0737995058298111,-0.004265442490577698,-1.0
9,0.005578125390972799,0,1.2906580000162649,-0.06567279464056892,0.05203661972728374,0.9834083820129904,-0.11121257024936862,0.15077104665722915,0.8298635365902832,0.1881445661707178,0.4429244101047516,0.6004671454429626,-0.360046923160553,-0.007910043932497501,0.06426799297332764,-0.006338552571833134,-1.0
10,0.006548365281049018,0,1.742887999995446,-0.05992534708700986,0.05973212467140987,0.9784816452239368,-0.11121258952371273,0.15077105024646972,0.8299212852772511,0.18162777252972973,0.4237283766269684,0.5778830051422119,-0.38830214738845825,-0.007822378538548946,0.05568615719676018,-0.006051863078027964,-1.0
11,0.007663228066212103,0,1.1207699999999932,-0.05434990276077983,0.06728198870233833,0.9732491138513075,-0.11121259907983382,0.15077105202599683,0.8299501279741519,0.17532367005272295,0.40146517753601074,0.5518890619277954,-0.4136393666267395,-0.007340556476265192,0.047512345016002655,-0.0066925049759447575,-1.0
12,0.00892908663275438,0,1.374343999998473,-0.04904458768898492,0.07460505118617476,0.9677485342220575,-0.1112126038230002,0.1507710529092624,0.829964541019854,0.169264735935355,0.3719122111797333,0.5214161276817322,-0.43333700299263,-0.0060044233687222,0.04047369956970215,-0.007108466234058142,-1.0
13,0.010349502297234659,0,2.3315660000093885,-0.04409358368665491,0.08162660278349958,0.962017992250926,-0.11121260617833097,0.1507710533478687,0.8299717450042527,0.16346904794491268,0.33777397871017456,0.48793208599090576,-0.4519922137260437,-0.004782645031809807,0.03400396555662155,-0.005910515785217285,-1.0
14,0.011747271505102064,0,1.104451000003337,-0.040256918109966316,0.08680500151340907,0.9564506147852887,-0.11121260734816055,0.15077105356571266,0.8299753460971736,0.15850034460579607,0.08255292475223541,0.23299528658390045,-0.47089219093322754,-0.0008978040423244238,-0.0014455009950324893,-0.06720349192619324,-1.0
15,0.013143729878657907,0,1.233944000006204,-0.037499087674356564,0.0907526449037766,0.951120821490735,-0.11121260792923787,0.15077105367392,0.8299771462823251,0.1539859815134726,0.0671544224023819,0.21045231819152832,-0.46347299218177795,0.00024215318262577057,-0.004688604734838009,-0.061509907245635986,-1.0
16,0.014652422477665539,0,1.379640999999765,-0.0353749245429226,0.09427088465121343,0.9457727354812892,-0.11121259529999623,0.15077105132212087,0.8299782405892434,0.1495058065327318,0.05332007631659508,0.19146119058132172,-0.45465826988220215,0.0015231750439852476,-0.007200750056654215,-0.055818527936935425,-1.0
17,0.016281675404153307,0,1.4721709999889754,-0.033732643883797014,0.09741134376448866,0.9404173540863507,-0.11121260099348876,0.15077105238235483,0.8299786070540083,0.14507625272103283,0.04044405370950699,0.17267698049545288,-0.44195830821990967,0.002180771203711629,-0.010159113444387913,-0.05031149089336395,-1.0
18,0.018008076918745432,0,1.3123680000148852,-0.03244986266106062,0.10018538678541927,0.935149364627758,-0.11121261580252012,0.15077105514007128,0.8299788031614278,0.1407953412739657,0.02736084908246994,0.15331725776195526,-0.4249282777309418,0.001804834115318954,-0.013586224988102913,-0.04319663345813751,-1.0
19,0.01981156144801981,0,2.4722020000069733,-0.03146244009177965,0.10260328982239036,0.9300234869653408,-0.11121262593559307,0.15077105702703755,0.8299792593774016,0.1367079859162267,0.016566136851906776,0.1348288357257843,-0.40719422698020935,0.0012638189364224672,-0.016285819932818413,-0.036941658705472946,-0.9999999403953552
20,0.021674713491757015,0,1.455103000012059,-0.030716560853355595,0.10469307431697156,0.9250705463101407,-0.11121261731152977,0.15077105542107694,0.8299791061707515,0.13283515135584745,0.008634494617581367,0.1181807741522789,-0.3880784213542938,0.0004381034232210368,-0.01850898005068302,-0.031910914927721024,-0.9999998807907104
21,0.02357881481684726,0,1.4080010000157017,-0.030152311346259477,0.10650254261812335,0.9203171658819567,-0.11121261288132538,0.1507710545960906,0.8299790260549555,0.12919540682664396,0.003955552354454994,0.10411862283945084,-0.3683079183101654,0.00027808547019958496,-0.021003389731049538,-0.028712552040815353,-0.9999997615814209
22,0.025506606234826368,0,2.0253459999821644,-0.02972363633787407,0.10807390489906961,0.9157757564697186,-0.11121261067870225,0.1507710541859213,0.8299789859659762,0.12579580805899576,0.0017717331647872925,0.0908094197511673,-0.3483976721763611,0.0004995790659449995,-0.023057200014591217,-0.026803039014339447,-0.9999995231628418
23,0.027438675698741446,0,1.6818499999828873,-0.029398220087010183,0.10942844134695393,0.9114539215802928,-0.1112126095841808,0.15077105398210117,0.829978965916988,0.12264165013824649,0.0010039206827059388,0.0780656486749649,-0.32815489172935486,0.0005690398975275457,-0.024661699309945107,-0.025106241926550865,-0.9999990463256836
24,0.029352432734437453,0,1.4432830000146168,-0.029142270837017495,0.11058127019300476,0.9073586816371002,-0.11121260904029916,0.1507710538808202,0.8299789558903404,0.11974297926107479,0.001023422577418387,0.06515141576528549,-0.30885472893714905,0.0009042972233146429,-0.02666877955198288,-0.023917708545923233,-0.9999980330467224
25,0.031224009571166222,0,1.3830339999856278,-0.028931482995689987,0.11151768613002064,0.903486959332884,-0.11121260877003747,0.15077105383049244,0.8299789508759527,0.1171086582701156,0.0007786171627230942,0.052298881113529205,-0.29084303975105286,0.0002676676958799362,-0.02840777300298214,-0.02350449375808239,-0.9999961853027344
26,0.033038973256565234,0,1.5822729999968033,-0.02875738772594097,0.11225102949852216,0.8998301128804367,-0.11121260863574102,0.15077105380548406,0.8299789483682324,0.11472506662279125,0.0005393027677200735,0.040440402925014496,-0.2737219035625458,-0.00011588074266910553,-0.029826557263731956,-0.023076288402080536,-0.9999927282333374
27,0.03480094161889402,0,1.9684270000084325,-0.02863311150357755,0.11282013324220397,0.8963650839481833,-0.1112126085690074,0.150771053793057,0.8299789471141122,0.11254672305308804,-0.0006335563375614583,0.030201761052012444,-0.2587917745113373,-0.0001158304512500763,-0.03016977198421955,-0.022840913385152817,-0.9999864101409912
28,0.036509079197843665,0,1.6160309999975198,-0.02855807941802465,0.11325375907473903,0.8930760727537292,-0.11121260853584661,0.1507710537868818,0.8299789464869236,0.11054666855828749,-0.0022579114884138107,0.02348690666258335,-0.2449188083410263,-0.0003046765923500061,-0.030503008514642715,-0.02318115159869194,-0.9999750852584839
29,0.038151858368476926,0,1.1909579999951347,-0.028510803734898,0.11356342710696418,0.8899552904570979,-0.11121260851936861,0.15077105378381325,0.8299789461732656,0.10872514829231199,-0.004220650531351566,0.018334655091166496,-0.23308926820755005,-0.0005987416370771825,-0.031625278294086456,-0.024975206702947617,-0.9999547004699707
30,0.039731634750866954,0,2.317809000004445,-0.02848905137312612,0.11377405066130271,0.88698542919158,-0.11121258507118673,0.15077104941732666,0.8299798158765755,0.10705886648880239,-0.007006612606346607,0.014546176418662071,-0.22286024689674377,-0.000784345727879554,-0.03256013244390488,-0.025944534689188004,-0.9999175667762756
31,0.041255283450617845,0,1.1341719999791167,-0.028506394160834257,0.11388685267622152,0.884139418543471,-0.11121259604263763,0.15077105146041442,0.8299794022885971,0.10551808996752014,-0.012197436764836311,0.010332716628909111,-0.2156093865633011,-0.001525283558294177,-0.03324621170759201,-0.027237463742494583,-0.9998518824577332
32,0.0427458109656934,0,1.1635689999991428,-0.02860103257404848,0.11389751764166245,0.8813779915891989,-0.11121260230490197,0.1507710526265643,0.8299791741397781,0.10404887058914834,-0.020923994481563568,0.005092427600175142,-0.21145719289779663,-0.0024766759015619755,-0.0328657403588295,-0.028550991788506508,-0.9997358918190002
33,0.04421550450140926,0,1.2497769999981756,-0.028789724701400673,0.11381536017068142,0.8786806807736218,-0.1112126054232571,0.15077105320725984,0.8299790599619649,0.10262115953342957,-0.029590902850031853,-0.00025350216310471296,-0.20790454745292664,-0.0031767026521265507,-0.03265833854675293,-0.029764721170067787,-0.9995322227478027
34,0.04566725883681492,0,6.127182000000175,-0.029075447298781257,0.11365210562832909,0.8760400371143402,-0.11121260697286886,0.1507710534958263,0.8299790028914593,0.10122227108595194,-0.0380190834403038,-0.004930787719786167,-0.20442792773246765,-0.003850401844829321,-0.032301731407642365,-0.030860979110002518,-0.9991764426231384
35,0.04709975778431019,0,1.7832519999956276,-0.029453799977948426,0.1134186437466807,0.8734519249508601,-0.11121260774289447,0.15077105363921936,0.8299789743658622,0.09984789734637024,-0.04384910687804222,-0.008927595801651478,-0.20021690428256989,-0.004594273399561644,-0.03145180642604828,-0.03172014653682709,-0.9985660314559937
36,0.04851556631786119,0,1.9463909999899442,-0.029909770656719882,0.11314073977487345,0.8709074029958029,-0.11121260812553188,0.15077105371047353,0.8299789601078831,0.0984953265114726,-0.04936496168375015,-0.011991576291620731,-0.1977034956216812,-0.004940400831401348,-0.03082158975303173,-0.03150443732738495,-0.9975498914718628
37,0.049917607619000194,0,1.862485000003744,-0.030424424651687033,0.11284781548936836,0.8683979769053698,-0.11121260831567024,0.1507710537458808,0.8299789529812963,0.09716441745239984,-0.05440288409590721,-0.014678692445158958,-0.19536545872688293,-0.0049650827422738075,-0.02996482141315937,-0.03046247363090515,-0.995840311050415
38,0.051299784350178484,0,1.7285179999930733,-0.030992255419519076,0.1125353519589308,0.8659181600480647,-0.11121260841015292,0.15077105376347516,0.8299789494192003,0.09585875435792922,-0.05917241424322128,-0.017976775765419006,-0.19380633533000946,-0.005207814741879702,-0.029422780498862267,-0.029364557936787605,-0.992999255657196
39,0.05264909769468136,0,1.0755080000137696,-0.031608814088073665,0.11218618192942525,0.8634633274606316,-0.11121260845710282,0.15077105377221808,0.8299789476387494,0.09458731471570328,-0.0637105405330658,-0.020844072103500366,-0.1927785724401474,-0.00571330776438117,-0.029149694368243217,-0.02858530730009079,-0.9883055686950684
40,0.05396569957961859,0,1.5146620000052735,-0.03226847840128767,0.11181397915242189,0.8610240811238195,-0.11121260848043295,0.1507710537765626,0.8299789467488209,0.09334682482862283,-0.0657246857881546,-0.022444579750299454,-0.19180600345134735,-0.005933297798037529,-0.02844940684735775,-0.027361534535884857,-0.980347752571106
41,0.055231721633317604,0,1.2320189999854847,-0.03294726677219585,0.11142344727269089,0.8586035190241732,-0.11121260849202605,0.15077105377872144,0.8299789463040048,0.09215782123991115,-0.06633162498474121,-0.022484518587589264,-0.19003300368785858,-0.006391363684087992,-0.02837277390062809,-0.02679961733520031,-0.9667526483535767
42,0.05642121312040042,0,1.2550520000047527,-0.03362232435061155,0.11100565417777164,0.8562065080068497,-0.11121260849778689,0.15077105377979422,0.8299789460816708,0.09104627506980745,-0.06535732001066208,-0.022800173610448837,-0.18808163702487946,-0.007299776189029217,-0.028294727206230164,-0.025858892127871513,-0.9437939524650574
43,0.05751450337642943,0,1.523216999999022,-0.03427336030732407,0.11054399741819138,0.8538124869210317,-0.11121260850064951,0.1507710537803273,0.8299789459705406,0.09003278097646063,-0.06419599801301956,-0.023884421214461327,-0.19026942551136017,-0.00847623310983181,-0.028670672327280045,-0.025771601125597954,-0.9047147631645203
44,0.058504346447995695,0,1.1801819999845975,-0.034899891301030675,0.11002027026383746,0.8513775166551816,-0.11121260850207197,0.15077105378059216,0.8299789459149938,0.08911877464125241,-0.0638522058725357,-0.024726292118430138,-0.19676603376865387,-0.009950636886060238,-0.029497237876057625,-0.026434995234012604,-0.836766242980957
45,0.05926407212869063,0,1.012223000003587,-0.03538035309430022,0.10950821890332756,0.8489822507092287,-0.11115187691790462,0.15076949798897143,0.8300835367533319,0.08832314738233264,-0.06232057511806488,-0.02444922924041748,-0.20124638080596924,-0.011886012740433216,-0.030547000467777252,-0.027874412015080452,-0.7198033928871155
46,0.059745078899852325,0,1.8667889999903764,-0.03547245203311124,0.10914958175086618,0.8468150898622296,-0.11109041965298781,0.15076945888052895,0.8303972931600384,0.08786259299499082,-0.06514007598161697,-0.025240441784262657,-0.21336957812309265,-0.015911143273115158,-0.03196917101740837,-0.025204887613654137,-0.5191638469696045
47,0.060150210044582035,0,2.702414999987468,-0.03535043345782818,0.10889832716331144,0.8447023426976707,-0.1109307552065446,0.15075138174422462,0.8307749507996679,0.08751020202509506,-0.07126183062791824,-0.0285049881786108,-0.2315126657485962,-0.02102937363088131,-0.034285448491573334,-0.01654735766351223,-0.22204454243183136
48,0.060504510874505306,0,1.5073110000116685,-0.0351673791182587,0.10881028221942303,0.8426167550037688,-0.11079740124339524,0.1506994123811128,0.8306442487381921,0.08728081334767053,-0.0829513818025589,-0.026542795822024345,-0.25241610407829285,-0.027581624686717987,-0.03775820508599281,-0.008127117529511452,0.1585274040699005
49,0.060925551142851656,0,1.183213000018668,-0.03508467534388894,0.10913716545510337,0.8408275809465726,-0.11079226484806473,0.1507103506237228,0.8295243025823356,0.08710759401669027,-0.08910799026489258,-0.019090546295046806,-0.2651091516017914,-0.03343062475323677,-0.04036158695816994,-0.005414542742073536,0.5149756073951721
50,0.061631342733021545,0,1.0821340000006785,-0.03492347403658864,0.11014008784748633,0.8396481077808574,-0.11077431859437699,0.15073654470262018,0.8286339041595787,0.08673370515970999,-0.07469647377729416,-0.015722105279564857,-0.24480704963207245,-0.03514933958649635,-0.03983670100569725,-0.010206487029790878,0.715998649597168
51,0.06263108471183913,0,1.0521059999746285,-0.03467945182156555,0.1117834367522747,0.839089630147176,-0.11075489302001404,0.1507285998899441,0.8280830140764399,0.08617043624519295,-0.04444097355008125,-0.012676814571022987,-0.20911362767219543,-0.036155980080366135,-0.03813694790005684,-0.01596425101161003,0.8787695169448853
52,0.0638409976460846,0,1.0526419999905556,-0.03436103995701242,0.11393440301408281,0.8390014868999289,-0.11073014841187886,0.15070190867441186,0.8278558871037098,0.08548868108405323,0.003902259049937129,-0.004974755924195051,-0.15985694527626038,-0.03780226409435272,-0.034310415387153625,-0.02180103026330471,0.961678147315979
53,0.06516242586850009,0,1.1739509999983966,-0.033979895264675895,0.11649397711974192,0.8392689420173706,-0.11069807836442125,0.1506601431415214,0.8278528814018086,0.08475454535735553,0.0685809925198555,0.00813219603151083,-0.09739850461483002,-0.04106077924370766,-0.027641693130135536,-0.02611328288912773,0.9902596473693848
54,0.06650368728985379,0,2.3726440000189086,-0.03354784778479856,0.11938207344502776,0.83981653145292,-0.1106552246741986,0.15060173860179069,0.8280295467948547,0.08401873642583448,0.14164476096630096,0.02117045968770981,-0.02439780719578266,-0.044182248413562775,-0.01838178187608719,-0.029702551662921906,0.9977387189865112
55,0.06783798508712205,0,1.060575999986213,-0.032900564702360566,0.12249363122718195,0.8407267581689596,-0.11041394249976681,0.15039988849192593,0.8285282850210781,0.08328196490975158,0.2218295782804489,0.03226055949926376,0.06092381477355957,-0.04668232426047325,-0.008150121197104454,-0.031783927232027054,0.9995110034942627
56,0.06924342683885135,0,1.2609730000008312,-0.0315206652682989,0.12569090588775786,0.8423613997127689,-0.10943553549474512,0.149572529425901,0.8297356228932372,0.08246495731835536,0.3123958706855774,0.04094087332487106,0.16413283348083496,-0.04747699573636055,0.003977192100137472,-0.03303823992609978,0.9999045729637146
57,0.07018529480285964,0,0.9645719999866742,-0.029087836320538598,0.12854775447577857,0.8449137617960907,-0.10735714882502075,0.14825246975379475,0.8314884488226504,0.08182053600745227,0.42021864652633667,0.044855620712041855,0.29092398285865784,-0.04540618136525154,0.018693216145038605,-0.03476627543568611,0.9999854564666748
58,0.0699709717921861,0,0.8490479999920808,-0.025652423112229573,0.13058341017912614,0.8482990596682378,-0.10400579613973163,0.14753051653090868,0.8328159558821531,0.08164668995946,0.519221305847168,0.03675270825624466,0.41481271386146545,-0.040844764560461044,0.03205646574497223,-0.035765390843153,0.9999969005584717
59,0.0697422539469009,0,0.9379739999815229,-0.021464361525012465,0.13243679244417508,0.852333686972587,-0.09992649073418225,0.14721484869716978,0.8356983474254399,0.08155630685913878,0.5672780275344849,0.06151659041643143,0.4306350350379944,-0.04282543808221817,0.03531033545732498,-0.06579157710075378,0.9999987483024597
60,0.06920960620102592,0,1.0854810000182624,-0.016496271801920752,0.13419695318132407,0.8569483108241197,-0.09505612079602258,0.1470907401186806,0.8390635136072424,0.08159513212839874,0.6286000609397888,0.056439537554979324,0.4941060543060303,-0.040157511830329895,0.0429963544011116,-0.07740839570760727,0.9999995231628418
61,0.06646529720953955,0,0.8016039999745317,-0.0107486554265515,0.13590511860550675,0.8622006896393066,-0.08986119968372608,0.1457305710625553,0.840613887036087,0.08259130838931843,0.6816185116767883,0.05853578820824623,0.5337258577346802,-0.03836085647344589,0.04634304717183113,-0.08957601338624954,0.9999998211860657
62,0.05688274844371617,0,1.0709350000013274,-0.004294173536367877,0.13749117907096026,0.867905155810818,-0.0884793671912963,0.14741783083712878,0.8345428614150578,0.09109735415122627,0.7072939276695251,0.041753340512514114,0.5410293340682983,-0.03317377343773842,0.044774267822504044,-0.10154835134744644,0.9999998807907104
63,0.04646346647658098,0,1.0647690000098464,0.002267096684185505,0.13878314676528147,0.8743115660405216,-0.087957249029686,0.1494249029352213,0.8281669055830909,0.10189705208006868,0.7107587456703186,-0.07833615690469742,0.6408210396766663,-0.013707559555768967,0.059406545013189316,-0.1050516739487648,0.999997615814209
64,0.04038536000712037,0,1.0010489999956462,0.00862780281231782,0.13975390009235597,0.8814529944411551,-0.088010723868404,0.14922830601913872,0.8290347100029918,0.11034693357826593,0.665671706199646,-0.1881827861070633,0.6454938054084778,0.012185689061880112,0.055677443742752075,-0.071260966360569,0.9999363422393799
65,0.03456512923213014,0,1.9297210000104315,0.015122721520132141,0.13988158503996287,0.8889575378259034,-0.0880423847253374,0.14911412169974064,0.8295064992377116,0.11942656684769863,0.6571122407913208,-0.20937934517860413,0.6383516788482666,0.016912905499339104,0.05359475687146187,-0.08767331391572952,0.9998604655265808
66,0.029231026601318457,0,0.9810759999879792,0.02188030358055163,0.13901789961108565,0.8965797772999575,-0.08805629850979001,0.1490614415363588,0.8297448621742907,0.1290497388351868,0.6360871195793152,-0.23967958986759186,0.6201397776603699,0.023076292127370834,0.04853355139493942,-0.10243402421474457,0.9995561242103577
67,0.0245210025705648,0,0.7987229999741885,0.028795212380365774,0.13725847878353145,0.90418469089726,-0.08806307264094292,0.14903578948842672,0.829862346030788,0.1389905564130594,0.6041426658630371,-0.27204787731170654,0.5932405591011047,0.03015078976750374,0.04135331138968468,-0.11497393250465393,0.9983024597167969
68,0.020482461380996686,0,0.9573320000129115,0.035718519995593064,0.1347518528468008,0.9116558765730474,-0.08806642882045378,0.14902311794614903,0.8299207370703727,0.1490201851778775,0.5671666860580444,-0.2953934967517853,0.5614773035049438,0.03478027507662773,0.035827867686748505,-0.11595083028078079,0.9930211305618286
69,0.01711562002982745,0,1.407599999993181,0.042458978478814274,0.13165251359625346,0.9188575554665135,-0.08806809163946042,0.14901684733122353,0.8299498633099405,0.158881760577885,0.5176693797111511,-0.3110211491584778,0.5207332968711853,0.037411656230688095,0.031989820301532745,-0.11088062822818756,0.9708829522132874
70,0.014366896140745123,0,1.0407389999897987,0.048847121721793715,0.12811662819092842,0.9256888637571321,-0.08806891513012867,0.1490137437750242,0.8299644106497154,0.16836229242228218,0.4634609520435333,-0.3203091621398926,0.47859135270118713,0.040104787796735764,0.02935892716050148,-0.10500188916921616,0.8837064504623413
71,0.01215050752453114,0,1.2560210000174266,0.054770151115293576,0.12429647404402897,0.9320924643809902,-0.08806932283552807,0.14901220783461547,0.8299716802088685,0.17732071896787377,0.4085122346878052,-0.324040025472641,0.4362340271472931,0.04312901198863983,0.027527229860424995,-0.09912485629320145,0.6122350096702576
72,0.010381803136221869,0,1.2142679999840311,0.060151297872321145,0.1203081232029525,0.9379998571716339,-0.08806952465542875,0.14901144776192013,0.8299753137598957,0.18564103816466518,0.35206136107444763,-0.32466796040534973,0.3886603116989136,0.04548132047057152,0.02616286277770996,-0.09099180996417999,0.07272414118051529
73,0.00898378269646819,0,0.9978490000150941,0.06493379400591673,0.11621066456123517,0.9433364607777176,-0.08806962455067724,0.14901107165198355,0.8299771301123187,0.19322590572754564,0.29696792364120483,-0.32309675216674805,0.33953145146369934,0.04531041532754898,0.026640407741069794,-0.07957205921411514,-0.4654276371002197
74,0.007894726470880698,0,1.0362369999938892,0.0690365087038399,0.11206442867623487,0.9480243469490534,-0.08806967399394151,0.1490108855448958,0.8299780381225951,0.19995580597864135,0.23730166256427765,-0.3166281282901764,0.28633248805999756,0.043975427746772766,0.029649799689650536,-0.06867825984954834,-0.8248576521873474
75,0.007051794799981026,0,0.7623420000015813,0.07248100976063346,0.10795222509681915,0.9520231450804546,-0.08806969846542444,0.14901079345648713,0.829978492055822,0.20580872984287443,0.18196958303451538,-0.3009706139564514,0.2284003496170044,0.04259636625647545,0.029358316212892532,-0.06158045679330826,-0.9636945724487305
76,0.006405736578496624,0,0.7605119999993804,0.07532584372436839,0.1039980862291521,0.9552964162651494,-0.08806971057723446,0.1490107478901708,0.829978718989178,0.21078133723337417,0.13160040974617004,-0.2798399031162262,0.16825304925441742,0.04209471121430397,0.0271113533526659,-0.05335063859820366,-0.993675172328949
77,0.005920448989026306,0,1.7627600000196253,0.07762650619650209,0.10023083432485229,0.9577898732202309,-0.0880697165717739,0.14901072534355878,0.8299788324398854,0.21487293490066678,0.08727690577507019,-0.2593587338924408,0.10387856513261795,0.03965482488274574,0.0237906351685524,-0.04645078256726265,-0.9988682270050049
78,0.005569549814234765,0,1.0169520000147259,0.07942659776535241,0.09664291917637571,0.9594513405215608,-0.08806971953866632,0.14901071418731862,0.8299788891574136,0.2180837406295071,0.04380210116505623,-0.23598292469978333,0.03421906754374504,0.037123903632164,0.018317535519599915,-0.047644078731536865,-0.9997868537902832
79,0.00534004459736851,0,0.9485050000250794,0.08072299050603682,0.09330720917185613,0.9602210982646179,-0.08806972100707719,0.14901070866712904,0.8299789175123023,0.22035626826366442,0.007371068466454744,-0.21057753264904022,-0.03449771925806999,0.03547435998916626,0.015822628512978554,-0.04926029220223427,-0.9999550580978394
80,0.005222889397224395,0,0.9729230000061762,0.0815292034489079,0.0903040814386223,0.9600587162568652,-0.0880697217338413,0.14901070593570012,0.829978931687818,0.2216551680798677,-0.02096950076520443,-0.18648335337638855,-0.09958887100219727,0.03495899587869644,0.015588639304041862,-0.04916837811470032,-0.9999890327453613
81,0.005206463486634905,0,1.0219589999849177,0.08188042500275591,0.08764655806369694,0.9590036629891302,-0.08806972209354064,0.14901070458417012,0.8299789387746133,0.22202700384158477,-0.04979308322072029,-0.16345393657684326,-0.16003645956516266,0.03421332687139511,0.01446644775569439,-0.048072900623083115,-0.9999969005584717
82,0.005279848261294951,0,0.920449000005874,0.08182401608039268,0.08530411476392326,0.9571373349933224,-0.08806972227156774,0.14901070391542373,0.8299789423175297,0.22156639785945337,-0.07816801965236664,-0.14145071804523468,-0.2165982574224472,0.03301021084189415,0.011371229775249958,-0.0482744500041008,-0.9999989867210388
83,0.005438864168977264,0,0.8006380000153968,0.08137860602272018,0.08326287210737161,0.954539411704492,-0.08806972235967929,0.14901070358452345,0.8299789440887471,0.22034251389187354,-0.10531315952539444,-0.12105750292539597,-0.26773926615715027,0.03197713941335678,0.008152387104928493,-0.04721105843782425,-0.9999996423721313
84,0.005670212013398169,0,0.7151230000204123,0.08062583432608492,0.08148252532343353,0.9513816043636857,-0.08806972240328868,0.14901070342079176,0.8299789449742357,0.21853341026994622,-0.11837981641292572,-0.10769683122634888,-0.2959986925125122,0.030667396262288094,0.006644462235271931,-0.04601392522454262,-0.9999997615814209
85,0.0059551366150176425,0,0.9089700000117773,0.07966713650262794,0.0799015177874515,0.9478778148175182,-0.08806972242487247,0.14901070333977623,0.8299789454169199,0.2163605249959178,-0.1265667825937271,-0.09951287508010864,-0.3088945150375366,0.029060019180178642,0.005506284534931183,-0.04414072632789612,-0.9999997615814209
86,0.0062825694412879775,0,1.0254020000104447,0.07853356770530191,0.07845603546952645,0.9441814392069379,-0.08806972243555505,0.1490107032996892,0.8299789456382319,0.21395519852458245,-0.13182120025157928,-0.09510243684053421,-0.312545508146286,0.027136480435729027,0.004964073188602924,-0.04207364097237587,-0.9999997615814209
87,0.006643703086630037,0,0.8915539999918565,0.0772601649165045,0.07710466531814122,0.9403989697552957,-0.08806972244084221,0.14901070327985388,0.829978945748873,0.2114167250964861,-0.13496802747249603,-0.09219517558813095,-0.31108391284942627,0.025241445749998093,0.004383508116006851,-0.0396897979080677,-0.9999996423721313
88,0.007031553107740241,0,0.7440610000060133,0.07588008895081111,0.0758210212060289,0.9366011934553377,-0.08806972244345904,0.14901070327003926,0.8299789458041859,0.20881708242150884,-0.13678337633609772,-0.090514175593853,-0.30622240900993347,0.023585865274071693,0.003706469899043441,-0.037422191351652145,-0.999999463558197
89,0.007440779746134785,0,0.921602999994775,0.07441559880473728,0.07458821568323763,0.9328376057000687,-0.08806972244475417,0.14901070326518287,0.8299789458318382,0.20620400139018535,-0.1380578875541687,-0.08895844221115112,-0.2987533211708069,0.02199012041091919,0.0031557853799313307,-0.03500685840845108,-0.9999991655349731
90,0.007867959159064209,0,1.0866089999979067,0.07287900986639516,0.07340133868926303,0.9291411270734364,-0.08806972244539521,0.1490107032627799,0.8299789458456625,0.20360355750780296,-0.13881859183311462,-0.08744606375694275,-0.28970569372177124,0.0206258837133646,0.0030226241797208786,-0.032588887959718704,-0.9999985694885254
91,0.008309370964247775,0,1.384462000004305,0.07129016921949581,0.0722547620506909,0.9255308772249942,-0.08806972244571248,0.14901070326159085,0.8299789458525738,0.2010403471239487,-0.13860149681568146,-0.08553926646709442,-0.2806726098060608,0.019400836899876595,0.002644272055476904,-0.03083532676100731,-0.9999976754188538
92,0.00876154414130329,0,0.8727050000061354,0.06966930649737375,0.07114347990719351,0.9220153021349564,-0.08806972244586946,0.14901070326100252,0.829978945856029,0.19853361579815884,-0.13850294053554535,-0.08378902077674866,-0.2721658945083618,0.01831604726612568,0.0017705392092466354,-0.029114054515957832,-0.9999961853027344
93,0.009222464941816822,0,0.9532210000031682,0.06802672359884716,0.07006328586210825,0.9185940831589875,-0.08806972244594719,0.14901070326071136,0.8299789458577564,0.1960903815607504,-0.13879872858524323,-0.08133716881275177,-0.26450714468955994,0.01699345000088215,0.0007243192521855235,-0.027123281732201576,-0.999993622303009
94,0.00969071051597008,0,0.9300600000017312,0.06636773032028402,0.06901097129182762,0.9152647174090509,-0.08806972244598567,0.14901070326056734,0.82997894585862,0.19371253640628494,-0.13867881894111633,-0.07919654995203018,-0.2568681240081787,0.01577540673315525,-0.00019879639148712158,-0.02570800669491291,-0.9999893307685852
95,0.010164986103734409,0,0.8726629999955549,0.06469376278908365,0.06798499377256502,0.9120278658388443,-0.08806972244600467,0.14901070326049606,0.8299789458590515,0.1913997734822173,-0.13874059915542603,-0.07735885679721832,-0.24902744591236115,0.014606175944209099,-0.0009588223765604198,-0.024232491850852966,-0.9999822974205017
96,0.010644825163928274,0,0.9775670000067294,0.0630048761231882,0.06698919795172024,0.9088823408195226,-0.08806972244601408,0.14901070326046076,0.8299789458592673,0.1891475810107319,-0.1393710970878601,-0.07552959024906158,-0.24201396107673645,0.013719327747821808,-0.0017972717760130763,-0.022857721894979477,-0.9999710321426392
97,0.011129891160639073,0,0.9136969999872235,0.06130440361288422,0.0660260247656523,0.9058214173982326,-0.08806972244601873,0.14901070326044324,0.8299789458593752,0.18695231180669378,-0.13925738632678986,-0.0742826834321022,-0.2356426864862442,0.013081583194434643,-0.0025280865374952555,-0.021363617852330208,-0.9999526143074036
98,0.011619562927688287,0,0.8286370000121224,0.05959247178800726,0.06509440612257568,0.90284221676804,-0.08806972244602106,0.14901070326043458,0.8299789458594294,0.1848110515603407,-0.1396842896938324,-0.07273440808057785,-0.22901606559753418,0.012453422881662846,-0.0031822421588003635,-0.019690239802002907,-0.9999227523803711
99,0.012114331572907578,0,0.9657379999907789,0.05786503750040388,0.064202614005608,0.8999474888791253,-0.08806972244602221,0.1490107032604303,0.8299789458594564,0.1827155252734977,-0.1411779820919037,-0.07067395746707916,-0.22259245812892914,0.011579626239836216,-0.003989101853221655,-0.018047187477350235,-0.9998739361763
100,0.012615138881938182,0,0.955403000006072,0.05611802807345503,0.06335735159682009,0.8971375955559111,-0.08806972244602276,0.1490107032604282,0.8299789458594699,0.18065682461541882,-0.14320427179336548,-0.06906374543905258,-0.2165818214416504,0.011035076342523098,-0.004846656229346991,-0.01597088761627674,-0.9997957348823547
101,0.013122038142571714,0,0.7862489999865829,0.05434588832154741,0.06254561014403635,0.894402966088046,-0.08806972244602311,0.14901070326042717,0.8299789458594766,0.17863054862015457,-0.14593440294265747,-0.06708536297082901,-0.21187308430671692,0.010422137565910816,-0.005595530848950148,-0.014356120489537716,-0.9996708035469055
102,0.01363608574982238,0,1.0154279999881055,0.052544915822093044,0.06175900212639291,0.8917266248354825,-0.08806972244602317,0.14901070326042648,0.8299789458594798,0.17662987206296493,-0.14897383749485016,-0.06514367461204529,-0.2088472992181778,0.009744998067617416,-0.006453614681959152,-0.01293649896979332,-0.9994707107543945
103,0.014159810559454734,0,0.9151920000078917,0.050708530344730225,0.060994696383427985,0.889089440991246,-0.08806972244602317,0.14901070326042645,0.8299789458594815,0.1746432694063772,-0.15267632901668549,-0.06234849989414215,-0.20708617568016052,0.008871679194271564,-0.007204120978713036,-0.011925918981432915,-0.9991526007652283
104,0.014697742871732623,0,0.8588130000077854,0.0488284214115446,0.06026481150695867,0.8864788134011456,-0.08806972244602317,0.14901070326042645,0.8299789458594815,0.17265332353300106,-0.1560995876789093,-0.05958625301718712,-0.20537233352661133,0.008481353521347046,-0.007574638817459345,-0.011095107533037663,-0.998643159866333
105,0.015251861318635663,0,0.9378130000072815,0.046901226803937705,0.059573704038265014,0.8838893945419606,-0.08806972244602317,0.14901070326042645,0.8299789458594815,0.17065307043369196,-0.15940479934215546,-0.05643536150455475,-0.2037329524755478,0.008005907759070396,-0.007795382756739855,-0.010502724908292294,-0.9978251457214355
106,0.015824751330616338,0,0.9708750000072541,0.04491569952965611,0.05891309459624006,0.8813057573806252,-0.08806972244602317,0.14901070326042645,0.8299789458594815,0.168633161406591,-0.16368433833122253,-0.053668804466724396,-0.20381700992584229,0.007405128329992294,-0.0074444846250116825,-0.010841348208487034,-0.9965078830718994
107,0.016419448715693608,0,0.9322519999841461,0.042863189162627886,0.05827802241273178,0.8787078998511685,-0.08806972244602317,0.14901070326042645,0.8299789458594815,0.16658438604278733,-0.16828565299510956,-0.05126698315143585,-0.2054198533296585,0.006793215870857239,-0.0068986122496426105,-0.011326412670314312,-0.9944053888320923
108,0.017036533867872596,0,1.0058809999975438,0.040744214045200865,0.057667173189594835,0.876084795080331,-0.08806972244602317,0.14901070326042645,0.8299789458594815,0.1645065957721505,-0.1727561205625534,-0.04906940832734108,-0.20737412571907043,0.0060828677378594875,-0.006408017128705978,-0.011403773911297321,-0.9910048842430115
109,0.017746898748053054,0,0.8217269999875043,0.03909648147952476,0.05808869553775578,0.8737354314960045,-0.08806972244602317,0.14901070326042645,0.8299789458594815,0.16233510077741864,-0.035453230142593384,0.14253373444080353,-0.126961350440979,0.0010881307534873486,0.008429653011262417,0.01695319637656212,-0.9556209444999695
110,0.018518950318514884,0,0.7828940000251805,0.037865268348195785,0.05924039601971109,0.8716358421052192,-0.08806972244602317,0.14901070326042645,0.8299789458594815,0.16016749661919735,-0.03732816129922867,0.14035160839557648,-0.12394621223211288,0.0006760525284335017,0.007858735509216785,0.016469456255435944,-0.9372932314872742
111,0.019297880620256638,0,0.8785950000174125,0.036812611570917995,0.06056340814247317,0.8696786617782925,-0.08806972244602317,0.14901070326042645,0.8299789458594815,0.15809677038837786,-0.039814215153455734,0.13669204711914062,-0.12217949330806732,0.0003766249574255198,0.007025335915386677,0.01585528440773487,-0.9163885116577148
112,0.02006951357848066,0,1.2056209999968814,0.035900331658223414,0.06195361419722679,0.8678397240416874,-0.08806972244602317,0.14901070326042645,0.8299789458594815,0.15614400275172244,-0.04208013415336609,0.13307975232601166,-0.12127184122800827,-5.6354328989982605e-05,0.005890694446861744,0.015315158292651176,-0.8906248211860657
113,0.020832705402778696,0,1.0134280000215767,0.03509524486781594,0.06337191094839348,0.8660929762831369,-0.08806972244602317,0.14901070326042645,0.8299789458594815,0.15429787787109478,-0.043919552117586136,0.12994006276130676,-0.12038780748844147,-0.0004580989188980311,0.004918628837913275,0.014742852188646793,-0.8594225645065308
114,0.021596219853111154,0,0.6902630000240606,0.034346237365625754,0.06480168793000117,0.864416098165134,-0.08806972244602317,0.14901070326042645,0.8299789458594815,0.1525212868371158,-0.04537981003522873,0.12738026678562164,-0.11882837116718292,-0.0007770599913783371,0.0037948419339954853,0.014058695174753666,-0.8217007517814636
115,0.022363543803423248,0,0.8068189999903552,0.03363227788197913,0.0662363838864782,0.8627983700162516,-0.08806972244602317,0.14901070326042645,0.8299789458594815,0.15079814134676672,-0.046682823449373245,0.12492957711219788,-0.1171153113245964,-0.0009545150096528232,0.002753146458417177,0.01361018605530262,-0.775553822517395
116,0.023133657807350716,0,1.0896770000101696,0.03294844578972755,0.0676682881562894,0.861232005526084,-0.08806972244602317,0.14901070326042645,0.8299789458594815,0.14912658809425777,-0.04763902351260185,0.1225084587931633,-0.11530913412570953,-0.0011544008739292622,0.0017571505159139633,0.013140246272087097,-0.7205671072006226
117,0.02390529362904227,0,0.8123839999996108,0.03228639978828786,0.06908619507033953,0.8597107354737564,-0.08806972244602317,0.14901070326042645,0.8299789458594815,0.14750424564186346,-0.04851478338241577,0.1199970617890358,-0.11337894946336746,-0.001443736138753593,0.0007880663615651429,0.012528598308563232,-0.655525267124176
118,0.02467671877017054,0,0.8073040000056153,0.03164172666409918,0.07048320574577198,0.8582326606671092,-0.08806972244602317,0.14901070326042645,0.8299789458594815,0.1459303646071997,-0.04873162508010864,0.11740696430206299,-0.11094832420349121,-0.0017275066347792745,-0.00011205300688743591,0.011915197595953941,-0.580825924873352
119,0.025448057052418083,0,0.8210969999993267,0.031008666375882003,0.07185607126784282,0.8567928694470883,-0.08806972244602317,0.14901070326042645,0.8299789458594815,0.14440043774342878,-0.048989128321409225,0.11447538435459137,-0.1089305728673935,-0.0019477069145068526,-0.0008481962722726166,0.01144872885197401,-0.4993678033351898
120,0.0262190538916238,0,0.8875490000264108,0.030382718770741775,0.07320016408542111,0.8553840612918863,-0.08806972244602317,0.14901070326042645,0.8299789458594815,0.14291129616076537,-0.0488763265311718,0.11162183433771133,-0.10711681842803955,-0.0022560516372323036,-0.0013942411169409752,0.011050769127905369,-0.409225732088089
121,0.026988142884267374,0,1.0245770000096854,0.029762685798102945,0.07451129184718548,0.854002257019616,-0.08806972244602317,0.14901070326042645,0.8299789458594815,0.14146292168842822,-0.04864029586315155,0.10880710184574127,-0.10527967661619186,-0.0026120138354599476,-0.001898189540952444,0.010616842657327652,-0.3113935589790344
122,0.02775235587395294,0,0.887057999989338,0.029150012350344267,0.07578531475070416,0.8526472591343136,-0.08806972244602317,0.14901070326042645,0.8299789458594815,0.1400581171330545,-0.048073720186948776,0.10609772801399231,-0.10323471575975418,-0.0030739721842110157,-0.00238876324146986,0.010092612355947495,-0.20702028274536133
123,0.02850864885761525,0,1.0410800000215659,0.028547591153925668,0.07702073945065809,0.8513212063479989,-0.08806972244602317,0.14901070326042645,0.8299789458594815,0.1386998370704173,-0.047093845903873444,0.10363300889730453,-0.10082918405532837,-0.0036357666831463575,-0.0028578767087310553,0.009702158160507679,-0.09691332280635834
124,0.02925789486839521,0,0.8396400000094673,0.0279556707595063,0.0782246762476185,0.8500239768799638,-0.08806972244602317,0.14901070326042645,0.8299789458594815,0.13738397562076807,-0.0460810624063015,0.1016111895442009,-0.09860768169164658,-0.004220561124384403,-0.0032504682894796133,0.009405842050909996,0.015805333852767944
125,0.029966880491605785,0,0.7689990000017133,0.027428720327077633,0.07938583311033606,0.8488284374747916,-0.08806972244602317,0.14901070326042645,0.8299789458594815,0.13617200946076927,-0.029600225389003754,0.09967014193534851,-0.08061821758747101,-0.006008528638631105,-0.0015554247656837106,0.007126439828425646,0.3638957142829895
126,0.03054038518853036,0,0.7638920000090366,0.0270971659612486,0.08042757530446795,0.847898482459751,-0.08806972244602317,0.14901070326042645,0.8299789458594815,0.13523375102985483,0.006310202181339264,0.0985855981707573,-0.04257236048579216,-0.009926239028573036,0.0023753077257424593,0.002487591002136469,0.7891857624053955
127,0.030886856408551468,0,0.8492689999854974,0.027116648003304614,0.0813365713255163,0.8474420571968551,-0.08806972244602317,0.14901070326042645,0.8299789458594815,0.13473176436169348,0.05961613357067108,0.09934090077877045,0.015330230817198753,-0.014303035102784634,0.008333687670528889,-0.0058209761045873165,0.961392879486084
128,0.030930366166496928,0,0.9206479999761541,0.027649442052808434,0.08216267807969338,0.8476734290413503,-0.08806972244602317,0.14901070326042645,0.8299789458594815,0.13480607641328712,0.12718825042247772,0.10553084313869476,0.09105689823627472,-0.0189925879240036,0.01571527309715748,-0.015460972674190998,0.9947684407234192
129,0.030632873297884056,0,0.8866189999992002,0.02879539711249105,0.08299070896149106,0.8487483440820484,-0.08806972244602317,0.14901070326042645,0.8299789458594815,0.13553001928094965,0.2049374133348465,0.1122259721159935,0.17865340411663055,-0.02242985926568508,0.02536880224943161,-0.024537136778235435,0.9993319511413574
130,0.029958408205884236,0,1.1623560000089128,0.030630481615807406,0.08390075949447164,0.8508073366717579,-0.08806972244602317,0.14901070326042645,0.8299789458594815,0.13697760797062758,0.2852075397968292,0.11834785342216492,0.27198153734207153,-0.024284543469548225,0.036847032606601715,-0.03404814749956131,0.9999083876609802
131,0.028861303014572615,0,0.8338400000127422,0.033127985797717495,0.084370062351332,0.8529884419771744,-0.08806972244602317,0.14901070326042645,0.8299789458594815,0.1392721574912355,0.2598631680011749,-0.017611458897590637,0.15864917635917664,-0.0034398376010358334,0.012383129447698593,-0.10525825619697571,0.9998247027397156
132,0.02743488898006784,0,0.7508459999883144,0.036185553873555015,0.0844358935160576,0.8552722433411106,-0.08806972244602317,0.14901070326042645,0.8299789458594815,0.14229908869796162,0.33382898569107056,-0.018984707072377205,0.24116666615009308,-0.002355505945160985,0.020715655758976936,-0.12174802273511887,0.9999602437019348
133,0.025705522434239614,0,0.9226699999942412,0.03982044281982769,0.08437276443358785,0.858298849683615,-0.08806972244602317,0.14901070326042645,0.8299789458594815,0.1460683896677065,0.40322956442832947,-0.02031448669731617,0.3250533640384674,0.0003243032842874527,0.031567152589559555,-0.14056672155857086,0.9999913573265076
134,0.02370203665186761,0,1.3747369999919101,0.04406245462584802,0.08425089308074192,0.8622008341240722,-0.08806972244602317,0.14901070326042645,0.8299789458594815,0.15063530567432346,0.4669172465801239,-0.022698312997817993,0.4001408815383911,0.003942934796214104,0.04120383411645889,-0.1544669270515442,0.9999977946281433
135,0.02152595437161944,0,0.9922850000236849,0.048830615683769424,0.08407337942434844,0.8667949067316137,-0.08806972244602317,0.14901070326042645,0.8299789458594815,0.1559293865247394,0.4945911169052124,-0.03165852278470993,0.43198221921920776,0.007683719974011183,0.0452873669564724,-0.16149261593818665,0.9999986290931702
136,0.019315622892313058,0,0.7619309999995494,0.05395456867593012,0.08377925264272083,0.871751053319597,-0.08806972244602317,0.14901070326042645,0.8299789458594815,0.16177438109924247,0.4935455322265625,-0.048398636281490326,0.43043702840805054,0.011504887603223324,0.04481388255953789,-0.16462868452072144,0.999998152256012
137,0.017194439292804276,0,0.7787300000074993,0.05924680938102132,0.0832999831363523,0.8767745089034469,-0.08806972244602317,0.14901070326042645,0.8299789458594815,0.1679579828688555,0.47274354100227356,-0.06971701234579086,0.4073781371116638,0.015280608087778091,0.04200168326497078,-0.1649002730846405,0.9999962449073792
138,0.015247838562446292,0,0.9699100000091221,0.06454374123327324,0.08259848434914421,0.8816487379319675,-0.08806972244602317,0.14901070326042645,0.8299789458594815,0.1742734045393213,0.44265010952949524,-0.09261288493871689,0.37309005856513977,0.019113365560770035,0.038492340594530106,-0.16234995424747467,0.9999899864196777
139,0.013520680301568356,0,0.7300240000063241,0.06970038603879249,0.08164390482809986,0.8862308441344431,-0.08806972244602317,0.14901070326042645,0.8299789458594815,0.18053799800005774,0.40696629881858826,-0.11799115687608719,0.33457934856414795,0.023014182224869728,0.0362483486533165,-0.15858504176139832,0.9999698400497437
140,0.012019481507967967,0,0.9460790000161978,0.07461152555155069,0.0804122339154372,0.8904664472325143,-0.08806972244602317,0.14901070326042645,0.8299789458594815,0.18662710486120768,0.36606284976005554,-0.14352503418922424,0.294534295797348,0.026122869923710823,0.033247657120227814,-0.14953948557376862,0.999904990196228
141,0.010735441379348244,0,0.9251559999938763,0.0791955453599177,0.07888832781484975,0.8943053133247829,-0.08806972244602317,0.14901070326042645,0.8299789458594815,0.1924388185985471,0.3202213644981384,-0.16739347577095032,0.25260087847709656,0.02836162969470024,0.02949415147304535,-0.13724945485591888,0.999697744846344
142,0.009604129218538739,0,1.0050349999914943,0.08367806694429032,0.07828935262355968,0.8988040786976226,-0.08806972244602317,0.14901070326042645,0.8299789458594815,0.19808006337476242,0.4372768700122833,0.05008981376886368,0.46168312430381775,0.009687629528343678,0.06893642246723175,-0.0434119813144207,0.9999898672103882
143,0.008569238951328785,0,0.9117589999902975,0.0881727418835343,0.0783735182832077,0.903957187138425,-0.08806972244602317,0.14901070326042645,0.8299789458594815,0.20377389017532824,0.3916591703891754,0.0386938601732254,0.4212891459465027,0.011690471321344376,0.062184255570173264,-0.037547171115875244,0.9999667406082153
144,0.0076658416172352695,0,0.9914640000090458,0.09249001869678529,0.07855952197569872,0.9089929193699937,-0.08806972244602317,0.14901070326042645,0.8299789458594815,0.2093045557934454,0.34093931317329407,0.021429508924484253,0.37360402941703796,0.015345552936196327,0.055613934993743896,-0.030101070180535316,0.9998661875724792
145,0.006900183361615531,0,1.109331000009206,0.09651000265906103,0.07874073698106478,0.9136841163217946,-0.08806972244602317,0.14901070326042645,0.8299789458594815,0.21450897100796498,0.2896455228328705,0.004393074661493301,0.3243253231048584,0.01875409483909607,0.04943551495671272,-0.024382302537560463,0.9994628429412842
146,0.006262542064448373,0,1.2478710000038973,0.10016817817686464,0.07885526368146344,0.9179240931767446,-0.08806972244602317,0.14901070326042645,0.8299789458594815,0.2192935062195979,0.2376682013273239,-0.011736064217984676,0.27348899841308594,0.021853793412446976,0.04236546531319618,-0.0181516595184803,0.9979315400123596
147,0.00583209139765909,0,0.989572999998245,0.1026282606168088,0.07748896700971826,0.9203980724880138,-0.08806972244602317,0.14901070326042645,0.8299789458594815,0.22283782883705935,-0.04758520424365997,-0.293844997882843,-0.04822419583797455,0.029569439589977264,0.004481961019337177,-0.022136328741908073,-0.058565448969602585
148,0.00557198412498452,0,0.8960649999778525,0.10394884388394503,0.07495509556003445,0.9212735945800594,-0.08806972244602317,0.14901070326042645,0.8299789458594815,0.22514456629531274,-0.09430786222219467,-0.302786260843277,-0.08380478620529175,0.03225383162498474,0.004033321049064398,-0.010546773672103882,-0.6047664284706116
149,0.00541674645552922,0,1.4698119999820847,0.10445720653192526,0.0720505993308838,0.9213469845660427,-0.08806972244602317,0.14901070326042645,0.8299789458594815,0.226578009691165,-0.14348936080932617,-0.30197206139564514,-0.12328464537858963,0.03485850617289543,0.0037165048997849226,0.00021617300808429718,-0.8822907209396362
150,0.0053460373449882755,0,0.9913110000070446,0.10422154736922368,0.068907646488378,0.9207813370187073,-0.08806972244602317,0.14901070326042645,0.8299789458594815,0.22723887517680408,-0.18704022467136383,-0.2950633466243744,-0.15743659436702728,0.03410527855157852,0.0032712179236114025,0.009905926883220673,-0.9712426662445068
151,0.005348219998680737,0,2.084263000000419,0.10332872551142604,0.06562622606784485,0.9196230496981791,-0.08806972244602317,0.14901070326042645,0.8299789458594815,0.22720563872897995,-0.2262936383485794,-0.28418630361557007,-0.1964874416589737,0.03257777541875839,0.0007516535697504878,0.017291074618697166,-0.9931228756904602
152,0.005413864152530524,0,1.045478999998295,0.10188357118763282,0.06227523011441497,0.917891263443529,-0.08806972244602317,0.14901070326042645,0.8299789458594815,0.22656979420729242,-0.26069214940071106,-0.2688439190387726,-0.23445914685726166,0.028283361345529556,-0.0031849280931055546,0.02095249481499195,-0.9982245564460754
153,0.0055432914562186355,0,1.2984440000138875,0.09993688999945922,0.058972465717032435,0.915591545218755,-0.08806972244602317,0.14901070326042645,0.8299789458594815,0.22535058844431255,-0.2881910502910614,-0.2470763921737671,-0.2726215422153473,0.024332944303750992,-0.007471779827028513,0.02384757623076439,-0.9994735717773438
154,0.005736841275154037,0,1.042904000001954,0.0975464494239101,0.05580264687150172,0.9127394014543209,-0.08806972244602317,0.14901070326042645,0.8299789458594815,0.22358532609658208,-0.30678561329841614,-0.224403515458107,-0.30615562200546265,0.01930130086839199,-0.009457292966544628,0.025268808007240295,-0.9998182058334351
155,0.005996275576492772,0,1.1564440000029208,0.09476694921812584,0.05283158640592133,0.90935184438795,-0.08806972244602317,0.14901070326042645,0.8299789458594815,0.2213136417958616,-0.32211533188819885,-0.1997946947813034,-0.33824312686920166,0.014352882280945778,-0.011247926391661167,0.026639794930815697,-0.9999277591705322
156,0.006327000627464319,0,0.8955010000022412,0.09163165633554285,0.050135487621363876,0.9054620630425938,-0.08806972244602317,0.14901070326042645,0.8299789458594815,0.21855570178640146,-0.3333554267883301,-0.1728869080543518,-0.36587774753570557,0.01061304472386837,-0.011538071557879448,0.026160629466176033,-0.9999663829803467
157,0.006733862987477701,0,1.068755999995119,0.08817851784568938,0.047763592156953444,0.9011181770962027,-0.08806972244602317,0.14901070326042645,0.8299789458594815,0.21534904210066952,-0.34231963753700256,-0.14519521594047546,-0.3905281722545624,0.007536797784268856,-0.011632134206593037,0.025875374674797058,-0.9999822974205017
158,0.007213169775932827,0,1.1788450000267403,0.08446608340436457,0.0457031247504093,0.8964325634564694,-0.08806972244602317,0.14901070326042645,0.8299789458594815,0.2117950503901655,-0.3483608067035675,-0.12300848215818405,-0.40322738885879517,0.0060496581718325615,-0.012361325323581696,0.02499624714255333,-0.9999842047691345
159,0.007759286872081228,0,0.9777169999836133,0.08054925999546249,0.04395024491126439,0.8915534885843326,-0.08806972244602317,0.14901070326042645,0.8299789458594815,0.20799395534465073,-0.3521411418914795,-0.10556305944919586,-0.4060955047607422,0.005700445268303156,-0.013097800314426422,0.024175157770514488,-0.9999781847000122
160,0.008365877795249855,0,0.8018670000069505,0.07647260384812513,0.0424812422133609,0.8866072204989586,-0.08806972244602317,0.14901070326042645,0.8299789458594815,0.20403299905140898,-0.3555664122104645,-0.09221641719341278,-0.4024305045604706,0.006484757177531719,-0.014460762962698936,0.02557281032204628,-0.9999619126319885
161,0.009016186313583464,0,0.983576000010089,0.07300831242752343,0.04243658164792852,0.8824526164378681,-0.08806972244602317,0.14901070326042645,0.8299789458594815,0.20014410513469547,-0.23480044305324554,0.14972755312919617,-0.2644137442111969,0.0022651467006653547,-0.026090234518051147,0.03746596351265907,-0.9986438751220703
162,0.00974593187120154,0,0.9807659999978569,0.06986066477425815,0.04349082927072626,0.8789065443668957,-0.08806972244602317,0.14901070326042645,0.8299789458594815,0.1961386267670214,-0.23985111713409424,0.14924879372119904,-0.2592853903770447,0.0019327019108459353,-0.025080248713493347,0.03900506719946861,-0.9974136352539062
163,0.010561765410590075,0,0.9999010000001363,0.06666414519418366,0.04488092689625153,0.8755105249009789,-0.08806972244602317,0.14901070326042645,0.8299789458594815,0.19198620994894985,-0.24303242564201355,0.14439614117145538,-0.2537038326263428,0.0019177128560841084,-0.023837672546505928,0.04037417098879814,-0.9952743053436279
164,0.011454279105559318,0,1.0070410000082575,0.06342229924405245,0.04642394396034339,0.8722171019573719,-0.08806972244602317,0.14901070326042645,0.8299789458594815,0.18777097126550013,-0.24459552764892578,0.1397944539785385,-0.24630972743034363,0.001735061057843268,-0.02241743542253971,0.041424427181482315,-0.9912452697753906
165,0.01241723588270296,0,1.0467909999931635,0.06015803146432241,0.048042909365646806,0.8690142652075405,-0.08806972244602317,0.14901070326042645,0.8299789458594815,0.18354759216587294,-0.24327853322029114,0.13583974540233612,-0.23984864354133606,0.0017577912658452988,-0.021043866872787476,0.042052920907735825,-0.9837117195129395
166,0.013445083087074894,0,0.9647660000098313,0.056902739591901716,0.04970067980425567,0.8658893115319534,-0.08806972244602317,0.14901070326042645,0.8299789458594815,0.17935732455334352,-0.23950369656085968,0.13283959031105042,-0.23394499719142914,0.0020129592157900333,-0.020096739754080772,0.042335253208875656,-0.9701496362686157
167,0.014532506704499704,0,0.8126800000241019,0.05367559888019502,0.05136901957767537,0.8628332973326398,-0.08806972244602317,0.14901070326042645,0.8299789458594815,0.17522854482360198,-0.23563356697559357,0.12967699766159058,-0.22850927710533142,0.0021635633893311024,-0.01939903013408184,0.04268113151192665,-0.9457229375839233
168,0.015673203052578945,0,0.9896630000127971,0.05049082227745727,0.05302604000229201,0.8598435647593924,-0.08806972244602317,0.14901070326042645,0.8299789458594815,0.17118404013482683,-0.23093944787979126,0.12671659886837006,-0.22307628393173218,0.0021589254029095173,-0.018905235454440117,0.04298991337418556,-0.9030314683914185
169,0.016859176574829927,0,0.8804450000070574,0.047368126447193966,0.05466140360104605,0.8569239242269432,-0.08806972244602317,0.14901070326042645,0.8299789458594815,0.16724602571738575,-0.22514522075653076,0.12401159852743149,-0.21735945343971252,0.002111471490934491,-0.01891261152923107,0.04345986619591713,-0.8316555619239807
170,0.01807807171104856,0,0.8361849999971582,0.0443347651449428,0.05626729935175408,0.8540930107028184,-0.08806972244602317,0.14901070326042645,0.8299789458594815,0.16344349306736583,-0.21805450320243835,0.12205339968204498,-0.2096581757068634,0.001850109314545989,-0.01976826973259449,0.04304312914609909,-0.7208158373832703
171,0.019316260145986353,0,1.1527709999938907,0.041413954631944326,0.057836543802986,0.8513707168630806,-0.08806972244602317,0.14901070326042645,0.8299789458594815,0.15980099451840893,-0.20886199176311493,0.12228769809007645,-0.20037053525447845,0.0008420607191510499,-0.02071620337665081,0.04166281968355179,-0.5578173995018005
172,0.02056658940682159,0,0.9096260000092116,0.03861666597567255,0.059379666096837515,0.8487680904678188,-0.08806972244602317,0.14901070326042645,0.8299789458594815,0.15632081048109503,-0.19697940349578857,0.12393704801797867,-0.18935014307498932,-0.00027827173471450806,-0.020733291283249855,0.03966600447893143,-0.3428323566913605
173,0.021825578348817865,0,1.2186300000109895,0.03594506406122539,0.060909351059144086,0.8462874104596386,-0.08806972244602317,0.14901070326042645,0.8299789458594815,0.1529950376637995,-0.18538197875022888,0.12578953802585602,-0.17874017357826233,-0.00154221395496279,-0.02038223296403885,0.037748709321022034,-0.092880479991436
174,0.023087759515926246,0,0.7554719999802728,0.033401884363958606,0.062427907373476504,0.8439243993611758,-0.08806972244602317,0.14901070326042645,0.8299789458594815,0.14982125175677835,-0.17391853034496307,0.12696431577205658,-0.168995201587677,-0.0029861736111342907,-0.019942980259656906,0.03591779246926308,0.15298885107040405
175,0.02432867786502556,0,0.7450980000101026,0.031027016009768055,0.06391895278695875,0.8417254033625983,-0.08806972244602317,0.14901070326042645,0.8299789458594815,0.14684215461957292,-0.15117892622947693,0.12949691712856293,-0.14822518825531006,-0.005591862369328737,-0.01755494624376297,0.033105265349149704,0.5391151905059814
176,0.02550804027376662,0,0.8715350000159106,0.02888377279010773,0.06535180013537287,0.8397967215997012,-0.08806972244602317,0.14901070326042645,0.8299789458594815,0.14412952799659076,-0.11512962728738785,0.14055562019348145,-0.11208290606737137,-0.010940716601908207,-0.011221541091799736,0.02676600031554699,0.8786220550537109
177,0.02656084653253187,0,1.0622800000135157,0.02711100337535203,0.06670761956226355,0.8383473280709435,-0.08806972244602317,0.14901070326042645,0.8299789458594815,0.14181123724092787,-0.06128648668527603,0.1505817472934723,-0.05231878161430359,-0.01731201633810997,-0.003690183162689209,0.01781160570681095,0.9823252558708191
178,0.02744020193237412,0,1.0752849999846603,0.02588556604554766,0.0680640084976004,0.8376337819164574,-0.08806972244602317,0.14901070326042645,0.8299789458594815,0.13998846982263377,0.011674435809254646,0.1614261120557785,0.03039804846048355,-0.022645924240350723,0.005980176385492086,0.007158291060477495,0.9980780482292175
179,0.028091432151549356,0,1.1459390000254643,0.025380814537900805,0.0694843282431162,0.8378944204312646,-0.08806972244602317,0.14901070326042645,0.8299789458594815,0.13877364087978347,0.09772904217243195,0.17042726278305054,0.1276666224002838,-0.026122115552425385,0.01709280163049698,-0.0067018610425293446,0.9997968673706055
180,0.028479220495990432,0,0.9221519999869088,0.025722150514350322,0.07108280988086259,0.8392880985447284,-0.08806972244602317,0.14901070326042645,0.8299789458594815,0.13823171576061585,0.18749544024467468,0.18160146474838257,0.22899648547172546,-0.02578785829246044,0.028992487117648125,-0.02005564421415329,0.9999758005142212
181,0.028556365165562505,0,1.407458000016959,0.026920766890084123,0.07289030999860933,0.8418450420536508,-0.08806972244602317,0.14901070326042645,0.8299789458594815,0.13841217846338658,0.2748579978942871,0.18593701720237732,0.32691827416419983,-0.02452707290649414,0.041536107659339905,-0.03064224123954773,0.9999964237213135
182,0.028226623927223016,0,1.0140070000090873,0.028983198324167986,0.07483728606555527,0.8455252015224038,-0.08806972244602317,0.14901070326042645,0.8299789458594815,0.13944449843695522,0.35784459114074707,0.17745806276798248,0.4144604802131653,-0.021856248378753662,0.05383547767996788,-0.040926188230514526,0.9999993443489075
183,0.027406647670287488,0,0.8078030000149283,0.03190467356382754,0.07684728901163072,0.8502003475231,-0.08806972244602317,0.14901070326042645,0.8299789458594815,0.14145783519909094,0.430324912071228,0.16215480864048004,0.4828823208808899,-0.017739443108439445,0.06483713537454605,-0.05087649077177048,0.9999998211860657
184,0.02607956000738363,0,0.8893469999975423,0.035636640557566254,0.0788821349961527,0.855709910399435,-0.08806972244602317,0.14901070326042645,0.8299789458594815,0.1445107707768839,0.49315547943115234,0.14204296469688416,0.5371343493461609,-0.011249888688325882,0.07487408071756363,-0.05852990597486496,0.9999999403953552
185,0.02430210545784868,0,1.1638130000051206,0.04005438149793415,0.08083234360412613,0.8618146891492562,-0.08806972244602317,0.14901070326042645,0.8299789458594815,0.1485852929723472,0.5196760296821594,0.11851826310157776,0.5556175708770752,-0.00630591856315732,0.07765062898397446,-0.06082046031951904,0.9999999403953552
186,0.02222458327574972,0,0.9546510000006947,0.044961041913294586,0.08259435912910867,0.8682271568534229,-0.08806972244602317,0.14901070326042645,0.8299789458594815,0.15352928280308945,0.5172276496887207,0.10105063021183014,0.5483915209770203,-0.003690151497721672,0.07516215741634369,-0.05985238403081894,0.9999999403953552
187,0.02003526880245604,0,1.1081680000017968,0.05014886085739753,0.08413164423407295,0.8746989297635444,-0.08806972244602317,0.14901070326042645,0.8299789458594815,0.1591023130910715,0.49462664127349854,0.08601564168930054,0.5230454206466675,-0.002253442071378231,0.06900272518396378,-0.05587340518832207,0.9999998211860657
188,0.017898151459258493,0,0.9268039999881239,0.05541312589944948,0.0854367863211341,0.8810516361171035,-0.08806972244602317,0.14901070326042645,0.8299789458594815,0.16503754231836143,0.45926228165626526,0.06723818182945251,0.49019667506217957,-0.0005521373241208494,0.06194780021905899,-0.0493321493268013,0.9999992847442627
189,0.015923923493745353,0,0.8897880000233727,0.06058739332139344,0.08649992732262832,0.8871332320567609,-0.08806972244602317,0.14901070326042645,0.8299789458594815,0.1710939730304759,0.4174254834651947,0.047183699905872345,0.4470522403717041,0.002217221073806286,0.054927270859479904,-0.04529798403382301,0.9999967813491821
190,0.014170500880051597,0,1.0885140000027604,0.06555820394964822,0.08731627231045186,0.8928141680487867,-0.08806972244602317,0.14901070326042645,0.8299789458594815,0.17707627657722633,0.3701470196247101,0.028593704104423523,0.3976614773273468,0.004517892375588417,0.04631277918815613,-0.04146973788738251,0.9999851584434509
191,0.012972223000039819,0,0.9240649999924244,0.0692776387537804,0.08705311056330216,0.8962946937516754,-0.08806972244602317,0.14901070326042645,0.8299789458594815,0.18164447084308738,0.03458702936768532,-0.20460017025470734,-0.00975014641880989,0.02387804538011551,-0.002855721628293395,-0.03750334680080414,0.93902987241745
192,0.012228748983403925,0,0.8699619999958941,0.0717531989917723,0.08575740691201543,0.8977580733667988,-0.08806972244602317,0.14901070326042645,0.8299789458594815,0.18476567820216186,-0.015899667516350746,-0.2236102819442749,-0.04262096807360649,0.026327431201934814,-0.007222001440823078,-0.02315608784556389,0.8087911605834961
193,0.011696568087808445,0,0.8713269999987006,0.07347047306885071,0.08392484236823272,0.8984392140857126,-0.08806972244602317,0.14901070326042645,0.8299789458594815,0.18713153764309523,-0.04872031882405281,-0.23022621870040894,-0.06464677304029465,0.02709023468196392,-0.009560796432197094,-0.015586390160024166,0.6609280705451965
194,0.011308518728173523,0,0.9472330000050988,0.07457527290511176,0.08172894512096905,0.8986218135450368,-0.08806972244602317,0.14901070326042645,0.8299789458594815,0.18892345745090466,-0.07397782057523727,-0.23154810070991516,-0.08405064791440964,0.027309641242027283,-0.011526543647050858,-0.01041907537728548,0.5257174968719482
195,0.011033407501750792,0,1.0762429999999767,0.07516007749197866,0.07929869412207158,0.8984047170515105,-0.08806972244602317,0.14901070326042645,0.8299789458594815,0.1902257027037358,-0.09313274174928665,-0.2290850579738617,-0.09971026331186295,0.027057785540819168,-0.01287250965833664,-0.007256896235048771,0.4278663992881775
196,0.010851649630410598,0,0.8804010000176277,0.07529263427619835,0.07672983373261072,0.8978433791278246,-0.08806972244602317,0.14901070326042645,0.8299789458594815,0.1910951726139854,-0.10872022062540054,-0.2243930846452713,-0.11364394426345825,0.026327747851610184,-0.013702678494155407,-0.005080637522041798,0.37435632944107056
197,0.010746518360977309,0,1.3698170000111531,0.07504216980027749,0.07409548322308473,0.8969841734225791,-0.08806972244602317,0.14901070326042645,0.8299789458594815,0.19159196253025496,-0.12030211091041565,-0.21763485670089722,-0.12535573542118073,0.02529098652303219,-0.01415176410228014,-0.004363723564893007,0.3711899518966675
198,0.010700443522154025,0,1.042430000012473,0.074486289955901,0.07145442501834776,0.8958892813543079,-0.08806972244602317,0.14901070326042645,0.8299789458594815,0.19179052580306938,-0.12799346446990967,-0.20901763439178467,-0.1346103549003601,0.024057161062955856,-0.014284552074968815,-0.0050231278873980045,0.41393014788627625
199,0.010700798798959977,0,0.8797119999996994,0.0736920263972442,0.06885122718906383,0.8945985002669637,-0.08806972244602317,0.14901070326042645,0.8299789458594815,0.19175007641377675,-0.1324382722377777,-0.1990949958562851,-0.14184914529323578,0.022700786590576172,-0.014100752770900726,-0.0067795948125422,0.48799556493759155
200,0.010739242095078306,0,0.9916879999991579,0.07270913123763767,0.06631971722187416,0.8931406773283369,-0.08806972244602317,0.14901070326042645,0.8299789458594815,0.1915125146981363,-0.13368505239486694,-0.18824812769889832,-0.14688178896903992,0.021220408380031586,-0.013520373962819576,-0.009396309964358807,0.5809774994850159
201,0.010531028294332945,0,0.9417279999865968,0.07288347522070485,0.06491821514153753,0.8936364009924992,-0.08806972244602317,0.14901070326042645,0.8299789458594815,0.19243115649806414,0.22977975010871887,0.07374805957078934,0.27786314487457275,0.0035263935569673777,0.03286270052194595,-0.025803498923778534,0.9998251795768738
202,0.010135553071066228,0,1.072712999985015,0.0740385384918454,0.06461994967663882,0.8958953799801181,-0.08806972244602317,0.14901070326042645,0.8299789458594815,0.19428294789280884,0.23088853061199188,0.07633518427610397,0.2775264084339142,0.004021799191832542,0.03313222900032997,-0.02597242407500744,0.9998022317886353
203,0.009720950637324989,0,1.2260879999814733,0.07549039433338234,0.06480496113390084,0.898530572526337,-0.08806972244602317,0.14901070326042645,0.8299789458594815,0.19632076896406966,0.22036583721637726,0.07132259756326675,0.26325178146362305,0.005658919457346201,0.03156690299510956,-0.025220155715942383,0.9996564984321594
204,0.009314278427429669,0,1.021737999991501,0.0771012598300381,0.0652517644021931,0.901212323573817,-0.08806972244602317,0.14901070326042645,0.8299789458594815,0.19842179145771616,0.20492103695869446,0.06354422867298126,0.24443762004375458,0.007799024228006601,0.02967561036348343,-0.02383515238761902,0.9993345141410828
205,0.00892409602626546,0,1.2032170000111364,0.07878822024477777,0.065823392313694,0.9038243494504327,-0.08806972244602317,0.14901070326042645,0.8299789458594815,0.20053639413599075,0.18608993291854858,0.05409221351146698,0.22283324599266052,0.010111257433891296,0.026874862611293793,-0.022022083401679993,0.9986605644226074
206,0.00855542944537233,0,0.9667449999994915,0.08048796281869044,0.0664246893751779,0.9063055259424446,-0.08806972244602317,0.14901070326042645,0.8299789458594815,0.20262746550853786,0.16477850079536438,0.044715557247400284,0.19940340518951416,0.012131141498684883,0.023425454273819923,-0.02008001320064068,0.9972978234291077
207,0.008214192771139606,0,0.95098099998836,0.08214365724790124,0.0669947042707535,0.908604134129616,-0.08806972244602317,0.14901070326042645,0.8299789458594815,0.20464881858348513,0.14163838326931,0.0357329361140728,0.17349733412265778,0.013722941279411316,0.019586220383644104,-0.017481960356235504,0.9946214556694031
208,0.00790506901114607,0,0.8050010000033581,0.08371036655471771,0.06750525977953728,0.9106882758055013,-0.08806972244602317,0.14901070326042645,0.8299789458594815,0.20655636575630962,0.11891165375709534,0.027370570227503777,0.1485806703567505,0.015437636524438858,0.015823496505618095,-0.014818700961768627,0.989654541015625
209,0.007629580497379562,0,0.810901000022568,0.08515062098365284,0.06794411569310974,0.9125620849218009,-0.08806972244602317,0.14901070326042645,0.8299789458594815,0.20831959546593476,0.09653457254171371,0.020857805386185646,0.12509368360042572,0.0168318971991539,0.012369035743176937,-0.012347472831606865,0.9810494780540466
210,0.007391123346841166,0,0.7813629999873228,0.08642727814164619,0.0683084441295667,0.9142067318266472,-0.08806972244602317,0.14901070326042645,0.8299789458594815,0.20989611185500365,0.07311426103115082,0.015983784571290016,0.1018509790301323,0.017750725150108337,0.009050528518855572,-0.010084361769258976,0.9666489958763123
211,0.007189958496059546,0,0.8372099999860438,0.08752956973190353,0.06862042367341019,0.9156229385689172,-0.08806972244602317,0.14901070326042645,0.8299789458594815,0.2112642940789602,0.05262847617268562,0.011526730842888355,0.08134288340806961,0.018621597439050674,0.005671931896358728,-0.008246890269219875,0.9449392557144165
212,0.007024137440493606,0,0.8124599999916882,0.08845201293474182,0.06888946851253643,0.9168246597847964,-0.08806972244602317,0.14901070326042645,0.8299789458594815,0.212418250973312,0.03422753885388374,0.007669633720070124,0.06366854906082153,0.019325044006109238,0.0030409395694732666,-0.007390439044684172,0.9148194789886475
213,0.006890635512491206,0,0.9002390000034666,0.08919468402704733,0.06911258077828143,0.9178278634507185,-0.08806972244602317,0.14901070326042645,0.8299789458594815,0.21336309920033913,0.017926089465618134,0.004288624506443739,0.04809160530567169,0.019917018711566925,0.0006573608843609691,-0.0066993278451263905,0.8758422136306763
214,0.006786275146883414,0,0.7346590000167907,0.08976431924788185,0.06929169784539109,0.9186507951507485,-0.08806972244602317,0.14901070326042645,0.8299789458594815,0.2141092316232188,0.003945263102650642,0.0015660549979656935,0.03494894877076149,0.020433759316802025,-0.001393585465848446,-0.006190325133502483,0.8297485709190369
215,0.006708035182973893,0,0.7572439999989911,0.09017192812532923,0.06942997053067454,0.9193096669582466,-0.08806972244602317,0.14901070326042645,0.8299789458594815,0.21466987853965364,-0.007603126112371683,-0.0006910052616149187,0.024504296481609344,0.02080281265079975,-0.003104259492829442,-0.0057624089531600475,0.778968095779419
216,0.006652796140694629,0,0.8158230000105959,0.09043489739919369,0.06953152364834116,0.9198185088960116,-0.08806972244602317,0.14901070326042645,0.8299789458594815,0.215062749876612,-0.016797304153442383,-0.0028147324919700623,0.01642034202814102,0.02120601199567318,-0.004540140274912119,-0.005547869019210339,0.726396381855011
217,0.006616362487272054,0,0.7517379999910645,0.09056872373840082,0.06959976266837489,0.9202130824082779,-0.08806972244602317,0.14901070326042645,0.8299789458594815,0.21531370448628326,-0.02439960464835167,-0.004757087677717209,0.010076192207634449,0.021586790680885315,-0.00575234554708004,-0.005389012396335602,0.6748540997505188
218,0.006594659551039684,0,0.8660850000126175,0.09059637057236819,0.06963837104363788,0.9205201267342956,-0.08806972244602317,0.14901070326042645,0.8299789458594815,0.21545125980182742,-0.03024006076157093,-0.006389679852873087,0.00532339233905077,0.0218849778175354,-0.006752192974090576,-0.005251582711935043,0.62632817029953
219,0.006582603423421163,0,0.8633980000070096,0.0905531016235824,0.06965163194243013,0.9207663990632113,-0.08806972244602317,0.14901070326042645,0.8299789458594815,0.21551412282789154,-0.03459874168038368,-0.00779276667162776,0.001805396401323378,0.022134477272629738,-0.00756466668099165,-0.005168198142200708,0.5816512107849121
220,0.006580123282110584,0,0.9709969999960322,0.09042995518996064,0.0696407013902502,0.9209656231210133,-0.08806972244602317,0.14901070326042645,0.8299789458594815,0.2155001335315504,-0.0379260815680027,-0.009072206914424896,-0.0009102821350097656,0.022375205531716347,-0.008239127695560455,-0.005180893465876579,0.5401619076728821
221,0.006583592059221633,0,0.9817860000111978,0.09025288888606847,0.06960715654719797,0.9211356594205768,-0.08806972244602317,0.14901070326042645,0.8299789458594815,0.21543774824806275,-0.0405610017478466,-0.010224385187029839,-0.003091350896283984,0.022601718083024025,-0.008824212476611137,-0.0052298130467534065,0.5010237693786621
222,0.006591847333215018,0,0.8407779999970444,0.0900357347161572,0.06955355370255445,0.9212761887198802,-0.08806972244602317,0.14901070326042645,0.8299789458594815,0.21533736099600068,-0.04290257394313812,-0.011330428533256054,-0.005053176544606686,0.022808663547039032,-0.00937920343130827,-0.005246650893241167,0.4628406763076782
223,0.006604735707773313,0,0.7573339999851214,0.08978074986821691,0.0694818144490455,0.9213878740361034,-0.08806972244602317,0.14901070326042645,0.8299789458594815,0.21520043403387942,-0.04511963203549385,-0.012386443093419075,-0.006824913434684277,0.022990917786955833,-0.009936987422406673,-0.005235877353698015,0.4253498613834381
224,0.006621918126086946,0,0.7632139999884657,0.08949043486889463,0.06939378415824239,0.9214737621858934,-0.08806972244602317,0.14901070326042645,0.8299789458594815,0.21502968327099847,-0.04696238040924072,-0.013325500302016735,-0.008200756274163723,0.02316242642700672,-0.01042174082249403,-0.005233090836554766,0.38927632570266724
225,0.006643029628456787,0,0.7853520000082881,0.08916755096882255,0.06929282424812319,0.921538062245158,-0.08806972244602317,0.14901070326042645,0.8299789458594815,0.21482798494394265,-0.048190005123615265,-0.01404145173728466,-0.009020648896694183,0.023364311084151268,-0.010721190832555294,-0.005136727821081877,0.3548325300216675
226,0.006667646200137112,0,0.8260559999939687,0.08881537141368998,0.06918215890788137,0.9215850538497959,-0.08806972244602317,0.14901070326042645,0.8299789458594815,0.21459872307247993,-0.04897892847657204,-0.014564910903573036,-0.009452450089156628,0.023586565628647804,-0.010886413976550102,-0.00505611440166831,0.32207414507865906
227,0.006696490917971543,0,0.9829459999934897,0.08843083451790022,0.06906633178966448,0.9216122953016767,-0.08806972244602317,0.14901070326042645,0.8299789458594815,0.21433669743752654,-0.050750233232975006,-0.014820571057498455,-0.010765191167593002,0.0238312017172575,-0.011004510335624218,-0.004467368125915527,0.2895854413509369
228,0.006730194098376741,0,0.7569070000101874,0.08801142429760274,0.06894782537675519,0.9216166782222376,-0.08806972244602317,0.14901070326042645,0.8299789458594815,0.2140376337146206,-0.05263437703251839,-0.015037243254482746,-0.012151643633842468,0.024070754647254944,-0.011081448756158352,-0.0037157514598220587,0.25884151458740234
229,0.006768746266947046,0,0.8946700000080909,0.08755778825507624,0.06882633190973603,0.9215980344451521,-0.08806972244602317,0.14901070326042645,0.8299789458594815,0.21370216030082417,-0.05444405972957611,-0.015298977494239807,-0.01349836215376854,0.024288272485136986,-0.011116605252027512,-0.002929902635514736,0.22803129255771637
230,0.0068119258702067365,0,0.9310620000064773,0.08707179112740338,0.06870135296410132,0.9215574736644867,-0.08806972244602317,0.14901070326042645,0.8299789458594815,0.21333252981376452,-0.05601852014660835,-0.015574149787425995,-0.014678221195936203,0.0245062205940485,-0.011092915199697018,-0.0021571037359535694,0.19884160161018372
231,0.006859420132122197,0,0.7749500000215903,0.08655592772918802,0.06857287427506394,0.9214968975884343,-0.08806972244602317,0.14901070326042645,0.8299789458594815,0.21293167335945257,-0.057358358055353165,-0.015794819220900536,-0.015666676685214043,0.024717135354876518,-0.011022322811186314,-0.0014069518074393272,0.17189043760299683
232,0.006910899684951333,0,1.3085780000210434,0.08601287953783934,0.06844111193502879,0.9214183266656277,-0.08806972244602317,0.14901070326042645,0.8299789458594815,0.2125026393295502,-0.0585099533200264,-0.015953565016388893,-0.016514169052243233,0.02490914613008499,-0.010926472954452038,-0.0006565450457856059,0.14696821570396423
233,0.006966073842331777,0,0.8712679999973716,0.08544514675277283,0.06830639775778882,0.9213235279174021,-0.08806972244602317,0.14901070326042645,0.8299789458594815,0.21204817243040444,-0.05950867757201195,-0.016072265803813934,-0.017251089215278625,0.02508545108139515,-0.010804964229464531,9.274482727050781e-05,0.12373711168766022
234,0.00702469633875994,0,0.8343969999771161,0.08485513641455728,0.06816932760232743,0.9212139322913031,-0.08806972244602317,0.14901070326042645,0.8299789458594815,0.21157069168356052,-0.060391657054424286,-0.01612066477537155,-0.01793425716459751,0.025242256000638008,-0.0106817577034235,0.0008746234234422445,0.10228019952774048
235,0.0070865555366591455,0,1.0530610000216711,0.08424521363288001,0.068030911093453,0.9210908228778885,-0.08806972244602317,0.14901070326042645,0.8299789458594815,0.21107235268765073,-0.06114620715379715,-0.016050076112151146,-0.018539493903517723,0.02538113109767437,-0.010553446598351002,0.0016624912386760116,0.08337138593196869
236,0.00715150309477437,0,0.7796699999857992,0.08361725156273667,0.06789213931884584,0.9209552416668311,-0.08806972244602317,0.14901070326042645,0.8299789458594815,0.21055480250769687,-0.06181962043046951,-0.015933163464069366,-0.019099293276667595,0.02550840750336647,-0.010404498316347599,0.0024621884804219007,0.06584371626377106
237,0.007219716628931217,0,0.9852700000010373,0.08297144762908064,0.0677545082531816,0.9208065389947009,-0.08806972244602317,0.14901070326042645,0.8299789458594815,0.2100173868098852,-0.06267701089382172,-0.015707971528172493,-0.01989111304283142,0.0256436076015234,-0.010232453234493732,0.0032934576738625765,0.05091409385204315
238,0.007291291820267787,0,0.9274490000166224,0.08230813250047751,0.06761820277839858,0.920644081057234,-0.08806972244602317,0.14901070326042645,0.8299789458594815,0.20946006619715005,-0.0634792372584343,-0.01556138601154089,-0.020661288872361183,0.025754433125257492,-0.01003019604831934,0.004143244121223688,0.03722786903381348
239,0.007366181904255232,0,0.8951720000140995,0.08162622591433905,0.06747956688945925,0.9204680364296626,-0.08806972244602317,0.14901070326042645,0.8299789458594815,0.20888350006662185,-0.06454229354858398,-0.016009192913770676,-0.021424736827611923,0.025835547596216202,-0.009768344461917877,0.005063192453235388,0.023868246003985405
240,0.0074442880269828815,0,1.4125159999878178,0.0809252483632054,0.06733591065730261,0.9202790937715705,-0.08806972244602317,0.14901070326042645,0.8299789458594815,0.2082887145731147,-0.0656358078122139,-0.016438769176602364,-0.022194458171725273,0.025902124121785164,-0.009485232643783092,0.005986425094306469,0.011273295618593693
241,0.007525571898410278,0,1.0671139999942625,0.08020580538182898,0.06718688645738952,0.9200774722951549,-0.08806972244602317,0.14901070326042645,0.8299789458594815,0.2076765146275306,-0.06671332567930222,-0.016823727637529373,-0.023007236421108246,0.025943337008357048,-0.009191902354359627,0.006924637593328953,-0.00032164715230464935
242,0.007621902961805805,0,0.9182369999791717,0.07940789055803517,0.06703381864513476,0.9197962604723505,-0.08806972244602317,0.14901070326042645,0.8299789458594815,0.2069688635351537,-0.08151483535766602,-0.018375249579548836,-0.03702973946928978,0.02622354030609131,-0.00978307705372572,0.009271237067878246,-0.21933500468730927
243,0.007757666849463963,0,0.8580150000057074,0.07841216896905537,0.0668683212692676,0.9192928776701174,-0.08806972244602317,0.14901070326042645,0.8299789458594815,0.2060110907300827,-0.11469175666570663,-0.021435435861349106,-0.06862572580575943,0.026366395875811577,-0.01204860582947731,0.013494044542312622,-0.6279480457305908
244,0.00795639886549936,0,0.8081100000083552,0.07711103770021929,0.06667822564724177,0.918438236740958,-0.08806972244602317,0.14901070326042645,0.8299789458594815,0.20466647633569526,-0.15347254276275635,-0.02266247570514679,-0.10641342401504517,0.02566751092672348,-0.013833612203598022,0.018245192244648933,-0.8918141722679138
245,0.008233317619605607,0,0.7882209999934275,0.07547009904721025,0.06646836666211951,0.9171512764239405,-0.08806972244602317,0.14901070326042645,0.8299789458594815,0.2028731765443282,-0.18777577579021454,-0.01983756385743618,-0.14664523303508759,0.02414197288453579,-0.015276551246643066,0.02093430981040001,-0.9748671650886536
246,0.00859750368827138,0,0.7581929999957993,0.07351808620358681,0.06627890968081739,0.9153996255337122,-0.08806972244602317,0.14901070326042645,0.8299789458594815,0.20062866716670763,-0.21302933990955353,-0.012386064045131207,-0.18402482569217682,0.022336099296808243,-0.01688520610332489,0.023061184212565422,-0.9943057894706726
247,0.009048388177538492,0,0.7225859999948625,0.07133763081427535,0.06616995212732045,0.9132286045991157,-0.08806972244602317,0.14901070326042645,0.8299789458594815,0.19799949495394265,-0.22586709260940552,-0.00163560570217669,-0.21415555477142334,0.020947739481925964,-0.019594339653849602,0.02493075281381607,-0.9986003041267395
248,0.009586687652216586,0,0.8878959999947256,0.0689943748934602,0.06616722726575713,0.9106710444007017,-0.08806972244602317,0.14901070326042645,0.8299789458594815,0.1950471403403086,-0.2333170622587204,0.010782964527606964,-0.24126078188419342,0.018604569137096405,-0.022695163264870644,0.025537945330142975,-0.9996249675750732
249,0.01021967033197454,0,2.49702299998944,0.06653591636418926,0.06630798951062034,0.9077318745180956,-0.08806972244602317,0.14901070326042645,0.8299789458594815,0.19180239917291902,-0.23901110887527466,0.02595623955130577,-0.26941990852355957,0.016358258202672005,-0.027493225410580635,0.026636861264705658,-0.9998867511749268
250,0.010961065992228082,0,1.647539000003917,0.06397873712971515,0.06662374326102662,0.9044037606364754,-0.08806972244602317,0.14901070326042645,0.8299789458594815,0.18826948316678274,-0.241123229265213,0.043166760355234146,-0.2962837219238281,0.013471766375005245,-0.03099973499774933,0.027923308312892914,-0.9999616146087646
251,0.011824453013682058,0,1.2144080000098256,0.06133089525316134,0.06712375043060428,0.9006918206297444,-0.08806972244602317,0.14901070326042645,0.8299789458594815,0.18446226787862682,-0.2428686022758484,0.0596281923353672,-0.3219340443611145,0.010249070823192596,-0.03442131355404854,0.02873743511736393,-0.9999859929084778
252,0.012818732818977075,0,1.365023999994719,0.05858137639918388,0.06782270381469721,0.8966873830710895,-0.08806972244602317,0.14901070326042645,0.8299789458594815,0.18041078582424463,-0.2475167065858841,0.07127894461154938,-0.3354613780975342,0.00881218072026968,-0.03741675615310669,0.03185127303004265,-0.9999907612800598
253,0.013942522907760248,0,1.1621300000115298,0.05570700998043908,0.06868493743565757,0.8925353452711393,-0.08806972244602317,0.14901070326042645,0.8299789458594815,0.17617400645361106,-0.2546217441558838,0.07488635182380676,-0.3385639190673828,0.008691135793924332,-0.039022963494062424,0.03468380868434906,-0.9999901056289673
254,0.015187063512081945,0,1.2804589999859672,0.05270182456001529,0.06964555264154543,0.8883603725028958,-0.08806972244602317,0.14901070326042645,0.8299789458594815,0.1718250463586474,-0.2623220384120941,0.07434489578008652,-0.3347409963607788,0.009146261028945446,-0.040104642510414124,0.0368083119392395,-0.9999859929084778
255,0.016542776637574308,0,0.9948969999982182,0.04957302161241184,0.07064966195958906,0.884246472626677,-0.08806972244602317,0.14901070326042645,0.8299789458594815,0.1674244374251133,-0.26875439286231995,0.07129967957735062,-0.3262675404548645,0.009828041307628155,-0.04057331755757332,0.03882706165313721,-0.9999769926071167
256,0.018002653993303187,0,2.3105749999956515,0.04633035586388948,0.0716584520477849,0.8802375955894464,-0.08806972244602317,0.14901070326042645,0.8299789458594815,0.16301129927110436,-0.2750565707683563,0.06712794303894043,-0.31654849648475647,0.010600504465401173,-0.04091323912143707,0.04050720855593681,-0.9999597072601318
257,0.019559479439568796,0,1.4886630000034984,0.04298577015098244,0.07263941553432432,0.8763535743513142,-0.08806972244602317,0.14901070326042645,0.8299789458594815,0.15861501157375482,-0.27951839566230774,0.062150564044713974,-0.30532509088516235,0.011038660071790218,-0.040843844413757324,0.041962310671806335,-0.9999268054962158
258,0.021207855341389015,0,1.4985120000119423,0.03955136228807185,0.07357367920800956,0.8725929364115245,-0.08806972244602317,0.14901070326042645,0.8299789458594815,0.1542525139417883,-0.28227779269218445,0.05787251889705658,-0.2949174642562866,0.011089589446783066,-0.0402754470705986,0.04336768388748169,-0.9998639822006226
259,0.022946656110222022,0,1.0798309999984212,0.03603758137627312,0.07446398341172455,0.8689405936048038,-0.08806972244602317,0.14901070326042645,0.8299789458594815,0.14992613613800357,-0.284229576587677,0.05417903512716293,-0.2859288156032562,0.011203257367014885,-0.039463337510824203,0.045256711542606354,-0.9997451305389404
260,0.024772254267071827,0,1.5726009999923463,0.03247017589330914,0.07533510988415715,0.8653937041181405,-0.08806972244602317,0.14901070326042645,0.8299789458594815,0.1456439674463766,-0.2841735780239105,0.052284397184848785,-0.27679458260536194,0.01193815004080534,-0.039001524448394775,0.047042366117239,-0.999519407749176
261,0.026674735443334055,0,1.0206249999953343,0.028876644630321975,0.076196607409251,0.8619508033629301,-0.08806972244602317,0.14901070326042645,0.8299789458594815,0.14142328308733415,-0.28248611092567444,0.051485393196344376,-0.2678646445274353,0.012426898814737797,-0.038592662662267685,0.04809850454330444,-0.9991028904914856
262,0.028639403250505936,0,0.7500359999994544,0.025285291324688097,0.07704997569079042,0.8586066079919842,-0.08806972244602317,0.14901070326042645,0.8299789458594815,0.1372852814342537,-0.27857664227485657,0.05109604075551033,-0.2594955265522003,0.012838262133300304,-0.03833356499671936,0.048605889081954956,-0.9983611106872559
263,0.030647717316377845,0,0.7954479999909836,0.02172001242919275,0.07789180026417207,0.8553579768360722,-0.08806972244602317,0.14901070326042645,0.8299789458594815,0.1332508141088511,-0.27295923233032227,0.051683299243450165,-0.2505316734313965,0.01271646935492754,-0.03796171024441719,0.048404574394226074,-0.9970510005950928
264,0.032680594102516995,0,0.9223069999961808,0.018191928533040972,0.0787138360589256,0.8522009088439271,-0.08806972244602317,0.14901070326042645,0.8299789458594815,0.12933291787485487,-0.266336053609848,0.05270871892571449,-0.24149459600448608,0.011884244158864021,-0.03709837421774864,0.04813184216618538,-0.9947763681411743
265,0.034714807064775,0,0.7584880000024441,0.014725637190097866,0.07951952925680862,0.8491369640483591,-0.08806972244602317,0.14901070326042645,0.8299789458594815,0.12555054316109476,-0.25807633996009827,0.054308973252773285,-0.23271633684635162,0.010882099159061909,-0.03671098127961159,0.04721681773662567,-0.9908854365348816
266,0.036728054858804926,0,1.0983299999907103,0.0113444284711773,0.0803158129643353,0.8461635754954124,-0.08806972244602317,0.14901070326042645,0.8299789458594815,0.1219184300745058,-0.24903298914432526,0.05602936074137688,-0.22477972507476807,0.00964131485670805,-0.03660003840923309,0.046426549553871155,-0.9843515753746033
267,0.03870159441372242,0,1.0992220000218822,0.008070369593374975,0.08111610706123717,0.8432744661934054,-0.08806972244602317,0.14901070326042645,0.8299789458594815,0.11844561769582147,-0.23940899968147278,0.05852045118808746,-0.21817795932292938,0.008355795405805111,-0.03729044273495674,0.04632839933037758,-0.9734615683555603
268,0.040624221900985504,0,1.0731220000081976,0.004911176833571006,0.08193497802977338,0.8404598688440141,-0.08806972244602317,0.14901070326042645,0.8299789458594815,0.11512797354538909,-0.22999060153961182,0.06149276718497276,-0.21230930089950562,0.007105819880962372,-0.037958040833473206,0.046730946749448776,-0.9557247161865234
269,0.042489368444896904,0,1.1900209999851086,0.0018624645596676311,0.08278421859567232,0.8377122993625078,-0.08806972244602317,0.14901070326042645,0.8299789458594815,0.11195333977635603,-0.22037243843078613,0.0661379024386406,-0.20621517300605774,0.005658615380525589,-0.03819940611720085,0.0476665273308754,-0.9270884990692139
270,0.042937581854642796,0,0.9760809999761477,0.0010637187896849493,0.08300329507129564,0.8374224291403429,-0.08806972244602317,0.14901070326042645,0.8299789458594815,0.11116273532851928,-0.2107936441898346,0.07484099268913269,-0.19834013283252716,0.0038465752732008696,-0.03868953883647919,0.0478898249566555,-0.8820142149925232
271,0.04313611273201537,0,0.9107209999967836,0.0006929524863294786,0.08315001746833593,0.8377243861511658,-0.08806972244602317,0.14901070326042645,0.8299789458594815,0.11079907147383061,-0.19915570318698883,0.07838119566440582,-0.1937841922044754,0.0037383802700787783,-0.03760794550180435,0.045933354645967484,-0.8774037957191467
272,0.043368207032829245,0,1.0186829999838665,0.0003971123703453089,0.08338785703051835,0.83787756103611,-0.08806972244602317,0.14901070326042645,0.8299789458594815,0.11043154862379345,-0.18937937915325165,0.07952381670475006,-0.19158947467803955,0.003988963086158037,-0.036520782858133316,0.043917618691921234,-0.8869292140007019
273,0.04362188795874671,0,0.9530009999991762,0.00018274372838857425,0.08371731149856958,0.8380158513512099,-0.08806972244602317,0.14901070326042645,0.8299789458594815,0.11007414157519459,-0.18212933838367462,0.08032438904047012,-0.1905333548784256,0.004177413880825043,-0.03575526922941208,0.04228726774454117,-0.8959414958953857
274,0.04383396981634842,0,1.039047999995546,-3.477723558813943e-05,0.08396355255417412,0.8381191675415046,-0.08806972244602317,0.14901070326042645,0.8299789458594815,0.109761316511049,-0.17678740620613098,0.0806410014629364,-0.19045421481132507,0.00438340799883008,-0.03518160432577133,0.040907468646764755,-0.9062802195549011
275,0.04398708874248261,0,0.7887920000086979,-0.0002902850602588842,0.08407223603038835,0.8381863070493145,-0.08806972244602317,0.14901070326042645,0.8299789458594815,0.10949700877945673,-0.17187422513961792,0.08150854706764221,-0.19011470675468445,0.0044695124961435795,-0.03465268760919571,0.03965907171368599,-0.9129093289375305
276,0.04412823043670469,0,0.8024260000070171,-0.0005343307337512637,0.08416657002041125,0.8382482148659828,-0.08806972244602317,0.14901070326042645,0.8299789458594815,0.10925011317052083,-0.16669775545597076,0.08269327878952026,-0.18912631273269653,0.004449746571481228,-0.03411578759551048,0.03848293423652649,-0.9158685803413391
277,0.044260630390741,0,0.7855130000109511,-0.000767172965197994,0.08425226209418929,0.8383052734349662,-0.08806972244602317,0.14901070326042645,0.8299789458594815,0.10901705636746575,-0.16208121180534363,0.0839201807975769,-0.188301220536232,0.004398603457957506,-0.033623211085796356,0.03737466037273407,-0.9185383915901184
278,0.044385744246972884,0,1.298549000011917,-0.000989849235283664,0.08433138075016207,0.8383584955200916,-0.08806972244602317,0.14901070326042645,0.8299789458594815,0.1087958451931869,-0.15798142552375793,0.08521481603384018,-0.18755429983139038,0.004328780807554722,-0.03314044326543808,0.036333341151475906,-0.9211711287498474
279,0.04450469473022992,0,1.0629749999964133,-0.0012035000959712667,0.08440528275613915,0.8384086617908412,-0.08806972244602317,0.14901070326042645,0.8299789458594815,0.1085848104229494,-0.1542019098997116,0.0860726609826088,-0.18674920499324799,0.004278926178812981,-0.032790761440992355,0.035449981689453125,-0.923678994178772
280,0.04461824485565422,0,1.3540830000238202,-0.0014088795163193226,0.0844748557293219,0.8384560244233243,-0.08806972244602317,0.14901070326042645,0.8299789458594815,0.108382831550123,-0.1505097597837448,0.08686752617359161,-0.18596415221691132,0.0042410739697515965,-0.03246801346540451,0.03457057848572731,-0.9259833693504333
281,0.04472681648683716,0,0.9598299999993287,-0.0016063976805043593,0.08454063523081291,0.8385009755826849,-0.08806972244602317,0.14901070326042645,0.8299789458594815,0.1081892840897551,-0.14698703587055206,0.08763095736503601,-0.18518081307411194,0.004215150605887175,-0.03215257450938225,0.03372037783265114,-0.9280976057052612
282,0.04483068943972293,0,0.8142359999965265,-0.0017963129978701988,0.084603003111569,0.8385438887543191,-0.08806972244602317,0.14901070326042645,0.8299789458594815,0.10800375578222089,-0.14347128570079803,0.0884484201669693,-0.18431244790554047,0.00418606074526906,-0.031831495463848114,0.03286487236618996,-0.9299923181533813
283,0.04493007835002839,0,0.7776719999981196,-0.00197880306500177,0.08466224918143399,0.8385849600093719,-0.08806972244602317,0.14901070326042645,0.8299789458594815,0.1078259403936448,-0.13998042047023773,0.08923298120498657,-0.18341755867004395,0.004161776974797249,-0.03150888904929161,0.032031361013650894,-0.9317178726196289
284,0.045025156831129065,0,0.8356809999838788,-0.0021539684630006227,0.08471862263568977,0.8386242806037857,-0.08806972244602317,0.14901070326042645,0.8299789458594815,0.10765560935859297,-0.1364046037197113,0.0899263471364975,-0.18251851201057434,0.004157484043389559,-0.03117029182612896,0.031221963465213776,-0.933289110660553
285,0.04511601086629744,0,0.869671000003791,-0.0023218914263142335,0.08477223543526144,0.8386619687841793,-0.08806972244602317,0.14901070326042645,0.8299789458594815,0.10749263305092188,-0.13292957842350006,0.09057018905878067,-0.18170411884784698,0.00414991332218051,-0.03085831180214882,0.030420804396271706,-0.9347895383834839
286,0.0452027308591746,0,1.0264879999795085,-0.0024826764620334753,0.08482321416753004,0.8386982738646046,-0.08806972244602317,0.14901070326042645,0.8299789458594815,0.10733686634692288,-0.12947696447372437,0.09118279069662094,-0.18085075914859772,0.004144012462347746,-0.030548514798283577,0.02963736094534397,-0.9361814260482788
287,0.04528528467164816,0,1.005086999981586,-0.002636248921223065,0.08487167409717462,0.838733931039885,-0.08806972244602317,0.14901070326042645,0.8299789458594815,0.10718835396640007,-0.12601836025714874,0.09193328022956848,-0.17958876490592957,0.004165454767644405,-0.030193651095032692,0.02877950295805931,-0.9376179575920105
288,0.04536368023093798,0,1.1945509999975457,-0.0027824438532283715,0.08491785373805084,0.8387696440886866,-0.08806972244602317,0.14901070326042645,0.8299789458594815,0.10704713739759614,-0.12261389195919037,0.09306255728006363,-0.1777612566947937,0.004227270372211933,-0.029856188222765923,0.02786100283265114,-0.9390285015106201
289,0.045437944066135195,0,1.0006119999843577,-0.002921375405861195,0.08496165608455532,0.8388050308237576,-0.08806972244602317,0.14901070326042645,0.8299789458594815,0.10691314803898277,-0.11923211812973022,0.09420861303806305,-0.17583122849464417,0.004306127317249775,-0.02951357327401638,0.02694000117480755,-0.9403745532035828
290,0.04550811602824445,0,0.8338739999942391,-0.003053235715537386,0.08500298100261837,0.8388398539300316,-0.08806972244602317,0.14901070326042645,0.8299789458594815,0.10678626885729413,-0.11588560789823532,0.09531035274267197,-0.17391148209571838,0.004391220863908529,-0.029172001406550407,0.02604251354932785,-0.9416227340698242
291,0.04557432844244344,0,1.1480930000118406,-0.0031782678652995363,0.08504190368925846,0.8388741643274528,-0.08806972244602317,0.14901070326042645,0.8299789458594815,0.10666626125912665,-0.11256622523069382,0.09635873138904572,-0.17200928926467896,0.004493725951761007,-0.02883598767220974,0.025164997205138206,-0.9427796006202698
292,0.045636931884157156,0,0.8338450000167086,-0.0032969378423305857,0.08507871786416477,0.8389079509445989,-0.08806972244602317,0.14901070326042645,0.8299789458594815,0.1065525733991532,-0.10928709805011749,0.09737121313810349,-0.17011456191539764,0.0045976112596690655,-0.02849927917122841,0.02431216649711132,-0.9438546895980835
293,0.045695951161925256,0,0.7991980000099375,-0.0034092254181452954,0.08511348328832859,0.8389412673031287,-0.08806972244602317,0.14901070326042645,0.8299789458594815,0.10644518628303132,-0.10601635277271271,0.09838906675577164,-0.16823221743106842,0.0046955919824540615,-0.028166478499770164,0.02348357066512108,-0.9448704719543457
294,0.04575136812986346,0,1.0922909999919739,-0.0035150735168875697,0.08514621824388503,0.8389742145148087,-0.08806972244602317,0.14901070326042645,0.8299789458594815,0.10634413928439558,-0.10271269828081131,0.09940268099308014,-0.166317880153656,0.004804274532943964,-0.027821656316518784,0.02264547534286976,-0.9458271861076355
295,0.04580315538440403,0,0.8052190000000792,-0.003614459325159863,0.0851769003400808,0.8390068748850549,-0.08806972244602317,0.14901070326042645,0.8299789458594815,0.10624946760609473,-0.09944472461938858,0.10037216544151306,-0.16440817713737488,0.0049208588898181915,-0.027468277141451836,0.021807877346873283,-0.9467213153839111
296,0.0458513384065524,0,0.9527829999740334,-0.0037074393729107772,0.08520554054460144,0.839039295132707,-0.08806972244602317,0.14901070326042645,0.8299789458594815,0.10616112058307264,-0.09621760994195938,0.10130640119314194,-0.16250912845134735,0.005038818810135126,-0.027116216719150543,0.020992223173379898,-0.947554349899292
297,0.04589598070437552,0,1.06015500000467,-0.0037941089890453942,0.08523218899885229,0.8390715171866796,-0.08806972244602317,0.14901070326042645,0.8299789458594815,0.10607899301135892,-0.0930207222700119,0.10220641642808914,-0.16061948239803314,0.005159665364772081,-0.026766417548060417,0.020193979144096375,-0.9483318328857422
298,0.04593714399492498,0,1.0373309999920366,-0.0038745791349066765,0.08525685331961469,0.8391034175695069,-0.08806972244602317,0.14901070326042645,0.8299789458594815,0.10600297884230445,-0.08993782848119736,0.10304487496614456,-0.15888163447380066,0.005276511888951063,-0.026421796530485153,0.019416004419326782,-0.9490569233894348
299,0.045974874184681006,0,1.0558890000140764,-0.003948924646906262,0.08527951795827333,0.8391347681983081,-0.08806972244602317,0.14901070326042645,0.8299789458594815,0.10593300564544295,-0.08704018592834473,0.10379339754581451,-0.15744972229003906,0.005384484305977821,-0.026086818426847458,0.018652930855751038,-0.9497297406196594
300,0.04600922242192904,0,0.8892250000087643,-0.004017166892174139,0.08530029293257932,0.8391658027706974,-0.08806972244602317,0.14901070326042645,0.8299789458594815,0.10586900783129444,-0.0841895341873169,0.10452476143836975,-0.15606220066547394,0.005492313299328089,-0.02574845775961876,0.01790979504585266,-0.9503467082977295
301,0.04604026302399217,0,0.9285129999909714,-0.004079394244985545,0.08531927243967763,0.8391966810338304,-0.08806972244602317,0.14901070326042645,0.8299789458594815,0.1058108701082109,-0.08139731734991074,0.10522030293941498,-0.1546989232301712,0.005599827505648136,-0.025412186980247498,0.017191844061017036,-0.9509166479110718
302,0.046068092632460214,0,0.9221180000054119,-0.0041357491721712904,0.08533653348326059,0.8392274451750906,-0.08806972244602317,0.14901070326042645,0.8299789458594815,0.10575843467987718,-0.07864208519458771,0.105876125395298,-0.15333783626556396,0.005707649048417807,-0.025075314566493034,0.016502268612384796,-0.9514379501342773
303,0.04609281342239238,0,1.0483179999880576,-0.004186394905129921,0.08535214344801965,0.8392581031350468,-0.08806972244602317,0.14901070326042645,0.8299789458594815,0.10571153029101049,-0.07593031227588654,0.10649395734071732,-0.1519852876663208,0.005815768148750067,-0.024738840758800507,0.015840081498026848,-0.9519152045249939
304,0.0461145351833187,0,1.3918319999959294,-0.004231500785596157,0.08536617280985596,0.8392886293400825,-0.08806972244602317,0.14901070326042645,0.8299789458594815,0.10566997621824972,-0.07326488196849823,0.10708194226026535,-0.15066403150558472,0.005922991316765547,-0.024406282231211662,0.015208420343697071,-0.9523438811302185
305,0.04613335499438001,0,0.9499820000087311,-0.004271227696619303,0.08537867668546856,0.8393190011007015,-0.08806972244602317,0.14901070326042645,0.8299789458594815,0.1056336080999369,-0.07062659412622452,0.10763294994831085,-0.14937619864940643,0.006028998177498579,-0.024069875478744507,0.01460402924567461,-0.9527052044868469
306,0.04614934379487077,0,0.8865140000011706,-0.004305751976988979,0.08538970435500015,0.8393494513106654,-0.08806972244602317,0.14901070326042645,0.8299789458594815,0.10560227565195816,-0.06804641336202621,0.10815911740064621,-0.14809924364089966,0.006128971464931965,-0.0237457025796175,0.014022898860275745,-0.9530696272850037
307,0.04616257214715022,0,1.12067399999205,-0.004335600211370377,0.08539933300633075,0.8393815287383399,-0.08806972244602317,0.14901070326042645,0.8299789458594815,0.10557565162860813,-0.06552591919898987,0.10865706205368042,-0.14683951437473297,0.006225543096661568,-0.023429572582244873,0.01346517913043499,-0.9534247517585754
308,0.04617354226051377,0,1.2194910000005166,-0.004361330529991804,0.08540774872130336,0.8394135671435787,-0.08806972244602317,0.14901070326042645,0.8299789458594815,0.10555303303102191,-0.06306317448616028,0.10912299901247025,-0.14560146629810333,0.006321854889392853,-0.023116817697882652,0.012929486110806465,-0.9537681937217712
309,0.04618243810127737,0,1.7556929999784643,-0.004382666173249425,0.08541507530643333,0.839443677484889,-0.08806972244602317,0.14901070326042645,0.8299789458594815,0.10553439452238356,-0.06066541373729706,0.10957641899585724,-0.1443781554698944,0.006423358805477619,-0.02280859276652336,0.012429540045559406,-0.9540935754776001
310,0.04618906803727028,0,0.9008910000147807,-0.004399616671173362,0.08542128771771741,0.8394734983611356,-0.08806972244602317,0.14901070326042645,0.8299789458594815,0.10551988863074367,-0.0583556592464447,0.11001413315534592,-0.1431707739830017,0.006527733523398638,-0.022505497559905052,0.011969232931733131,-0.9543938636779785
311,0.04619345365310032,0,1.2732720000201425,-0.004412350880571249,0.08542636620688843,0.8395033005146649,-0.08806972244602317,0.14901070326042645,0.8299789458594815,0.10550941696064729,-0.05610685795545578,0.11042458564043045,-0.14199085533618927,0.006630619056522846,-0.02220645546913147,0.011530104093253613,-0.9546729326248169
312,0.04619566790793444,0,1.9466630000124496,-0.004421031211521494,0.08543032701878533,0.8395330635815588,-0.08806972244602317,0.14901070326042645,0.8299789458594815,0.1055028386050392,-0.05391700938344002,0.11080813407897949,-0.1408352255821228,0.006732498295605183,-0.021911846473813057,0.011110962368547916,-0.9549369812011719
313,0.04619578188609245,0,0.9405209999897579,-0.004425803697811215,0.08543319615249745,0.8395627808265956,-0.08806972244602317,0.14901070326042645,0.8299789458594815,0.10550002107247716,-0.051781293004751205,0.11117298156023026,-0.13970550894737244,0.006832097191363573,-0.021617349237203598,0.010709624737501144,-0.9551864266395569
314,0.046193864662587916,0,0.9965010000030361,-0.004426802610482846,0.08543500653880996,0.839592460460641,-0.08806972244602317,0.14901070326042645,0.8299789458594815,0.10550083845752263,-0.04970398545265198,0.11151590943336487,-0.13860322535037994,0.006929794326424599,-0.02132556214928627,0.010327374562621117,-0.9554207921028137
315,0.04618999165597435,0,0.9448849999955655,-0.0044241681581701576,0.0854357972927284,0.8396221056489589,-0.08806972244602317,0.14901070326042645,0.8299789458594815,0.10550515604295936,-0.047688595950603485,0.1118389368057251,-0.1375330090522766,0.007024358958005905,-0.021040545776486397,0.009964967146515846,-0.955644428730011
316,0.04618424023547438,0,0.897262000023602,-0.004418045457402618,0.08543560899589638,0.8396517251447992,-0.08806972244602317,0.14901070326042645,0.8299789458594815,0.10551283491999856,-0.04573500528931618,0.11213795840740204,-0.13649220764636993,0.0071172709576785564,-0.020760472863912582,0.00962232518941164,-0.9558560848236084
317,0.046176685240792915,0,1.1389870000186875,-0.0044085780280841815,0.08543447928743529,0.839681328485055,-0.08806972244602317,0.14901070326042645,0.8299789458594815,0.1055237393603743,-0.0438418947160244,0.1124129444360733,-0.13547976315021515,0.007208878640085459,-0.020485075190663338,0.009298950433731079,-0.9560562968254089
318,0.04616739698614565,0,1.0155390000079478,-0.004395904439802151,0.08543244137042627,0.8397109249310144,-0.08806972244602317,0.14901070326042645,0.8299789458594815,0.10553774027020098,-0.042008865624666214,0.11266453564167023,-0.13449561595916748,0.007299145217984915,-0.020214593037962914,0.008994359523057938,-0.9562460780143738
319,0.046156439268685547,0,1.0302930000136712,-0.0043801556305173425,0.08542952277332794,0.83974052588029,-0.08806972244602317,0.14901070326042645,0.8299789458594815,0.1055547182763644,-0.04023522883653641,0.11289343237876892,-0.13353991508483887,0.007388097234070301,-0.019948994740843773,0.008708003908395767,-0.9564269185066223
320,0.04614386673748954,0,0.9245619999944665,-0.004361454341235357,0.08542574161078367,0.8397701466706086,-0.08806972244602317,0.14901070326042645,0.8299789458594815,0.10557456658880203,-0.038521040230989456,0.11310062557458878,-0.13261286914348602,0.007475667633116245,-0.019688334316015244,0.008439791388809681,-0.9565994143486023
321,0.04612970161277352,0,0.7502750000014657,-0.0043398850577546725,0.0854210876407604,0.8397998145529953,-0.08806972244602317,0.14901070326042645,0.8299789458594815,0.10559722697882744,-0.036862023174762726,0.11328345537185669,-0.13171765208244324,0.007562560960650444,-0.01943269744515419,0.008189319632947445,-0.9567640423774719
322,0.04611428684381152,0,0.8904119999897375,-0.004316217517760008,0.08541563496587073,0.8398294063284341,-0.08806972244602317,0.14901070326042645,0.8299789458594815,0.10562203307363574,-0.035234082490205765,0.11341322213411331,-0.1309046596288681,0.0076519581489264965,-0.019184861332178116,0.007965303026139736,-0.9569334983825684
323,0.046097633129784966,0,1.0305010000024595,-0.004290597568530549,0.08540935683889415,0.839859160169135,-0.08806972244602317,0.14901070326042645,0.8299789458594815,0.10564890755078797,-0.03367152065038681,0.11352134495973587,-0.13012807071208954,0.007738106418401003,-0.018944459035992622,0.007763013709336519,-0.957124650478363
324,0.0460797169780075,0,0.9696680000104152,-0.004262962785567152,0.08540227645922252,0.8398892003130607,-0.08806972244602317,0.14901070326042645,0.8299789458594815,0.10567789772816377,-0.032174717634916306,0.11360513418912888,-0.12937766313552856,0.007822826504707336,-0.01871289499104023,0.007575795520097017,-0.9573293328285217
325,0.04606057073442097,0,0.8899759999962953,-0.004233313724438948,0.08539444796490078,0.839919528132324,-0.08806972244602317,0.14901070326042645,0.8299789458594815,0.1057089709583873,-0.030729059129953384,0.11367291212081909,-0.1286546289920807,0.007906963117420673,-0.01848592795431614,0.007403283379971981,-0.9575372934341431
326,0.046040240629885265,0,0.9410790000003999,-0.0042016978142358505,0.085385917116399,0.839950131447167,-0.08806972244602317,0.14901070326042645,0.8299789458594815,0.10574206121281814,-0.02933347411453724,0.1137252151966095,-0.12795881927013397,0.007990474812686443,-0.018263477832078934,0.0072450339794158936,-0.9577488303184509
327,0.046018773382744405,0,0.8250660000044263,-0.004168182591121378,0.08537671846838332,0.8399810004363668,-0.08806972244602317,0.14901070326042645,0.8299789458594815,0.10577709348576676,-0.027987299486994743,0.11376210302114487,-0.127289816737175,0.008073495700955391,-0.018045414239168167,0.007100945338606834,-0.9579647779464722
328,0.04599621441185001,0,1.2900639999884334,-0.004132843600180598,0.0853668790003131,0.8400121232739755,-0.08806972244602317,0.14901070326042645,0.8299789458594815,0.10581399078507793,-0.026690002530813217,0.11378410458564758,-0.12664766609668732,0.008155830204486847,-0.017831800505518913,0.006970572285354137,-0.9581844210624695
329,0.04597260789484962,0,0.9771809999961079,-0.0040957577361284215,0.08535642281963254,0.8400434885314806,-0.08806972244602317,0.14901070326042645,0.8299789458594815,0.10585267680474772,-0.02544097974896431,0.1137915775179863,-0.1260319948196411,0.008237633854150772,-0.01762259379029274,0.006853734143078327,-0.9584082961082458
330,0.04594799620007391,0,0.8679649999976391,-0.0040570011064820855,0.08534537158861652,0.8400750854820398,-0.08806972244602317,0.14901070326042645,0.8299789458594815,0.1058930773895779,-0.02423975244164467,0.11378489434719086,-0.12544238567352295,0.008318774402141571,-0.017417874187231064,0.006749993190169334,-0.9586362242698669
331,0.045922420787484465,0,0.7709230000045864,-0.004016648073955984,0.08533374642887223,0.8401069030437696,-0.08806972244602317,0.14901070326042645,0.8299789458594815,0.1059351200473698,-0.023085856810212135,0.11376448720693588,-0.12487895786762238,0.008399266749620438,-0.017217598855495453,0.00665931636467576,-0.9588686227798462
332,0.04589592138902612,0,0.7307429999912074,-0.003974769677020439,0.08532156694516368,0.8401389269069794,-0.08806972244602317,0.14901070326042645,0.8299789458594815,0.10597873551184898,-0.02197863720357418,0.11372949182987213,-0.12434395402669907,0.008479309268295765,-0.017021412029862404,0.006580941379070282,-0.9591064453125
333,0.045868544332487216,0,0.9032929999932549,-0.003931498726001139,0.08530881811912266,0.8401711080085346,-0.08806972244602317,0.14901070326042645,0.8299789458594815,0.10602382293894579,-0.021043822169303894,0.11375054717063904,-0.12389399856328964,0.008542049676179886,-0.01682932861149311,0.006507703568786383,-0.9593497514724731
334,0.045840382354759734,0,1.3352089999898453,-0.0038869938676025445,0.08529554966682279,0.8402034098577352,-0.08806972244602317,0.14901070326042645,0.8299789458594815,0.10607022321281373,-0.020255904644727707,0.11381948739290237,-0.12350527197122574,0.008590173907577991,-0.016643187031149864,0.006441236007958651,-0.9595934748649597
335,0.0458121318848349,0,0.8471440000050734,-0.0038467351428807016,0.08527954310079948,0.8402360621840466,-0.08806972244602317,0.14901070326042645,0.8299789458594815,0.1061149414590282,-0.019512102007865906,0.11387788504362106,-0.12314008176326752,0.008637363091111183,-0.016461461782455444,0.0063859848305583,-0.9598399996757507
336,0.04578503774252223,0,1.014333999989958,-0.0038120775871585515,0.08526216473308526,0.8402696200785559,-0.08806972244602317,0.14901070326042645,0.8299789458594815,0.10615613433719966,-0.018911493942141533,0.11392917484045029,-0.12286300212144852,0.008682861924171448,-0.01630455255508423,0.006357312202453613,-0.9601648449897766
337,0.04575751720051181,0,0.9010199999863744,-0.0037761428143828707,0.08524452976293063,0.840301508783377,-0.08806972244602317,0.14901070326042645,0.8299789458594815,0.10619834158284301,-0.018646255135536194,0.11394093185663223,-0.1227850615978241,0.008724601939320564,-0.016201438382267952,0.0063903057016432285,-0.9606478214263916
338,0.04572948976111028,0,1.1823010000000522,-0.0037387412826862757,0.08522663122275463,0.8403317918897389,-0.08806972244602317,0.14901070326042645,0.8299789458594815,0.10624172273925252,-0.018645502626895905,0.11387567967176437,-0.12284556776285172,0.00876347254961729,-0.016118299216032028,0.00645483611151576,-0.9612044095993042
339,0.04570118044133921,0,0.801203999998279,-0.0037012582965780727,0.08520823506859357,0.8403617348317013,-0.08806972244602317,0.14901070326042645,0.8299789458594815,0.1062854411344644,-0.018830621615052223,0.11374679952859879,-0.12295945733785629,0.008812470361590385,-0.01604445092380047,0.006526472512632608,-0.9617910385131836
340,0.045673408685809214,0,1.1115720000134388,-0.003665013042721472,0.08518991230621972,0.8403913858615386,-0.08806972244602317,0.14901070326042645,0.8299789458594815,0.10632811121369927,-0.019093472510576248,0.11360475420951843,-0.1231134757399559,0.008860272355377674,-0.015981117263436317,0.006613255012780428,-0.9623821973800659
341,0.04564514111292452,0,1.0492629999987457,-0.003624470927322842,0.0851735953801494,0.8404217023644585,-0.08806972244602317,0.14901070326042645,0.8299789458594815,0.10637306054634757,-0.019362980499863625,0.11346516013145447,-0.12327037751674652,0.00890773069113493,-0.01592065766453743,0.006700095254927874,-0.9629672765731812
342,0.045613484066925995,0,0.8621759999982714,-0.003573229237798333,0.0851585712953147,0.8404534855328643,-0.08806972244602317,0.14901070326042645,0.8299789458594815,0.10642588079197136,-0.01958153396844864,0.1133146584033966,-0.12339632213115692,0.008956177160143852,-0.015847615897655487,0.006779542658478022,-0.9635119438171387
343,0.04558281961991453,0,0.793385000008584,-0.0035278706829365864,0.08514113389093868,0.8404833781386716,-0.08806972244602317,0.14901070326042645,0.8299789458594815,0.10647530083772296,-0.019592322409152985,0.11315631121397018,-0.12339527159929276,0.009006228297948837,-0.015730923041701317,0.006829133257269859,-0.9639272689819336
344,0.04555392440423395,0,0.8858799999984512,-0.003487272264369164,0.08512392167931856,0.8405143231680858,-0.08806972244602317,0.14901070326042645,0.8299789458594815,0.1065209177324286,-0.01960108056664467,0.11302070319652557,-0.12342772632837296,0.009054971858859062,-0.015624403022229671,0.006882627960294485,-0.9643378853797913
345,0.04552198908629969,0,1.1180820000049607,-0.0034376304198604967,0.08510766361646864,0.840547246894912,-0.08806972244602317,0.14901070326042645,0.8299789458594815,0.10657334780909151,-0.019760822877287865,0.11287156492471695,-0.1235482394695282,0.00910398829728365,-0.015545631758868694,0.006959871854633093,-0.964826762676239
346,0.04549214736918113,0,0.9331910000014432,-0.0033958149237042767,0.08508938407130749,0.8405771054827793,-0.08806972244602317,0.14901070326042645,0.8299789458594815,0.10662047950265624,-0.019811008125543594,0.11269806325435638,-0.12361110001802444,0.00915447436273098,-0.015439888462424278,0.007028953637927771,-0.9652247428894043
347,0.045460666766129844,0,0.9400659999982963,-0.0033477746990155186,0.08507291535471366,0.8406101198624306,-0.08806972244602317,0.14901070326042645,0.8299789458594815,0.10667179108369554,-0.01992557942867279,0.11256657540798187,-0.12370406836271286,0.009205559268593788,-0.015362536534667015,0.007087996695190668,-0.9656713008880615
348,0.04543041431176427,0,0.8894220000001951,-0.003304557770229078,0.08505507599277433,0.8406411722374911,-0.08806972244602317,0.14901070326042645,0.8299789458594815,0.10671990663905803,-0.019991494715213776,0.1124153882265091,-0.1237652525305748,0.009260575287044048,-0.015277430415153503,0.007135437801480293,-0.966079592704773
349,0.04539899424585785,0,0.8888250000040898,-0.0032577998617930645,0.08503775405914737,0.8406734756908805,-0.08806972244602317,0.14901070326042645,0.8299789458594815,0.10677065800236298,-0.020106909796595573,0.11228177696466446,-0.123854860663414,0.009313962422311306,-0.015203958377242088,0.007188047282397747,-0.9665195941925049
350,0.045368077173800994,0,1.0826600000086728,-0.003211917787033976,0.08502083004310836,0.8407062027269818,-0.08806972244602317,0.14901070326042645,0.8299789458594815,0.10682052670630746,-0.020177757367491722,0.11213797330856323,-0.12392055243253708,0.00936897937208414,-0.015120490454137325,0.007235650438815355,-0.9669268727302551
351,0.04533697637554815,0,0.9868610000012268,-0.003166563693691081,0.08500315674018803,0.8407384540848173,-0.08806972244602317,0.14901070326042645,0.8299789458594815,0.10687038595848365,-0.020270923152565956,0.11199147999286652,-0.1239968091249466,0.009424297139048576,-0.015040716156363487,0.0072860135696828365,-0.9673477411270142
352,0.04530556707853715,0,0.9966549999944618,-0.003120175439234643,0.08498576112060444,0.8407713884152285,-0.08806972244602317,0.14901070326042645,0.8299789458594815,0.1069209781520223,-0.020359987393021584,0.1118505522608757,-0.12407251447439194,0.009479609318077564,-0.01496069971472025,0.007335635367780924,-0.9677644968032837
353,0.045274183777020076,0,0.9712439999987055,-0.0030739312509896824,0.08496839040763177,0.8408046464903601,-0.08806972244602317,0.14901070326042645,0.8299789458594815,0.10697148288471263,-0.020437229424715042,0.11170545965433121,-0.12414176017045975,0.00953573640435934,-0.01487779337912798,0.007383771240711212,-0.968172550201416
354,0.045242637724155516,0,1.001357999996344,-0.0030275795051319127,0.08495082648420774,0.8408379732465652,-0.08806972244602317,0.14901070326042645,0.8299789458594815,0.10702220500604881,-0.020520830526947975,0.11155884712934494,-0.12421450763940811,0.009592367336153984,-0.01479558739811182,0.007432890124619007,-0.9685835242271423
355,0.045211043787042084,0,0.8047129999795288,-0.0029810785617804415,0.08493335959651666,0.8408716770842798,-0.08806972244602317,0.14901070326042645,0.8299789458594815,0.10707303527320954,-0.02060128189623356,0.11141254752874374,-0.12428601086139679,0.009649385698139668,-0.014712624251842499,0.007481450214982033,-0.9689908623695374
356,0.04517939511619571,0,0.8611560000133522,-0.0029348160667501746,0.08491565923470708,0.8409054295007183,-0.08806972244602317,0.14901070326042645,0.8299789458594815,0.10712383020424866,-0.020684730261564255,0.11126399040222168,-0.12435908615589142,0.00970691442489624,-0.014629504643380642,0.007530788891017437,-0.9693981409072876
357,0.04514761680232914,0,0.9374439999874085,-0.0028881731760537887,0.08489803044492641,0.840939404603535,-0.08806972244602317,0.14901070326042645,0.8299789458594815,0.10717491687638334,-0.020866986364126205,0.11113353073596954,-0.1245255097746849,0.009762531146407127,-0.014547092840075493,0.007618652191013098,-0.9698026180267334
358,0.04511604703000969,0,0.8089239999833353,-0.0028418525125296894,0.08488057613976949,0.8409734618556469,-0.08806972244602317,0.14901070326042645,0.8299789458594815,0.10722566110732096,-0.021248405799269676,0.1110360324382782,-0.12488280236721039,0.009814298711717129,-0.01446559652686119,0.0077874502167105675,-0.9701961874961853
359,0.04508487401465986,0,0.9136259999991125,-0.0027962713125395007,0.08486339504991894,0.8410077928304288,-0.08806972244602317,0.14901070326042645,0.8299789458594815,0.10727569195478091,-0.021630916744470596,0.1109396368265152,-0.12524211406707764,0.009866473264992237,-0.014384168200194836,0.00795624777674675,-0.9705894589424133
360,0.04505376159657514,0,1.032974999986891,-0.0027505818593908625,0.08484642586258498,0.8410422761372103,-0.08806972244602317,0.14901070326042645,0.8299789458594815,0.10732570764389483,-0.022024493664503098,0.11084413528442383,-0.12560872733592987,0.0099189979955554,-0.014304492622613907,0.008126545697450638,-0.9709890484809875
361,0.04502305035048986,0,0.9808000000077755,-0.0027057419584512413,0.08482961715283936,0.8410767998429254,-0.08806972244602317,0.14901070326042645,0.8299789458594815,0.10737496608460423,-0.022403011098504066,0.11074959486722946,-0.1259685605764389,0.009972169063985348,-0.014222783967852592,0.008294019848108292,-0.9713819622993469
362,0.044992869763884835,0,1.0385660000054031,-0.0026623352080822667,0.08481282331812093,0.8411113948042487,-0.08806972244602317,0.14901070326042645,0.8299789458594815,0.10742309343621656,-0.0227784626185894,0.1106589138507843,-0.1263284981250763,0.01002572849392891,-0.014141567051410675,0.00845979806035757,-0.971776008605957
363,0.04496290136661847,0,0.9842770000147993,-0.0026193211227870487,0.08479622650063763,0.8411463477665188,-0.08806972244602317,0.14901070326042645,0.8299789458594815,0.10747083779885998,-0.023172317072749138,0.11057209968566895,-0.12670083343982697,0.010079488158226013,-0.014063537120819092,0.008628102019429207,-0.9721810221672058
364,0.04493328511500464,0,0.7744899999977406,-0.0025771329347968677,0.08477973315674858,0.8411813981468966,-0.08806972244602317,0.14901070326042645,0.8299789458594815,0.107517883717298,-0.023609362542629242,0.11045420169830322,-0.12710155546665192,0.01013347040861845,-0.01398520264774561,0.008808358572423458,-0.9726037979125977
365,0.044904057777094414,0,1.0279459999935625,-0.002535890274741319,0.0847633455829954,0.8412166176989314,-0.08806972244602317,0.14901070326042645,0.8299789458594815,0.10756414217948254,-0.024116212502121925,0.1103137657046318,-0.1275324523448944,0.010191652923822403,-0.013906833715736866,0.008995353244245052,-0.9730446338653564
366,0.04487523459519208,0,0.8405699999798344,-0.0024956167472399704,0.08474707709736654,0.841252015036732,-0.08806972244602317,0.14901070326042645,0.8299789458594815,0.10760958740951994,-0.02463679574429989,0.11017719656229019,-0.1279723048210144,0.010250221006572247,-0.013830737210810184,0.009183875285089016,-0.9734898805618286
367,0.04484682296753674,0,1.394297999979699,-0.002456315028427254,0.08473093929616685,0.8412875909813342,-0.08806972244602317,0.14901070326042645,0.8299789458594815,0.10765421050495051,-0.025174226611852646,0.11004447191953659,-0.12842302024364471,0.010309197939932346,-0.013757307082414627,0.009374220855534077,-0.9739403128623962
368,0.04481882995320879,0,0.7958009999811111,-0.002417992981846988,0.08471494088053062,0.8413233508664777,-0.08806972244602317,0.14901070326042645,0.8299789458594815,0.10769800065544027,-0.02572912536561489,0.10991526395082474,-0.128884956240654,0.010368606075644493,-0.013686588034033775,0.00956688728183508,-0.9743956923484802
369,0.04479126407911185,0,0.7801389999997355,-0.002380664143006415,0.08469908930349951,0.8413592991899947,-0.08806972244602317,0.14901070326042645,0.8299789458594815,0.10774094321347816,-0.02630235254764557,0.10979004949331284,-0.12935858964920044,0.010428469628095627,-0.013618644326925278,0.009761839173734188,-0.974855899810791
370,0.04476414891390104,0,0.7961910000062744,-0.0023443686503705555,0.08468339917986313,0.8413954321221577,-0.08806972244602317,0.14901070326042645,0.8299789458594815,0.10778299723170136,-0.02689117006957531,0.10966499894857407,-0.1298445761203766,0.010488316416740417,-0.013552454300224781,0.009968009777367115,-0.9753275513648987
371,0.04473753715327618,0,0.931644999980108,-0.0023091817843061847,0.08466790976861244,0.8414317304272104,-0.08806972244602317,0.14901070326042645,0.8299789458594815,0.1078240774747229,-0.027497481554746628,0.10954862833023071,-0.13035368919372559,0.010548988357186317,-0.013488421216607094,0.010193792171776295,-0.9758090972900391
372,0.04471145348177227,0,0.9878280000066297,-0.0022751590727123714,0.08465263252115296,0.8414682115016555,-0.08806972244602317,0.14901070326042645,0.8299789458594815,0.10786413490449367,-0.028121590614318848,0.10943656414747238,-0.13087400794029236,0.010610168799757957,-0.013427325524389744,0.010420567356050014,-0.9762939214706421
373,0.04468592924412543,0,1.0816629999794714,-0.0022424648989320586,0.0846375311940821,0.8415049441054994,-0.08806972244602317,0.14901070326042645,0.8299789458594815,0.10790306786882888,-0.028763307258486748,0.10932944715023041,-0.1314055621623993,0.01067191082984209,-0.013369214721024036,0.01064813882112503,-0.9767817258834839
374,0.04466102944493893,0,1.0657400000013695,-0.0022112025608986546,0.08462264339048353,0.8415418858254384,-0.08806972244602317,0.14901070326042645,0.8299789458594815,0.10794076742054412,-0.029417436569929123,0.10922782868146896,-0.13194553554058075,0.010734176263213158,-0.013313754461705685,0.010875560343265533,-0.9772716164588928
375,0.044636785858045404,0,0.8882040000059988,-0.0021813668272702494,0.08460802090600802,0.8415790008350512,-0.08806972244602317,0.14901070326042645,0.8299789458594815,0.10797720315313655,-0.030079783871769905,0.10913264751434326,-0.13249166309833527,0.010797162540256977,-0.013260540552437305,0.011101825162768364,-0.9777626991271973
376,0.04461319091003866,0,2.0226110000010067,-0.00215294017755816,0.08459366938494542,0.8416163182337099,-0.08806972244602317,0.14901070326042645,0.8299789458594815,0.10801238893968668,-0.030749298632144928,0.10904411226511002,-0.13304361701011658,0.010860743932425976,-0.013209602795541286,0.011326611042022705,-0.9782546758651733
377,0.04459023373842528,0,0.8995139999967705,-0.0021259157345732277,0.08457957908361521,0.8416538549449779,-0.08806972244602317,0.14901070326042645,0.8299789458594815,0.10804633810036018,-0.031422536820173264,0.1089630126953125,-0.1336035281419754,0.010923873633146286,-0.013158980756998062,0.01155083253979683,-0.9787465333938599
378,0.04456790977950878,0,0.8105709999881583,-0.0021002935520140677,0.08456574274762935,0.8416916099668319,-0.08806972244602317,0.14901070326042645,0.8299789458594815,0.10807905504930028,-0.032096169888973236,0.10889055579900742,-0.1341732293367386,0.01098550483584404,-0.013107093051075935,0.011774953454732895,-0.9792377352714539
379,0.04454621630054813,0,1.6774590000068201,-0.0020760628629660806,0.08455216695838547,0.8417295976646751,-0.08806972244602317,0.14901070326042645,0.8299789458594815,0.1081105462410358,-0.03277580440044403,0.10882461071014404,-0.13474856317043304,0.011047817766666412,-0.013057096861302853,0.011997519060969353,-0.9797281622886658
380,0.04452514839586104,0,0.9031629999753932,-0.002053211317038726,0.08453885418834478,0.8417678262622386,-0.08806972244602317,0.14901070326042645,0.8299789458594815,0.10814082120423578,-0.033461373299360275,0.10876508802175522,-0.1353297382593155,0.011110791005194187,-0.013008993119001389,0.012218701653182507,-0.9802177548408508
381,0.044504699300865126,0,0.7655630000158453,-0.0020317262176524475,0.08452580288092029,0.8418062994433738,-0.08806972244602317,0.14901070326042645,0.8299789458594815,0.10816989167391441,-0.03415260091423988,0.1087120920419693,-0.13591642677783966,0.011174499057233334,-0.012962598353624344,0.01243846770375967,-0.9807060360908508
382,0.04448486072278188,0,0.7813799999780713,-0.0020115939448785303,0.0845130094074141,0.8418450207789372,-0.08806972244602317,0.14901070326042645,0.8299789458594815,0.10819777136092298,-0.034849490970373154,0.10866564512252808,-0.13650894165039062,0.01123889535665512,-0.01291806623339653,0.01265687681734562,-0.9811922311782837
383,0.0444656034838272,0,0.8198529999958737,-0.0019927712287298935,0.08450045505838187,0.8418840034788125,-0.08806972244602317,0.14901070326042645,0.8299789458594815,0.10822450762592213,-0.03553430736064911,0.10863006860017776,-0.13709324598312378,0.011301723308861256,-0.01287657767534256,0.01286175288259983,-0.9816800951957703
384,0.04444689673361403,0,0.723152999995591,-0.001975192631714178,0.08448813735328392,0.8419232807099676,-0.08806972244602317,0.14901070326042645,0.8299789458594815,0.10825015801470696,-0.036210887134075165,0.10858216136693954,-0.13766126334667206,0.011368053033947945,-0.012844943441450596,0.013061190024018288,-0.9821629524230957
385,0.044428714598057764,0,0.8889979999935349,-0.0019588250954813095,0.0844760364175074,0.8419628641392699,-0.08806972244602317,0.14901070326042645,0.8299789458594815,0.10827476236122044,-0.03688527271151543,0.10853040218353271,-0.13821744918823242,0.011436107568442822,-0.012816252186894417,0.013258391991257668,-0.9826356768608093
386,0.04441104373892212,0,0.9996839999928397,-0.0019436599844896395,0.08446413287365394,0.8420027414791545,-0.08806972244602317,0.14901070326042645,0.8299789458594815,0.1082983381448036,-0.03756529465317726,0.10848356783390045,-0.13877864181995392,0.011505073867738247,-0.012789166532456875,0.013454876840114594,-0.9831043481826782
387,0.044393874958510104,0,0.920917000001964,-0.0019296906692343081,0.08445241584977635,0.8420429113232758,-0.08806972244602317,0.14901070326042645,0.8299789458594815,0.10832089738648734,-0.03825061768293381,0.10844165831804276,-0.13934533298015594,0.011574972420930862,-0.012763485312461853,0.013650667853653431,-0.9835687279701233
388,0.04437719230618578,0,1.273377999979175,-0.0019168926126885717,0.08444088175379287,0.8420834039016802,-0.08806972244602317,0.14901070326042645,0.8299789458594815,0.10834246555338022,-0.03892767056822777,0.10841621458530426,-0.1398935317993164,0.011643284000456333,-0.012742503546178341,0.013840681873261929,-0.9840269088745117
389,0.044360970966408675,0,0.971162000013237,-0.0019052141400874509,0.08442953279935017,0.8421242645420477,-0.08806972244602317,0.14901070326042645,0.8299789458594815,0.10836308797569101,-0.03958023712038994,0.10842079669237137,-0.14039386808872223,0.011707277968525887,-0.012730580754578114,0.014019673690199852,-0.9844767451286316
390,0.04434520831754316,0,0.8533269999873028,-0.0018944909896158567,0.08441843706603716,0.8421653385695381,-0.08806972244602317,0.14901070326042645,0.8299789458594815,0.10838283782950112,-0.04023733362555504,0.10843060165643692,-0.14089816808700562,0.011772103607654572,-0.0127200772985816,0.01419772207736969,-0.9849218726158142
391,0.04432982134841519,0,1.2235499999917465,-0.0018844599044824713,0.08440761175396214,0.8422065833949833,-0.08806972244602317,0.14901070326042645,0.8299789458594815,0.1084019097213998,-0.04089726135134697,0.10844535380601883,-0.1414061337709427,0.011837631464004517,-0.012710795737802982,0.014374901540577412,-0.9853610396385193
392,0.0443146801965231,0,0.9387589999789725,-0.0018750265088330244,0.0843969283558226,0.8422481589722995,-0.08806972244602317,0.14901070326042645,0.8299789458594815,0.1084204736455953,-0.04155813530087471,0.10846392810344696,-0.14191719889640808,0.01190392766147852,-0.012702042236924171,0.014550902880728245,-0.9857931733131409
393,0.04429973564630375,0,0.937900999986141,-0.0018663133531414359,0.08438624258466357,0.8422901575245092,-0.08806972244602317,0.14901070326042645,0.8299789458594815,0.10843852908228266,-0.04221640154719353,0.10848353058099747,-0.1424351930618286,0.011967270635068417,-0.012691378593444824,0.014726952649652958,-0.9862174987792969
394,0.04428503820281842,0,0.8665999999948326,-0.0018585211037241232,0.0843755051977001,0.8423325450360539,-0.08806972244602317,0.14901070326042645,0.8299789458594815,0.10845594256704286,-0.04286715388298035,0.10850303620100021,-0.14296206831932068,0.012024911120533943,-0.01267681922763586,0.014903656207025051,-0.9866333603858948
395,0.04427068531941704,0,0.819716999984621,-0.0018518252078814686,0.08436476481161223,0.8423752798647046,-0.08806972244602317,0.14901070326042645,0.8299789458594815,0.10847254149720882,-0.043513696640729904,0.10852721333503723,-0.1434878557920456,0.012083131819963455,-0.012662393040955067,0.015078366734087467,-0.9870409369468689
396,0.044256742873221934,0,0.9157020000145621,-0.0018462422121874687,0.08435410890043321,0.8424182801642558,-0.08806972244602317,0.14901070326042645,0.8299789458594815,0.10848825178706355,-0.04415480047464371,0.10855717957019806,-0.1440119445323944,0.012141929939389229,-0.012648172676563263,0.015250595286488533,-0.9874405264854431
397,0.04424322416071663,0,0.9410689999924671,-0.0018417459287934802,0.0843435778282634,0.8424615384921277,-0.08806972244602317,0.14901070326042645,0.8299789458594815,0.10850306984020137,-0.044790565967559814,0.10859294980764389,-0.1445346176624298,0.012201306410133839,-0.01263427548110485,0.01542032789438963,-0.9878321886062622
398,0.04423012416269905,0,0.7827700000007098,-0.0018383092230230859,0.0843331842061491,0.8425050640011522,-0.08806972244602317,0.14901070326042645,0.8299789458594815,0.10851701126160494,-0.04542141035199165,0.10863420367240906,-0.14505641162395477,0.012261309660971165,-0.012620773166418076,0.01558750495314598,-0.9882161021232605
399,0.04421743315330945,0,1.1484219999999823,-0.0018359081707017902,0.08432292916689564,0.8425488614219931,-0.08806972244602317,0.14901070326042645,0.8299789458594815,0.10853009545234432,-0.04604744911193848,0.10868090391159058,-0.14557728171348572,0.012321896851062775,-0.012607580982148647,0.015752341598272324,-0.9885920882225037
400,0.044205139707805374,0,0.7928820000131509,-0.0018345206643798143,0.0843128090528781,0.8425929330010679,-0.08806972244602317,0.14901070326042645,0.8299789458594815,0.10854234294882328,-0.046668920665979385,0.10873289406299591,-0.14609746634960175,0.012383117340505123,-0.01259483490139246,0.01591469906270504,-0.9889602661132812
